sim_time,node,is_attacker,f1_pkt_rate,f2_mean_rate,f3_burst_ratio,f4_rate_change,f5_rate_trend,f6_flow_duration,f7_activity_ratio,f8_cell_zscore,f9_consecutive,f10_peak_rate
1.0,ue[0],0,0.011,0.009,0.061111,0.004,0.5,0.0,1.0,0.230713,0.066667,0.011
1.0,ue[1],0,0.01,0.007,0.071429,0.006,0.5,0.0,1.0,0.159724,0.066667,0.01
1.0,ue[2],0,0.005,0.004,0.0625,0.002,0.5,0.0,1.0,0.0,0.066667,0.005
1.0,ue[3],0,0.009,0.0075,0.06,0.003,0.5,0.0,1.0,0.088736,0.066667,0.009
1.0,ue[4],0,0.007,0.0095,0.036842,0.005,0.5,0.0,1.0,0.0,0.066667,0.012
1.0,attacker[0],1,0.01,0.005,0.1,0.01,0.5,0.0,0.5,0.159724,0.033333,0.01
1.0,attacker[1],1,0.008,0.004,0.1,0.008,0.5,0.0,0.5,0.017747,0.033333,0.008
1.0,attacker[2],1,0.002,0.001,0.1,0.002,0.5,0.0,0.5,0.0,0.033333,0.002
2.0,ue[0],0,0.007,0.008333,0.042,0.004,0.5,0.003333,1.0,0.0,0.1,0.011
2.0,ue[1],0,0.01,0.008,0.0625,0.0,0.5,0.003333,1.0,0.0,0.1,0.01
2.0,ue[2],0,0.013,0.007,0.092857,0.008,0.5,0.003333,1.0,0.0,0.1,0.013
2.0,ue[3],0,0.013,0.009333,0.069643,0.004,0.5,0.003333,1.0,0.0,0.1,0.013
2.0,ue[4],0,0.01,0.009667,0.051724,0.003,0.5,0.003333,1.0,0.0,0.1,0.012
2.0,attacker[0],1,0.018,0.009333,0.096429,0.008,0.5,0.003333,0.666667,0.13808,0.066667,0.018
2.0,attacker[1],1,0.029,0.012333,0.117568,0.021,0.5,0.003333,0.666667,0.449645,0.066667,0.029
2.0,attacker[2],1,0.005,0.002333,0.107143,0.003,0.5,0.003333,0.666667,0.0,0.066667,0.005
3.0,ue[0],0,0.01,0.00875,0.057143,0.003,0.5,0.006667,1.0,0.0,0.133333,0.011
3.0,ue[1],0,0.008,0.008,0.05,0.002,0.5,0.006667,1.0,0.0,0.133333,0.01
3.0,ue[2],0,0.008,0.00725,0.055172,0.005,0.5,0.006667,1.0,0.0,0.133333,0.013
3.0,ue[3],0,0.005,0.00825,0.030303,0.008,0.5,0.006667,1.0,0.0,0.133333,0.013
3.0,ue[4],0,0.019,0.012,0.079167,0.009,0.5,0.006667,1.0,0.255411,0.133333,0.019
3.0,attacker[0],1,0.015,0.01075,0.069767,0.003,0.5,0.006667,0.75,0.104056,0.1,0.018
3.0,attacker[1],1,0.012,0.01225,0.04898,0.017,0.5,0.006667,0.75,0.0,0.1,0.029
3.0,attacker[2],1,0.021,0.007,0.15,0.016,0.5,0.006667,0.75,0.331089,0.1,0.021
4.0,ue[0],0,0.008,0.0086,0.046512,0.002,0.500333,0.01,1.0,0.0,0.166667,0.011
4.0,ue[1],0,0.008,0.008,0.05,0.0,0.5,0.01,1.0,0.0,0.166667,0.01
4.0,ue[2],0,0.015,0.0088,0.085227,0.007,0.50225,0.01,1.0,0.026968,0.166667,0.015
4.0,ue[3],0,0.014,0.0094,0.074468,0.009,0.500083,0.01,1.0,0.0,0.166667,0.014
4.0,ue[4],0,0.014,0.0124,0.056452,0.005,0.503417,0.01,1.0,0.0,0.166667,0.019
4.0,attacker[0],1,0.02,0.0126,0.079365,0.005,0.504083,0.01,0.8,0.242712,0.133333,0.02
4.0,attacker[1],1,0.022,0.0142,0.077465,0.01,0.502333,0.01,0.8,0.329009,0.133333,0.029
4.0,attacker[2],1,0.014,0.0084,0.083333,0.007,0.507583,0.01,0.8,0.0,0.133333,0.021
5.0,ue[0],0,0.006,0.008167,0.036735,0.002,0.498833,0.013333,1.0,0.0,0.2,0.011
5.0,ue[1],0,0.017,0.0095,0.089474,0.009,0.501583,0.013333,1.0,0.248069,0.2,0.017
5.0,ue[2],0,0.01,0.009,0.055556,0.005,0.501917,0.013333,1.0,0.0,0.2,0.015
5.0,ue[3],0,0.01,0.0095,0.052632,0.004,0.5015,0.013333,1.0,0.0,0.2,0.014
5.0,ue[4],0,0.01,0.012,0.041667,0.004,0.5,0.013333,1.0,0.0,0.2,0.019
5.0,attacker[0],1,0.014,0.012833,0.054545,0.006,0.501333,0.013333,0.833333,0.099228,0.166667,0.02
5.0,attacker[1],1,0.019,0.015,0.063333,0.003,0.502083,0.013333,0.833333,0.347297,0.166667,0.029
5.0,attacker[2],1,0.01,0.008667,0.057692,0.004,0.501333,0.013333,0.833333,0.0,0.166667,0.021
6.0,ue[0],0,0.006,0.007857,0.038182,0.0,0.498833,0.016667,1.0,0.0,0.233333,0.011
6.0,ue[1],0,0.009,0.009429,0.047727,0.008,0.502167,0.016667,1.0,0.0,0.233333,0.017
6.0,ue[2],0,0.006,0.008571,0.035,0.004,0.498,0.016667,1.0,0.0,0.233333,0.015
6.0,ue[3],0,0.01,0.009571,0.052239,0.0,0.499667,0.016667,1.0,0.0,0.233333,0.014
6.0,ue[4],0,0.011,0.011857,0.046386,0.001,0.498083,0.016667,1.0,0.0,0.233333,0.019
6.0,attacker[0],1,0.02,0.013857,0.072165,0.006,0.499667,0.016667,0.857143,0.269408,0.2,0.02
6.0,attacker[1],1,0.02,0.015714,0.063636,0.001,0.49925,0.016667,0.857143,0.269408,0.2,0.029
6.0,attacker[2],1,0.018,0.01,0.09,0.008,0.500333,0.016667,0.857143,0.197566,0.2,0.021
7.0,ue[0],0,0.016,0.008875,0.090141,0.01,0.5015,0.02,1.0,0.16868,0.266667,0.016
7.0,ue[1],0,0.013,0.009875,0.065823,0.004,0.5,0.02,1.0,0.038089,0.266667,0.017
7.0,ue[2],0,0.009,0.008625,0.052174,0.003,0.49825,0.02,1.0,0.0,0.266667,0.015
7.0,ue[3],0,0.007,0.00925,0.037838,0.003,0.499417,0.02,1.0,0.0,0.266667,0.014
7.0,ue[4],0,0.013,0.012,0.054167,0.002,0.498833,0.02,1.0,0.038089,0.266667,0.019
7.0,attacker[0],1,0.005,0.01275,0.019608,0.015,0.498083,0.02,0.875,0.0,0.233333,0.02
7.0,attacker[1],1,0.02,0.01625,0.061538,0.0,0.501167,0.02,0.875,0.342802,0.233333,0.029
7.0,attacker[2],1,0.014,0.0105,0.066667,0.004,0.5005,0.02,0.875,0.081619,0.233333,0.021
8.0,ue[0],0,0.017,0.009778,0.086932,0.001,0.504917,0.023333,1.0,0.080403,0.3,0.017
8.0,ue[1],0,0.015,0.010444,0.071809,0.002,0.501333,0.023333,1.0,0.0,0.3,0.017
8.0,ue[2],0,0.011,0.008889,0.061875,0.002,0.499833,0.023333,1.0,0.0,0.3,0.015
8.0,ue[3],0,0.011,0.009444,0.058235,0.004,0.498833,0.023333,1.0,0.0,0.3,0.014
8.0,ue[4],0,0.006,0.011333,0.026471,0.007,0.498917,0.023333,1.0,0.0,0.3,0.019
8.0,attacker[0],1,0.019,0.013444,0.070661,0.014,0.497,0.023333,0.888889,0.160806,0.266667,0.02
8.0,attacker[1],1,0.022,0.016889,0.065132,0.002,0.500333,0.023333,0.888889,0.281411,0.266667,0.029
8.0,attacker[2],1,0.019,0.011444,0.08301,0.005,0.50125,0.023333,0.888889,0.160806,0.266667,0.021
9.0,ue[0],0,0.01,0.0098,0.05102,0.007,0.502083,0.026667,1.0,0.0,0.333333,0.017
9.0,ue[1],0,0.01,0.0104,0.048077,0.005,0.49975,0.026667,1.0,0.0,0.333333,0.017
9.0,ue[2],0,0.012,0.0092,0.065217,0.001,0.501583,0.026667,1.0,0.0,0.333333,0.015
9.0,ue[3],0,0.013,0.0098,0.066327,0.002,0.5015,0.026667,1.0,0.0,0.333333,0.014
9.0,ue[4],0,0.014,0.0116,0.060345,0.008,0.499333,0.026667,1.0,0.0,0.333333,0.019
9.0,attacker[0],1,0.023,0.0144,0.079861,0.004,0.504,0.026667,0.9,0.428393,0.3,0.023
9.0,attacker[1],1,0.014,0.0166,0.042169,0.008,0.499167,0.026667,0.9,0.0,0.3,0.029
9.0,attacker[2],1,0.018,0.0121,0.07438,0.001,0.50225,0.026667,0.9,0.183597,0.3,0.021
10.0,ue[0],0,0.018,0.0109,0.082569,0.008,0.5005,0.03,1.0,0.168655,0.366667,0.018
10.0,ue[1],0,0.011,0.0111,0.04955,0.001,0.499083,0.03,1.0,0.0,0.366667,0.017
10.0,ue[2],0,0.009,0.0098,0.045918,0.003,0.500917,0.03,1.0,0.0,0.366667,0.015
10.0,ue[3],0,0.01,0.0102,0.04902,0.003,0.501083,0.03,1.0,0.0,0.366667,0.014
10.0,ue[4],0,0.009,0.0113,0.039823,0.005,0.50075,0.03,1.0,0.0,0.366667,0.019
10.0,attacker[0],1,0.023,0.0167,0.068862,0.0,0.504167,0.03,0.909091,0.379473,0.333333,0.023
10.0,attacker[1],1,0.016,0.0182,0.043956,0.002,0.497167,0.03,0.909091,0.084327,0.333333,0.029
10.0,attacker[2],1,0.016,0.0137,0.058394,0.002,0.5,0.03,0.909091,0.084327,0.333333,0.021
11.0,ue[0],0,0.01,0.0108,0.046296,0.008,0.499833,0.033333,1.0,0.0,0.4,0.018
11.0,ue[1],0,0.008,0.0109,0.036697,0.003,0.498417,0.033333,1.0,0.0,0.4,0.017
11.0,ue[2],0,0.012,0.0105,0.057143,0.003,0.499917,0.033333,1.0,0.0,0.4,0.015
11.0,ue[3],0,0.013,0.0106,0.061321,0.003,0.500583,0.033333,1.0,0.01149,0.4,0.014
11.0,ue[4],0,0.007,0.0113,0.030973,0.002,0.4985,0.033333,1.0,0.0,0.4,0.019
11.0,attacker[0],1,0.021,0.0178,0.058989,0.002,0.503167,0.033333,0.916667,0.37916,0.366667,0.023
11.0,attacker[1],1,0.014,0.0188,0.037234,0.002,0.498167,0.033333,0.916667,0.057448,0.366667,0.029
11.0,attacker[2],1,0.017,0.0152,0.055921,0.001,0.49975,0.033333,0.916667,0.195325,0.366667,0.021
12.0,ue[0],0,0.011,0.0112,0.049107,0.001,0.49775,0.036667,1.0,0.0,0.433333,0.018
12.0,ue[1],0,0.012,0.0111,0.054054,0.004,0.499,0.036667,1.0,0.0,0.433333,0.017
12.0,ue[2],0,0.015,0.0107,0.070093,0.003,0.501417,0.036667,1.0,0.021567,0.433333,0.015
12.0,ue[3],0,0.011,0.0104,0.052885,0.002,0.500333,0.036667,1.0,0.0,0.433333,0.014
12.0,ue[4],0,0.009,0.0112,0.040179,0.002,0.499167,0.036667,1.0,0.0,0.433333,0.019
12.0,attacker[0],1,0.019,0.0179,0.053073,0.002,0.499167,0.036667,0.923077,0.194099,0.4,0.023
12.0,attacker[1],1,0.024,0.0183,0.065574,0.01,0.500833,0.036667,0.923077,0.409764,0.4,0.029
12.0,attacker[2],1,0.015,0.0162,0.046296,0.002,0.499167,0.036667,0.923077,0.021567,0.4,0.021
13.0,ue[0],0,0.011,0.0113,0.048673,0.0,0.499167,0.04,1.0,0.0,0.466667,0.018
13.0,ue[1],0,0.007,0.011,0.031818,0.005,0.499917,0.04,1.0,0.0,0.466667,0.017
13.0,ue[2],0,0.01,0.0109,0.045872,0.005,0.50075,0.04,1.0,0.0,0.466667,0.015
13.0,ue[3],0,0.005,0.0104,0.024038,0.006,0.498,0.04,1.0,0.0,0.466667,0.014
13.0,ue[4],0,0.014,0.0107,0.065421,0.005,0.50075,0.04,1.0,0.103407,0.466667,0.019
13.0,attacker[0],1,0.02,0.0184,0.054348,0.001,0.498583,0.04,0.928571,0.37916,0.433333,0.023
13.0,attacker[1],1,0.014,0.0185,0.037838,0.01,0.502167,0.04,0.928571,0.103407,0.433333,0.029
13.0,attacker[2],1,0.013,0.0154,0.042208,0.002,0.4985,0.04,0.928571,0.057448,0.433333,0.021
14.0,ue[0],0,0.004,0.0109,0.018349,0.007,0.49725,0.043333,1.0,0.0,0.5,0.018
14.0,ue[1],0,0.011,0.0113,0.048673,0.004,0.499333,0.043333,1.0,0.031492,0.5,0.017
14.0,ue[2],0,0.005,0.0099,0.025253,0.005,0.49775,0.043333,1.0,0.0,0.5,0.015
14.0,ue[3],0,0.009,0.0099,0.045455,0.004,0.497833,0.043333,1.0,0.0,0.5,0.014
14.0,ue[4],0,0.007,0.01,0.035,0.007,0.501083,0.043333,1.0,0.0,0.5,0.019
14.0,attacker[0],1,0.015,0.0179,0.041899,0.005,0.49825,0.043333,0.933333,0.199448,0.466667,0.023
14.0,attacker[1],1,0.019,0.0182,0.052198,0.005,0.49925,0.043333,0.933333,0.367405,0.466667,0.029
14.0,attacker[2],1,0.012,0.0152,0.039474,0.001,0.49825,0.043333,0.933333,0.073481,0.466667,0.021
15.0,ue[0],0,0.007,0.011,0.031818,0.003,0.497417,0.046667,1.0,0.0,0.533333,0.018
15.0,ue[1],0,0.013,0.0109,0.059633,0.002,0.5015,0.046667,1.0,0.0,0.533333,0.017
15.0,ue[2],0,0.017,0.0106,0.080189,0.012,0.499333,0.046667,1.0,0.212132,0.533333,0.017
15.0,ue[3],0,0.015,0.0104,0.072115,0.006,0.501167,0.046667,1.0,0.070711,0.533333,0.015
15.0,ue[4],0,0.015,0.0105,0.071429,0.008,0.5005,0.046667,1.0,0.070711,0.533333,0.019
15.0,attacker[0],1,0.015,0.018,0.041667,0.0,0.4975,0.046667,0.9375,0.070711,0.5,0.023
15.0,attacker[1],1,0.015,0.0178,0.042135,0.004,0.499833,0.046667,0.9375,0.070711,0.5,0.029
15.0,attacker[2],1,0.015,0.0157,0.047771,0.003,0.49925,0.046667,0.9375,0.070711,0.5,0.021
16.0,ue[0],0,0.007,0.0111,0.031532,0.0,0.499167,0.05,1.0,0.0,0.566667,0.018
16.0,ue[1],0,0.013,0.0113,0.057522,0.0,0.5015,0.05,1.0,0.0,0.566667,0.017
16.0,ue[2],0,0.012,0.0112,0.053571,0.005,0.50225,0.05,1.0,0.0,0.566667,0.017
16.0,ue[3],0,0.004,0.0098,0.020408,0.011,0.500583,0.05,1.0,0.0,0.566667,0.015
16.0,ue[4],0,0.011,0.0105,0.052381,0.004,0.5015,0.05,1.0,0.0,0.566667,0.019
16.0,attacker[0],1,0.021,0.0181,0.058011,0.006,0.5,0.05,0.941176,0.294584,0.533333,0.023
16.0,attacker[1],1,0.018,0.0176,0.051136,0.003,0.49875,0.05,0.941176,0.184115,0.533333,0.029
16.0,attacker[2],1,0.018,0.0157,0.057325,0.003,0.501583,0.05,0.941176,0.184115,0.533333,0.021
17.0,ue[0],0,0.014,0.0109,0.06422,0.007,0.501583,0.053333,1.0,0.065859,0.6,0.018
17.0,ue[1],0,0.01,0.011,0.045455,0.003,0.500583,0.053333,1.0,0.0,0.6,0.017
17.0,ue[2],0,0.018,0.0121,0.07438,0.006,0.502167,0.053333,1.0,0.417104,0.6,0.018
17.0,ue[3],0,0.012,0.0103,0.058252,0.008,0.499167,0.053333,1.0,0.0,0.6,0.015
17.0,ue[4],0,0.012,0.0104,0.057692,0.001,0.49975,0.053333,1.0,0.0,0.6,0.019
17.0,attacker[0],1,0.013,0.0189,0.034392,0.008,0.500167,0.053333,0.944444,0.0,0.566667,0.023
17.0,attacker[1],1,0.012,0.0168,0.035714,0.006,0.4995,0.053333,0.944444,0.0,0.566667,0.029
17.0,attacker[2],1,0.015,0.0158,0.047468,0.003,0.501583,0.053333,0.944444,0.15367,0.566667,0.021
18.0,ue[0],0,0.013,0.0105,0.061905,0.001,0.50375,0.056667,1.0,0.084385,0.633333,0.018
18.0,ue[1],0,0.007,0.0102,0.034314,0.003,0.498083,0.056667,1.0,0.0,0.633333,0.017
18.0,ue[2],0,0.012,0.0122,0.04918,0.006,0.501833,0.056667,1.0,0.009376,0.633333,0.018
18.0,ue[3],0,0.01,0.0102,0.04902,0.002,0.500833,0.056667,1.0,0.0,0.633333,0.015
18.0,ue[4],0,0.012,0.011,0.054545,0.0,0.5005,0.056667,1.0,0.009376,0.633333,0.019
18.0,attacker[0],1,0.017,0.0187,0.045455,0.004,0.499,0.056667,0.947368,0.384422,0.6,0.023
18.0,attacker[1],1,0.011,0.0157,0.035032,0.001,0.497083,0.056667,0.947368,0.0,0.6,0.029
18.0,attacker[2],1,0.013,0.0152,0.042763,0.002,0.4995,0.056667,0.947368,0.084385,0.6,0.021
19.0,ue[0],0,0.01,0.0105,0.047619,0.003,0.501083,0.06,1.0,0.0,0.666667,0.018
19.0,ue[1],0,0.015,0.0107,0.070093,0.008,0.4995,0.06,1.0,0.136067,0.666667,0.017
19.0,ue[2],0,0.015,0.0125,0.06,0.003,0.498917,0.06,1.0,0.136067,0.666667,0.018
19.0,ue[3],0,0.01,0.0099,0.050505,0.0,0.499833,0.06,1.0,0.0,0.666667,0.015
19.0,ue[4],0,0.007,0.0103,0.033981,0.005,0.498417,0.06,1.0,0.0,0.666667,0.019
19.0,attacker[0],1,0.018,0.0182,0.049451,0.001,0.500583,0.06,0.95,0.31749,0.633333,0.023
19.0,attacker[1],1,0.013,0.0156,0.041667,0.002,0.4985,0.06,0.95,0.015119,0.633333,0.029
19.0,attacker[2],1,0.014,0.0148,0.047297,0.001,0.49875,0.06,0.95,0.075593,0.633333,0.021
20.0,ue[0],0,0.004,0.0091,0.021978,0.006,0.497833,0.063333,1.0,0.0,0.7,0.018
20.0,ue[1],0,0.013,0.0109,0.059633,0.002,0.502,0.063333,1.0,0.050489,0.7,0.017
20.0,ue[2],0,0.01,0.0126,0.039683,0.005,0.49925,0.063333,1.0,0.0,0.7,0.018
20.0,ue[3],0,0.01,0.0099,0.050505,0.0,0.500667,0.063333,1.0,0.0,0.7,0.015
20.0,ue[4],0,0.012,0.0106,0.056604,0.005,0.498917,0.063333,1.0,0.00561,0.7,0.019
20.0,attacker[0],1,0.014,0.0173,0.040462,0.004,0.4995,0.063333,0.952381,0.095369,0.666667,0.023
20.0,attacker[1],1,0.021,0.0161,0.065217,0.008,0.501667,0.063333,0.952381,0.409525,0.666667,0.029
20.0,attacker[2],1,0.011,0.0143,0.038462,0.003,0.498583,0.063333,0.952381,0.0,0.666667,0.021
21.0,ue[0],0,0.007,0.0088,0.039773,0.003,0.496583,0.066667,1.0,0.0,0.733333,0.018
21.0,ue[1],0,0.007,0.0108,0.032407,0.006,0.499667,0.066667,1.0,0.0,0.733333,0.017
21.0,ue[2],0,0.012,0.0126,0.047619,0.002,0.498,0.066667,1.0,0.037573,0.733333,0.018
21.0,ue[3],0,0.008,0.0094,0.042553,0.002,0.499167,0.066667,1.0,0.0,0.733333,0.015
21.0,ue[4],0,0.01,0.0109,0.045872,0.002,0.500333,0.066667,1.0,0.0,0.733333,0.019
21.0,attacker[0],1,0.011,0.0163,0.033742,0.003,0.49825,0.066667,0.954545,0.0,0.7,0.023
21.0,attacker[1],1,0.018,0.0165,0.054545,0.003,0.50375,0.066667,0.954545,0.338161,0.7,0.029
21.0,attacker[2],1,0.017,0.0143,0.059441,0.006,0.5,0.066667,0.954545,0.288063,0.7,0.021
22.0,ue[0],0,0.01,0.0087,0.057471,0.003,0.49975,0.07,1.0,0.0,0.766667,0.018
22.0,ue[1],0,0.008,0.0104,0.038462,0.001,0.497917,0.07,1.0,0.0,0.766667,0.017
22.0,ue[2],0,0.006,0.0117,0.025641,0.006,0.498333,0.07,1.0,0.0,0.766667,0.018
22.0,ue[3],0,0.011,0.0094,0.058511,0.003,0.49975,0.07,1.0,0.0,0.766667,0.015
22.0,ue[4],0,0.017,0.0117,0.07265,0.007,0.501583,0.07,1.0,0.122319,0.766667,0.019
22.0,attacker[0],1,0.017,0.0161,0.052795,0.006,0.498833,0.07,0.956522,0.122319,0.733333,0.023
22.0,attacker[1],1,0.025,0.0166,0.075301,0.007,0.50325,0.07,0.956522,0.401904,0.733333,0.029
22.0,attacker[2],1,0.014,0.0142,0.049296,0.003,0.501417,0.07,0.956522,0.017474,0.733333,0.021
23.0,ue[0],0,0.018,0.0094,0.095745,0.008,0.5035,0.073333,1.0,0.256703,0.8,0.018
23.0,ue[1],0,0.008,0.0105,0.038095,0.0,0.498167,0.073333,1.0,0.0,0.8,0.017
23.0,ue[2],0,0.016,0.0123,0.065041,0.01,0.499333,0.073333,1.0,0.145696,0.8,0.018
23.0,ue[3],0,0.008,0.0097,0.041237,0.003,0.500083,0.073333,1.0,0.0,0.8,0.015
23.0,ue[4],0,0.012,0.0115,0.052174,0.005,0.502417,0.073333,1.0,0.0,0.8,0.019
23.0,attacker[0],1,0.013,0.0154,0.042208,0.004,0.500333,0.073333,0.958333,0.0,0.766667,0.023
23.0,attacker[1],1,0.017,0.0169,0.050296,0.008,0.501833,0.073333,0.958333,0.2012,0.766667,0.029
23.0,attacker[2],1,0.015,0.0144,0.052083,0.001,0.50025,0.073333,0.958333,0.090193,0.766667,0.021
24.0,ue[0],0,0.007,0.0097,0.036082,0.011,0.50275,0.076667,1.0,0.0,0.833333,0.018
24.0,ue[1],0,0.013,0.0107,0.060748,0.005,0.500583,0.076667,1.0,0.0,0.833333,0.017
24.0,ue[2],0,0.01,0.0128,0.039062,0.006,0.501833,0.076667,1.0,0.0,0.833333,0.018
24.0,ue[3],0,0.012,0.01,0.06,0.004,0.500167,0.076667,1.0,0.0,0.833333,0.015
24.0,ue[4],0,0.006,0.0114,0.026316,0.006,0.498,0.076667,1.0,0.0,0.833333,0.019
24.0,attacker[0],1,0.017,0.0156,0.054487,0.004,0.5005,0.076667,0.96,0.152554,0.8,0.023
24.0,attacker[1],1,0.023,0.0173,0.066474,0.006,0.499333,0.076667,0.96,0.381385,0.8,0.029
24.0,attacker[2],1,0.016,0.0148,0.054054,0.001,0.50075,0.076667,0.96,0.114415,0.8,0.021
25.0,ue[0],0,0.008,0.0098,0.040816,0.001,0.497917,0.08,1.0,0.0,0.866667,0.018
25.0,ue[1],0,0.011,0.0105,0.052381,0.002,0.502167,0.08,1.0,0.0,0.866667,0.017
25.0,ue[2],0,0.009,0.012,0.0375,0.001,0.499083,0.08,1.0,0.0,0.866667,0.018
25.0,ue[3],0,0.014,0.0099,0.070707,0.002,0.502,0.08,1.0,0.0,0.866667,0.015
25.0,ue[4],0,0.011,0.011,0.05,0.005,0.49775,0.08,1.0,0.0,0.866667,0.019
25.0,attacker[0],1,0.021,0.0162,0.064815,0.004,0.502667,0.08,0.961538,0.210522,0.833333,0.023
25.0,attacker[1],1,0.021,0.0179,0.058659,0.002,0.501,0.08,0.961538,0.210522,0.833333,0.029
25.0,attacker[2],1,0.024,0.0157,0.076433,0.008,0.502333,0.08,0.961538,0.313634,0.833333,0.024
26.0,ue[0],0,0.007,0.0098,0.035714,0.001,0.497917,0.083333,1.0,0.0,0.9,0.018
26.0,ue[1],0,0.014,0.0106,0.066038,0.003,0.501417,0.083333,1.0,0.010556,0.9,0.017
26.0,ue[2],0,0.011,0.0119,0.046218,0.002,0.499667,0.083333,1.0,0.0,0.9,0.018
26.0,ue[3],0,0.009,0.0104,0.043269,0.005,0.500583,0.083333,1.0,0.0,0.9,0.015
26.0,ue[4],0,0.012,0.0111,0.054054,0.001,0.499917,0.083333,1.0,0.0,0.9,0.019
26.0,attacker[0],1,0.019,0.016,0.059375,0.002,0.502167,0.083333,0.962963,0.221667,0.866667,0.023
26.0,attacker[1],1,0.022,0.0183,0.060109,0.001,0.499917,0.083333,0.962963,0.348335,0.866667,0.029
26.0,attacker[2],1,0.016,0.0155,0.051613,0.008,0.5025,0.083333,0.962963,0.095,0.866667,0.024
27.0,ue[0],0,0.01,0.0094,0.053191,0.003,0.49875,0.086667,1.0,0.0,0.933333,0.018
27.0,ue[1],0,0.012,0.0108,0.055556,0.002,0.501167,0.086667,1.0,0.0,0.933333,0.017
27.0,ue[2],0,0.01,0.0111,0.045045,0.001,0.499417,0.086667,1.0,0.0,0.933333,0.018
27.0,ue[3],0,0.01,0.0102,0.04902,0.001,0.499083,0.086667,1.0,0.0,0.933333,0.015
27.0,ue[4],0,0.013,0.0112,0.058036,0.001,0.501417,0.086667,1.0,0.0,0.933333,0.019
27.0,attacker[0],1,0.027,0.0174,0.077586,0.008,0.503,0.086667,0.964286,0.471234,0.9,0.027
27.0,attacker[1],1,0.013,0.0184,0.035326,0.009,0.498583,0.086667,0.964286,0.0,0.9,0.029
27.0,attacker[2],1,0.018,0.0158,0.056962,0.002,0.499333,0.086667,0.964286,0.141828,0.9,0.024
28.0,ue[0],0,0.01,0.0091,0.054945,0.0,0.501333,0.09,1.0,0.0,0.966667,0.018
28.0,ue[1],0,0.01,0.0111,0.045045,0.002,0.499167,0.09,1.0,0.0,0.966667,0.017
28.0,ue[2],0,0.007,0.0106,0.033019,0.003,0.49925,0.09,1.0,0.0,0.966667,0.018
28.0,ue[3],0,0.012,0.0104,0.057692,0.002,0.499667,0.09,1.0,0.0,0.966667,0.015
28.0,ue[4],0,0.012,0.0112,0.053571,0.001,0.501417,0.09,1.0,0.0,0.966667,0.019
28.0,attacker[0],1,0.023,0.018,0.063889,0.004,0.503,0.09,0.965517,0.478352,0.933333,0.027
28.0,attacker[1],1,0.011,0.0184,0.029891,0.002,0.495,0.09,0.965517,0.0,0.933333,0.029
28.0,attacker[2],1,0.014,0.0159,0.044025,0.004,0.498667,0.09,0.965517,0.07316,0.933333,0.024
29.0,ue[0],0,0.007,0.0088,0.039773,0.003,0.500083,0.093333,1.0,0.0,1.0,0.018
29.0,ue[1],0,0.01,0.0106,0.04717,0.0,0.498833,0.093333,1.0,0.0,1.0,0.017
29.0,ue[2],0,0.014,0.0105,0.066667,0.007,0.50025,0.093333,1.0,0.004204,1.0,0.018
29.0,ue[3],0,0.015,0.0109,0.068807,0.003,0.50125,0.093333,1.0,0.037838,1.0,0.015
29.0,ue[4],0,0.012,0.0117,0.051282,0.0,0.5,0.093333,1.0,0.0,1.0,0.019
29.0,attacker[0],1,0.007,0.0169,0.02071,0.016,0.496333,0.093333,0.966667,0.0,0.966667,0.027
29.0,attacker[1],1,0.022,0.0193,0.056995,0.011,0.498917,0.093333,0.966667,0.273276,0.966667,0.029
29.0,attacker[2],1,0.024,0.0169,0.071006,0.01,0.499833,0.093333,0.966667,0.340544,0.966667,0.024
30.0,ue[0],0,0.011,0.0095,0.057895,0.004,0.5,0.096667,1.0,0.0,1.0,0.018
30.0,ue[1],0,0.005,0.0098,0.02551,0.005,0.49775,0.096667,1.0,0.0,1.0,0.017
30.0,ue[2],0,0.017,0.0112,0.075893,0.003,0.503083,0.096667,1.0,0.307134,1.0,0.018
30.0,ue[3],0,0.009,0.0108,0.041667,0.006,0.500833,0.096667,1.0,0.0,1.0,0.015
30.0,ue[4],0,0.012,0.0117,0.051282,0.0,0.499833,0.096667,1.0,0.014625,1.0,0.019
30.0,attacker[0],1,0.012,0.0167,0.035928,0.005,0.49325,0.096667,1.0,0.014625,1.0,0.027
30.0,attacker[1],1,0.013,0.0185,0.035135,0.009,0.501083,0.096667,1.0,0.073127,1.0,0.029
30.0,attacker[2],1,0.015,0.0173,0.043353,0.009,0.50175,0.096667,1.0,0.190131,1.0,0.024
31.0,ue[0],0,0.012,0.01,0.06,0.001,0.50125,0.1,1.0,0.0,1.0,0.018
31.0,ue[1],0,0.009,0.01,0.045,0.004,0.498167,0.1,1.0,0.0,1.0,0.017
31.0,ue[2],0,0.011,0.0111,0.04955,0.006,0.501833,0.1,1.0,0.0,1.0,0.018
31.0,ue[3],0,0.012,0.0112,0.053571,0.003,0.499083,0.1,1.0,0.0,1.0,0.015
31.0,ue[4],0,0.009,0.0116,0.038793,0.003,0.499083,0.1,1.0,0.0,1.0,0.019
31.0,attacker[0],1,0.017,0.0173,0.049133,0.005,0.49775,0.1,1.0,0.220447,1.0,0.027
31.0,attacker[1],1,0.019,0.0186,0.051075,0.006,0.500333,0.1,1.0,0.334225,1.0,0.029
31.0,attacker[2],1,0.016,0.0172,0.046512,0.001,0.498417,0.1,1.0,0.163557,1.0,0.024
32.0,ue[0],0,0.009,0.0099,0.045455,0.003,0.500583,0.103333,1.0,0.0,1.0,0.018
32.0,ue[1],0,0.009,0.0101,0.044554,0.0,0.500333,0.103333,1.0,0.0,1.0,0.017
32.0,ue[2],0,0.012,0.0117,0.051282,0.001,0.499417,0.103333,1.0,0.014949,1.0,0.018
32.0,ue[3],0,0.01,0.0111,0.045045,0.002,0.4995,0.103333,1.0,0.0,1.0,0.015
32.0,ue[4],0,0.01,0.0109,0.045872,0.001,0.49875,0.103333,1.0,0.0,1.0,0.019
32.0,attacker[0],1,0.012,0.0168,0.035714,0.005,0.50025,0.103333,1.0,0.014949,1.0,0.027
32.0,attacker[1],1,0.02,0.0181,0.055249,0.001,0.502083,0.103333,1.0,0.493307,1.0,0.029
32.0,attacker[2],1,0.012,0.017,0.035294,0.004,0.498167,0.103333,1.0,0.014949,1.0,0.024
33.0,ue[0],0,0.006,0.0087,0.034483,0.003,0.49875,0.106667,1.0,0.0,1.0,0.018
33.0,ue[1],0,0.016,0.0109,0.073394,0.007,0.50225,0.106667,1.0,0.08071,1.0,0.017
33.0,ue[2],0,0.007,0.0108,0.032407,0.005,0.49775,0.106667,1.0,0.0,1.0,0.018
33.0,ue[3],0,0.01,0.0113,0.044248,0.0,0.499,0.106667,1.0,0.0,1.0,0.015
33.0,ue[4],0,0.007,0.0104,0.033654,0.003,0.49875,0.106667,1.0,0.0,1.0,0.019
33.0,attacker[0],1,0.013,0.0168,0.03869,0.001,0.50025,0.106667,1.0,0.0,1.0,0.027
33.0,attacker[1],1,0.026,0.019,0.068421,0.006,0.5025,0.106667,1.0,0.374202,1.0,0.029
33.0,attacker[2],1,0.021,0.0176,0.059659,0.009,0.499083,0.106667,1.0,0.227456,1.0,0.024
34.0,ue[0],0,0.009,0.0089,0.050562,0.003,0.498417,0.11,1.0,0.0,1.0,0.018
34.0,ue[1],0,0.012,0.0108,0.055556,0.004,0.503167,0.11,1.0,0.03132,1.0,0.017
34.0,ue[2],0,0.005,0.0103,0.024272,0.002,0.496333,0.11,1.0,0.0,1.0,0.018
34.0,ue[3],0,0.011,0.0112,0.049107,0.001,0.500083,0.11,1.0,0.0,1.0,0.015
34.0,ue[4],0,0.004,0.0102,0.019608,0.003,0.497583,0.11,1.0,0.0,1.0,0.019
34.0,attacker[0],1,0.018,0.0169,0.053254,0.005,0.500917,0.11,1.0,0.281878,1.0,0.027
34.0,attacker[1],1,0.014,0.0181,0.038674,0.012,0.501333,0.11,1.0,0.114839,1.0,0.029
34.0,attacker[2],1,0.017,0.0177,0.048023,0.004,0.502333,0.11,1.0,0.240118,1.0,0.024
35.0,ue[0],0,0.014,0.0095,0.073684,0.005,0.50125,0.113333,1.0,0.029894,1.0,0.018
35.0,ue[1],0,0.011,0.0108,0.050926,0.001,0.500083,0.113333,1.0,0.0,1.0,0.017
35.0,ue[2],0,0.016,0.011,0.072727,0.011,0.50025,0.113333,1.0,0.125555,1.0,0.018
35.0,ue[3],0,0.01,0.0108,0.046296,0.001,0.499917,0.113333,1.0,0.0,1.0,0.015
35.0,ue[4],0,0.005,0.0096,0.026042,0.001,0.497917,0.113333,1.0,0.0,1.0,0.019
35.0,attacker[0],1,0.016,0.0164,0.04878,0.002,0.5015,0.113333,1.0,0.125555,1.0,0.027
35.0,attacker[1],1,0.019,0.0179,0.053073,0.005,0.497417,0.113333,1.0,0.269047,1.0,0.029
35.0,attacker[2],1,0.016,0.0169,0.047337,0.001,0.500083,0.113333,1.0,0.125555,1.0,0.024
36.0,ue[0],0,0.012,0.01,0.06,0.002,0.5025,0.116667,1.0,0.0,1.0,0.018
36.0,ue[1],0,0.011,0.0105,0.052381,0.0,0.499333,0.116667,1.0,0.0,1.0,0.017
36.0,ue[2],0,0.009,0.0108,0.041667,0.007,0.50225,0.116667,1.0,0.0,1.0,0.018
36.0,ue[3],0,0.013,0.0112,0.058036,0.003,0.500583,0.116667,1.0,0.0,1.0,0.015
36.0,ue[4],0,0.008,0.0092,0.043478,0.003,0.49975,0.116667,1.0,0.0,1.0,0.019
36.0,attacker[0],1,0.019,0.0164,0.057927,0.003,0.501583,0.116667,1.0,0.183899,1.0,0.027
36.0,attacker[1],1,0.025,0.0182,0.068681,0.006,0.501,0.116667,1.0,0.410236,1.0,0.029
36.0,attacker[2],1,0.016,0.0169,0.047337,0.0,0.499667,0.116667,1.0,0.07073,1.0,0.024
37.0,ue[0],0,0.012,0.0102,0.058824,0.0,0.501167,0.12,1.0,0.0,1.0,0.018
37.0,ue[1],0,0.01,0.0103,0.048544,0.001,0.49875,0.12,1.0,0.0,1.0,0.017
37.0,ue[2],0,0.009,0.0107,0.042056,0.0,0.499833,0.12,1.0,0.0,1.0,0.018
37.0,ue[3],0,0.005,0.0107,0.023364,0.008,0.499333,0.12,1.0,0.0,1.0,0.015
37.0,ue[4],0,0.011,0.009,0.061111,0.003,0.502083,0.12,1.0,0.0,1.0,0.019
37.0,attacker[0],1,0.023,0.016,0.071875,0.004,0.502667,0.12,1.0,0.376288,1.0,0.027
37.0,attacker[1],1,0.017,0.0186,0.045699,0.008,0.500667,0.12,1.0,0.150515,1.0,0.029
37.0,attacker[2],1,0.017,0.0168,0.050595,0.001,0.49925,0.12,1.0,0.150515,1.0,0.024
38.0,ue[0],0,0.015,0.0107,0.070093,0.003,0.500917,0.123333,1.0,0.09103,1.0,0.018
38.0,ue[1],0,0.012,0.0105,0.057143,0.002,0.499833,0.123333,1.0,0.0,1.0,0.017
38.0,ue[2],0,0.011,0.0111,0.04955,0.002,0.5,0.123333,1.0,0.0,1.0,0.018
38.0,ue[3],0,0.015,0.011,0.068182,0.01,0.499333,0.123333,1.0,0.09103,1.0,0.015
38.0,ue[4],0,0.015,0.0093,0.080645,0.004,0.503667,0.123333,1.0,0.09103,1.0,0.019
38.0,attacker[0],1,0.015,0.0152,0.049342,0.008,0.500667,0.123333,1.0,0.09103,1.0,0.027
38.0,attacker[1],1,0.01,0.0185,0.027027,0.007,0.497083,0.123333,1.0,0.0,1.0,0.029
38.0,attacker[2],1,0.018,0.0172,0.052326,0.001,0.500583,0.123333,1.0,0.333776,1.0,0.024
39.0,ue[0],0,0.014,0.0114,0.061404,0.001,0.500917,0.126667,1.0,0.100567,1.0,0.018
39.0,ue[1],0,0.006,0.0101,0.029703,0.006,0.499167,0.126667,1.0,0.0,1.0,0.017
39.0,ue[2],0,0.01,0.0107,0.046729,0.001,0.499583,0.126667,1.0,0.0,1.0,0.018
39.0,ue[3],0,0.008,0.0103,0.038835,0.007,0.501083,0.126667,1.0,0.0,1.0,0.015
39.0,ue[4],0,0.009,0.009,0.05,0.006,0.502,0.126667,1.0,0.0,1.0,0.019
39.0,attacker[0],1,0.015,0.016,0.046875,0.0,0.497833,0.126667,1.0,0.147893,1.0,0.027
39.0,attacker[1],1,0.013,0.0176,0.036932,0.003,0.495583,0.126667,1.0,0.053241,1.0,0.029
39.0,attacker[2],1,0.02,0.0168,0.059524,0.002,0.501333,0.126667,1.0,0.384521,1.0,0.024
40.0,ue[0],0,0.01,0.0113,0.044248,0.004,0.4995,0.13,1.0,0.0,1.0,0.018
40.0,ue[1],0,0.009,0.0105,0.042857,0.003,0.49825,0.13,1.0,0.0,1.0,0.017
40.0,ue[2],0,0.006,0.0096,0.03125,0.004,0.499167,0.13,1.0,0.0,1.0,0.018
40.0,ue[3],0,0.014,0.0108,0.064815,0.006,0.5,0.13,1.0,0.087851,1.0,0.015
40.0,ue[4],0,0.004,0.0082,0.02439,0.005,0.497583,0.13,1.0,0.0,1.0,0.019
40.0,attacker[0],1,0.021,0.0169,0.06213,0.006,0.4995,0.13,1.0,0.34678,1.0,0.027
40.0,attacker[1],1,0.011,0.0174,0.031609,0.002,0.497333,0.13,1.0,0.0,1.0,0.029
40.0,attacker[2],1,0.018,0.0171,0.052632,0.002,0.501,0.13,1.0,0.235811,1.0,0.024
41.0,ue[0],0,0.013,0.0114,0.057018,0.003,0.498917,0.133333,1.0,0.156893,1.0,0.018
41.0,ue[1],0,0.008,0.0104,0.038462,0.001,0.499583,0.133333,1.0,0.0,1.0,0.017
41.0,ue[2],0,0.008,0.0093,0.043011,0.002,0.4985,0.133333,1.0,0.0,1.0,0.018
41.0,ue[3],0,0.01,0.0106,0.04717,0.004,0.501333,0.133333,1.0,0.0,1.0,0.015
41.0,ue[4],0,0.009,0.0082,0.054878,0.005,0.497417,0.133333,1.0,0.0,1.0,0.019
41.0,attacker[0],1,0.014,0.0166,0.042169,0.007,0.499917,0.133333,1.0,0.235339,1.0,0.027
41.0,attacker[1],1,0.015,0.017,0.044118,0.004,0.499833,0.133333,1.0,0.313786,1.0,0.029
41.0,attacker[2],1,0.011,0.0166,0.033133,0.007,0.498083,0.133333,1.0,0.0,1.0,0.024
42.0,ue[0],0,0.01,0.0115,0.043478,0.003,0.49925,0.136667,1.0,0.0,1.0,0.018
42.0,ue[1],0,0.009,0.0104,0.043269,0.001,0.49975,0.136667,1.0,0.0,1.0,0.017
42.0,ue[2],0,0.011,0.0092,0.059783,0.003,0.50025,0.136667,1.0,0.0,1.0,0.018
42.0,ue[3],0,0.015,0.0111,0.067568,0.005,0.500083,0.136667,1.0,0.082639,1.0,0.015
42.0,ue[4],0,0.008,0.008,0.05,0.001,0.499583,0.136667,1.0,0.0,1.0,0.019
42.0,attacker[0],1,0.02,0.0174,0.057471,0.006,0.5,0.136667,1.0,0.318752,1.0,0.027
42.0,attacker[1],1,0.019,0.0169,0.056213,0.004,0.502833,0.136667,1.0,0.271529,1.0,0.029
42.0,attacker[2],1,0.014,0.0168,0.041667,0.003,0.496917,0.136667,1.0,0.035417,1.0,0.024
43.0,ue[0],0,0.009,0.0118,0.038136,0.001,0.498583,0.14,1.0,0.0,1.0,0.018
43.0,ue[1],0,0.009,0.0097,0.046392,0.0,0.500667,0.14,1.0,0.0,1.0,0.017
43.0,ue[2],0,0.015,0.01,0.075,0.004,0.5025,0.14,1.0,0.044461,1.0,0.018
43.0,ue[3],0,0.009,0.011,0.040909,0.006,0.500667,0.14,1.0,0.0,1.0,0.015
43.0,ue[4],0,0.012,0.0085,0.070588,0.004,0.501333,0.14,1.0,0.0,1.0,0.019
43.0,attacker[0],1,0.019,0.018,0.052778,0.001,0.501417,0.14,1.0,0.202546,1.0,0.027
43.0,attacker[1],1,0.024,0.0167,0.071856,0.005,0.50425,0.14,1.0,0.400152,1.0,0.029
43.0,attacker[2],1,0.014,0.0161,0.043478,0.0,0.498833,0.14,1.0,0.00494,1.0,0.024
44.0,ue[0],0,0.017,0.0126,0.06746,0.008,0.501,0.143333,1.0,0.192617,1.0,0.018
44.0,ue[1],0,0.007,0.0092,0.038043,0.002,0.499667,0.143333,1.0,0.0,1.0,0.017
44.0,ue[2],0,0.011,0.0106,0.051887,0.004,0.502333,0.143333,1.0,0.0,1.0,0.018
44.0,ue[3],0,0.013,0.0112,0.058036,0.004,0.499,0.143333,1.0,0.0,1.0,0.015
44.0,ue[4],0,0.007,0.0088,0.039773,0.005,0.50125,0.143333,1.0,0.0,1.0,0.019
44.0,attacker[0],1,0.016,0.0178,0.044944,0.003,0.499583,0.143333,1.0,0.144463,1.0,0.027
44.0,attacker[1],1,0.019,0.0172,0.055233,0.005,0.50325,0.143333,1.0,0.288926,1.0,0.029
44.0,attacker[2],1,0.014,0.0158,0.044304,0.0,0.499833,0.143333,1.0,0.048154,1.0,0.024
45.0,ue[0],0,0.005,0.0117,0.021368,0.012,0.500167,0.146667,1.0,0.0,1.0,0.018
45.0,ue[1],0,0.01,0.0091,0.054945,0.003,0.499917,0.146667,1.0,0.0,1.0,0.017
45.0,ue[2],0,0.011,0.0101,0.054455,0.0,0.499833,0.146667,1.0,0.0,1.0,0.018
45.0,ue[3],0,0.009,0.0111,0.040541,0.004,0.499833,0.146667,1.0,0.0,1.0,0.015
45.0,ue[4],0,0.011,0.0094,0.058511,0.004,0.499667,0.146667,1.0,0.0,1.0,0.019
45.0,attacker[0],1,0.015,0.0177,0.042373,0.001,0.498917,0.146667,1.0,0.19799,1.0,0.027
45.0,attacker[1],1,0.014,0.0167,0.041916,0.005,0.498583,0.146667,1.0,0.141421,1.0,0.029
45.0,attacker[2],1,0.017,0.0159,0.053459,0.003,0.50125,0.146667,1.0,0.311127,1.0,0.024
46.0,ue[0],0,0.006,0.0111,0.027027,0.001,0.49675,0.15,1.0,0.0,1.0,0.018
46.0,ue[1],0,0.01,0.009,0.055556,0.0,0.500833,0.15,1.0,0.0,1.0,0.017
46.0,ue[2],0,0.008,0.01,0.04,0.003,0.498583,0.15,1.0,0.0,1.0,0.018
46.0,ue[3],0,0.013,0.0111,0.058559,0.004,0.499333,0.15,1.0,0.004556,1.0,0.015
46.0,ue[4],0,0.008,0.0094,0.042553,0.003,0.50025,0.15,1.0,0.0,1.0,0.019
46.0,attacker[0],1,0.019,0.0177,0.053672,0.004,0.499333,0.15,1.0,0.223247,1.0,0.027
46.0,attacker[1],1,0.022,0.0164,0.067073,0.008,0.498667,0.15,1.0,0.332592,1.0,0.029
46.0,attacker[2],1,0.017,0.016,0.053125,0.0,0.5015,0.15,1.0,0.15035,1.0,0.024
47.0,ue[0],0,0.004,0.0103,0.019417,0.002,0.497333,0.153333,1.0,0.0,1.0,0.018
47.0,ue[1],0,0.013,0.0093,0.069892,0.003,0.501417,0.153333,1.0,0.015617,1.0,0.017
47.0,ue[2],0,0.006,0.0097,0.030928,0.002,0.497333,0.153333,1.0,0.0,1.0,0.018
47.0,ue[3],0,0.007,0.0113,0.030973,0.006,0.499833,0.153333,1.0,0.0,1.0,0.015
47.0,ue[4],0,0.015,0.0098,0.076531,0.007,0.50075,0.153333,1.0,0.078087,1.0,0.019
47.0,attacker[0],1,0.017,0.0171,0.049708,0.002,0.500667,0.153333,1.0,0.140556,1.0,0.027
47.0,attacker[1],1,0.013,0.016,0.040625,0.009,0.49925,0.153333,1.0,0.015617,1.0,0.029
47.0,attacker[2],1,0.025,0.0168,0.074405,0.008,0.503,0.153333,1.0,0.390434,1.0,0.025
48.0,ue[0],0,0.012,0.01,0.06,0.008,0.499333,0.156667,1.0,0.0,1.0,0.018
48.0,ue[1],0,0.022,0.0103,0.106796,0.009,0.50425,0.156667,1.0,0.296811,1.0,0.022
48.0,ue[2],0,0.007,0.0093,0.037634,0.001,0.49825,0.156667,1.0,0.0,1.0,0.018
48.0,ue[3],0,0.014,0.0112,0.0625,0.007,0.499417,0.156667,1.0,0.0,1.0,0.015
48.0,ue[4],0,0.012,0.0095,0.063158,0.003,0.502417,0.156667,1.0,0.0,1.0,0.019
48.0,attacker[0],1,0.019,0.0175,0.054286,0.002,0.500667,0.156667,1.0,0.164895,1.0,0.027
48.0,attacker[1],1,0.018,0.0168,0.053571,0.005,0.498583,0.156667,1.0,0.120923,1.0,0.029
48.0,attacker[2],1,0.018,0.0168,0.053571,0.007,0.50275,0.156667,1.0,0.120923,1.0,0.025
49.0,ue[0],0,0.009,0.0095,0.047368,0.003,0.50275,0.16,1.0,0.0,1.0,0.018
49.0,ue[1],0,0.009,0.0106,0.042453,0.013,0.50225,0.16,1.0,0.0,1.0,0.022
49.0,ue[2],0,0.01,0.0093,0.053763,0.003,0.500083,0.16,1.0,0.0,1.0,0.018
49.0,ue[3],0,0.012,0.0116,0.051724,0.002,0.501667,0.16,1.0,0.0,1.0,0.015
49.0,ue[4],0,0.008,0.0094,0.042553,0.004,0.499333,0.16,1.0,0.0,1.0,0.019
49.0,attacker[0],1,0.025,0.0185,0.067568,0.006,0.5025,0.16,1.0,0.48795,1.0,0.027
49.0,attacker[1],1,0.014,0.0169,0.04142,0.004,0.499833,0.16,1.0,0.058554,1.0,0.029
49.0,attacker[2],1,0.013,0.0161,0.040373,0.005,0.497917,0.16,1.0,0.019518,1.0,0.025
50.0,ue[0],0,0.011,0.0096,0.057292,0.002,0.501333,0.163333,1.0,0.0,1.0,0.018
50.0,ue[1],0,0.016,0.0113,0.070796,0.007,0.49875,0.163333,1.0,0.208465,1.0,0.022
50.0,ue[2],0,0.012,0.0099,0.060606,0.002,0.502,0.163333,1.0,0.0,1.0,0.018
50.0,ue[3],0,0.008,0.011,0.036364,0.004,0.499333,0.163333,1.0,0.0,1.0,0.015
50.0,ue[4],0,0.013,0.0103,0.063107,0.005,0.499417,0.163333,1.0,0.023163,1.0,0.019
50.0,attacker[0],1,0.012,0.0176,0.034091,0.013,0.500083,0.163333,1.0,0.0,1.0,0.027
50.0,attacker[1],1,0.01,0.0168,0.029762,0.004,0.497167,0.163333,1.0,0.0,1.0,0.029
50.0,attacker[2],1,0.019,0.0162,0.058642,0.006,0.498,0.163333,1.0,0.393767,1.0,0.025
51.0,ue[0],0,0.005,0.0088,0.028409,0.006,0.499833,0.166667,1.0,0.0,1.0,0.018
51.0,ue[1],0,0.009,0.0114,0.039474,0.007,0.498917,0.166667,1.0,0.0,1.0,0.022
51.0,ue[2],0,0.01,0.0101,0.049505,0.002,0.501667,0.166667,1.0,0.0,1.0,0.018
51.0,ue[3],0,0.009,0.0109,0.041284,0.001,0.49875,0.166667,1.0,0.0,1.0,0.015
51.0,ue[4],0,0.008,0.0102,0.039216,0.005,0.499417,0.166667,1.0,0.0,1.0,0.019
51.0,attacker[0],1,0.024,0.0186,0.064516,0.012,0.498833,0.166667,1.0,0.433526,1.0,0.027
51.0,attacker[1],1,0.012,0.0165,0.036364,0.002,0.498,0.166667,1.0,0.008847,1.0,0.029
51.0,attacker[2],1,0.017,0.0168,0.050595,0.002,0.499667,0.166667,1.0,0.185797,1.0,0.025
52.0,ue[0],0,0.017,0.0095,0.089474,0.012,0.500167,0.17,1.0,0.14656,1.0,0.018
52.0,ue[1],0,0.015,0.012,0.0625,0.006,0.498167,0.17,1.0,0.068394,1.0,0.022
52.0,ue[2],0,0.01,0.01,0.05,0.0,0.500167,0.17,1.0,0.0,1.0,0.018
52.0,ue[3],0,0.01,0.0104,0.048077,0.001,0.499083,0.17,1.0,0.0,1.0,0.015
52.0,ue[4],0,0.003,0.0097,0.015464,0.005,0.49725,0.17,1.0,0.0,1.0,0.019
52.0,attacker[0],1,0.015,0.0181,0.041436,0.009,0.500417,0.17,1.0,0.068394,1.0,0.027
52.0,attacker[1],1,0.021,0.0167,0.062874,0.009,0.50125,0.17,1.0,0.30289,1.0,0.029
52.0,attacker[2],1,0.015,0.0169,0.044379,0.002,0.499667,0.17,1.0,0.068394,1.0,0.025
53.0,ue[0],0,0.016,0.0102,0.078431,0.001,0.504083,0.173333,1.0,0.360577,1.0,0.018
53.0,ue[1],0,0.01,0.0121,0.041322,0.005,0.500583,0.173333,1.0,0.0,1.0,0.022
53.0,ue[2],0,0.005,0.009,0.027778,0.005,0.498417,0.173333,1.0,0.0,1.0,0.018
53.0,ue[3],0,0.009,0.0104,0.043269,0.001,0.499917,0.173333,1.0,0.0,1.0,0.015
53.0,ue[4],0,0.01,0.0095,0.052632,0.007,0.498417,0.173333,1.0,0.0,1.0,0.019
53.0,attacker[0],1,0.013,0.0175,0.037143,0.002,0.496833,0.173333,1.0,0.168269,1.0,0.027
53.0,attacker[1],1,0.012,0.0155,0.03871,0.009,0.50225,0.173333,1.0,0.104167,1.0,0.029
53.0,attacker[2],1,0.008,0.0163,0.02454,0.007,0.497583,0.173333,1.0,0.0,1.0,0.025
54.0,ue[0],0,0.012,0.0097,0.061856,0.004,0.5015,0.176667,1.0,0.011341,1.0,0.018
54.0,ue[1],0,0.005,0.0119,0.021008,0.005,0.497083,0.176667,1.0,0.0,1.0,0.022
54.0,ue[2],0,0.009,0.0088,0.051136,0.004,0.498167,0.176667,1.0,0.0,1.0,0.018
54.0,ue[3],0,0.01,0.0101,0.049505,0.001,0.50025,0.176667,1.0,0.0,1.0,0.015
54.0,ue[4],0,0.01,0.0098,0.05102,0.0,0.501,0.176667,1.0,0.0,1.0,0.019
54.0,attacker[0],1,0.011,0.017,0.032353,0.002,0.4975,0.176667,1.0,0.0,1.0,0.027
54.0,attacker[1],1,0.017,0.0153,0.055556,0.005,0.500083,0.176667,1.0,0.23816,1.0,0.029
54.0,attacker[2],1,0.02,0.0169,0.059172,0.012,0.4985,0.176667,1.0,0.374252,1.0,0.025
55.0,ue[0],0,0.01,0.0102,0.04902,0.002,0.499167,0.18,1.0,0.0,1.0,0.018
55.0,ue[1],0,0.006,0.0115,0.026087,0.001,0.497083,0.18,1.0,0.0,1.0,0.022
55.0,ue[2],0,0.01,0.0087,0.057471,0.001,0.500583,0.18,1.0,0.0,1.0,0.018
55.0,ue[3],0,0.009,0.0101,0.044554,0.001,0.500083,0.18,1.0,0.0,1.0,0.015
55.0,ue[4],0,0.01,0.0097,0.051546,0.0,0.5015,0.18,1.0,0.0,1.0,0.019
55.0,attacker[0],1,0.021,0.0176,0.059659,0.01,0.499333,0.18,1.0,0.377964,1.0,0.027
55.0,attacker[1],1,0.017,0.0156,0.054487,0.0,0.501,0.18,1.0,0.205181,1.0,0.029
55.0,attacker[2],1,0.015,0.0167,0.04491,0.005,0.502083,0.18,1.0,0.118789,1.0,0.025
56.0,ue[0],0,0.008,0.0104,0.038462,0.002,0.497,0.183333,1.0,0.0,1.0,0.018
56.0,ue[1],0,0.016,0.0121,0.066116,0.01,0.5005,0.183333,1.0,0.11547,1.0,0.022
56.0,ue[2],0,0.01,0.0089,0.05618,0.0,0.501,0.183333,1.0,0.0,1.0,0.018
56.0,ue[3],0,0.015,0.0103,0.072816,0.006,0.501167,0.183333,1.0,0.057735,1.0,0.015
56.0,ue[4],0,0.015,0.0104,0.072115,0.005,0.502417,0.183333,1.0,0.057735,1.0,0.019
56.0,attacker[0],1,0.012,0.0169,0.035503,0.009,0.50175,0.183333,1.0,0.0,1.0,0.027
56.0,attacker[1],1,0.017,0.0151,0.056291,0.0,0.500167,0.183333,1.0,0.173205,1.0,0.029
56.0,attacker[2],1,0.019,0.0169,0.056213,0.004,0.501333,0.183333,1.0,0.288675,1.0,0.025
57.0,ue[0],0,0.011,0.0111,0.04955,0.003,0.498417,0.186667,1.0,0.0,1.0,0.018
57.0,ue[1],0,0.007,0.0115,0.030435,0.009,0.50225,0.186667,1.0,0.0,1.0,0.022
57.0,ue[2],0,0.008,0.0091,0.043956,0.002,0.5005,0.186667,1.0,0.0,1.0,0.018
57.0,ue[3],0,0.011,0.0107,0.051402,0.004,0.501833,0.186667,1.0,0.0,1.0,0.015
57.0,ue[4],0,0.008,0.0097,0.041237,0.007,0.50075,0.186667,1.0,0.0,1.0,0.019
57.0,attacker[0],1,0.018,0.017,0.052941,0.006,0.5,0.186667,1.0,0.286855,1.0,0.027
57.0,attacker[1],1,0.018,0.0156,0.057692,0.001,0.501083,0.186667,1.0,0.286855,1.0,0.029
57.0,attacker[2],1,0.015,0.0159,0.04717,0.004,0.501333,0.186667,1.0,0.143427,1.0,0.025
58.0,ue[0],0,0.009,0.0108,0.041667,0.002,0.5,0.19,1.0,0.0,1.0,0.018
58.0,ue[1],0,0.007,0.01,0.035,0.0,0.499,0.19,1.0,0.0,1.0,0.022
58.0,ue[2],0,0.011,0.0095,0.057895,0.003,0.499917,0.19,1.0,0.064509,1.0,0.018
58.0,ue[3],0,0.008,0.0101,0.039604,0.003,0.499083,0.19,1.0,0.0,1.0,0.015
58.0,ue[4],0,0.007,0.0092,0.038043,0.001,0.497917,0.19,1.0,0.0,1.0,0.019
58.0,attacker[0],1,0.013,0.0164,0.039634,0.005,0.500417,0.19,1.0,0.211957,1.0,0.027
58.0,attacker[1],1,0.015,0.0153,0.04902,0.003,0.49975,0.19,1.0,0.359405,1.0,0.029
58.0,attacker[2],1,0.011,0.0152,0.036184,0.004,0.4975,0.19,1.0,0.064509,1.0,0.025
59.0,ue[0],0,0.008,0.0107,0.037383,0.001,0.499417,0.193333,1.0,0.0,1.0,0.018
59.0,ue[1],0,0.005,0.0096,0.026042,0.002,0.498167,0.193333,1.0,0.0,1.0,0.022
59.0,ue[2],0,0.01,0.0095,0.052632,0.001,0.500583,0.193333,1.0,0.0,1.0,0.018
59.0,ue[3],0,0.012,0.0101,0.059406,0.004,0.499167,0.193333,1.0,0.0,1.0,0.015
59.0,ue[4],0,0.014,0.0098,0.071429,0.007,0.49975,0.193333,1.0,0.004204,1.0,0.019
59.0,attacker[0],1,0.018,0.0157,0.057325,0.005,0.49925,0.193333,1.0,0.13874,1.0,0.027
59.0,attacker[1],1,0.023,0.0162,0.070988,0.008,0.500833,0.193333,1.0,0.30691,1.0,0.029
59.0,attacker[2],1,0.021,0.016,0.065625,0.01,0.499833,0.193333,1.0,0.239642,1.0,0.025
60.0,ue[0],0,0.01,0.0106,0.04717,0.002,0.499833,0.196667,1.0,0.0,1.0,0.018
60.0,ue[1],0,0.013,0.0093,0.069892,0.008,0.4995,0.196667,1.0,0.242779,1.0,0.022
60.0,ue[2],0,0.007,0.009,0.038889,0.003,0.499417,0.196667,1.0,0.0,1.0,0.018
60.0,ue[3],0,0.009,0.0102,0.044118,0.003,0.499583,0.196667,1.0,0.0,1.0,0.015
60.0,ue[4],0,0.008,0.0093,0.043011,0.006,0.5005,0.196667,1.0,0.0,1.0,0.019
60.0,attacker[0],1,0.013,0.0158,0.041139,0.005,0.500583,0.196667,1.0,0.242779,1.0,0.027
60.0,attacker[1],1,0.013,0.0165,0.039394,0.01,0.500667,0.196667,1.0,0.242779,1.0,0.029
60.0,attacker[2],1,0.008,0.0149,0.026846,0.013,0.49975,0.196667,1.0,0.0,1.0,0.025
61.0,ue[0],0,0.016,0.0117,0.068376,0.006,0.501833,0.2,1.0,0.045398,1.0,0.018
61.0,ue[1],0,0.019,0.0103,0.092233,0.006,0.504833,0.2,1.0,0.201049,1.0,0.022
61.0,ue[2],0,0.009,0.0089,0.050562,0.002,0.499167,0.2,1.0,0.0,1.0,0.018
61.0,ue[3],0,0.012,0.0105,0.057143,0.003,0.500083,0.2,1.0,0.0,1.0,0.015
61.0,ue[4],0,0.011,0.0096,0.057292,0.003,0.499917,0.2,1.0,0.0,1.0,0.019
61.0,attacker[0],1,0.017,0.0151,0.056291,0.004,0.499333,0.2,1.0,0.097282,1.0,0.027
61.0,attacker[1],1,0.021,0.0174,0.060345,0.008,0.499167,0.2,1.0,0.304816,1.0,0.029
61.0,attacker[2],1,0.016,0.0148,0.054054,0.008,0.498167,0.2,1.0,0.045398,1.0,0.025
62.0,ue[0],0,0.003,0.0103,0.014563,0.013,0.50025,0.203333,1.0,0.0,1.0,0.018
62.0,ue[1],0,0.009,0.0097,0.046392,0.01,0.502833,0.203333,1.0,0.0,1.0,0.022
62.0,ue[2],0,0.017,0.0096,0.088542,0.008,0.501833,0.203333,1.0,0.193124,1.0,0.018
62.0,ue[3],0,0.009,0.0104,0.043269,0.003,0.500417,0.203333,1.0,0.0,1.0,0.015
62.0,ue[4],0,0.006,0.0099,0.030303,0.005,0.499417,0.203333,1.0,0.0,1.0,0.019
62.0,attacker[0],1,0.014,0.015,0.046667,0.003,0.500417,0.203333,1.0,0.085334,1.0,0.027
62.0,attacker[1],1,0.021,0.0174,0.060345,0.0,0.502,0.203333,1.0,0.336845,1.0,0.029
62.0,attacker[2],1,0.014,0.0147,0.047619,0.002,0.500833,0.203333,1.0,0.085334,1.0,0.025
63.0,ue[0],0,0.004,0.0091,0.021978,0.001,0.496083,0.206667,1.0,0.0,1.0,0.018
63.0,ue[1],0,0.017,0.0104,0.081731,0.008,0.500333,0.206667,1.0,0.171768,1.0,0.022
63.0,ue[2],0,0.006,0.0097,0.030928,0.011,0.501417,0.206667,1.0,0.0,1.0,0.018
63.0,ue[3],0,0.009,0.0104,0.043269,0.0,0.499,0.206667,1.0,0.0,1.0,0.015
63.0,ue[4],0,0.006,0.0095,0.031579,0.0,0.4975,0.206667,1.0,0.0,1.0,0.019
63.0,attacker[0],1,0.017,0.0154,0.055195,0.003,0.49975,0.206667,1.0,0.171768,1.0,0.027
63.0,attacker[1],1,0.015,0.0177,0.042373,0.006,0.4995,0.206667,1.0,0.104736,1.0,0.029
63.0,attacker[2],1,0.021,0.016,0.065625,0.007,0.50125,0.206667,1.0,0.30583,1.0,0.025
64.0,ue[0],0,0.008,0.0087,0.045977,0.004,0.498167,0.21,1.0,0.0,1.0,0.018
64.0,ue[1],0,0.011,0.011,0.05,0.006,0.500167,0.21,1.0,0.0,1.0,0.022
64.0,ue[2],0,0.016,0.0104,0.076923,0.01,0.5,0.21,1.0,0.252215,1.0,0.018
64.0,ue[3],0,0.01,0.0104,0.048077,0.001,0.49975,0.21,1.0,0.0,1.0,0.015
64.0,ue[4],0,0.006,0.0091,0.032967,0.0,0.498833,0.21,1.0,0.0,1.0,0.019
64.0,attacker[0],1,0.008,0.0151,0.02649,0.009,0.498917,0.21,1.0,0.0,1.0,0.027
64.0,attacker[1],1,0.014,0.0174,0.04023,0.001,0.498083,0.21,1.0,0.146019,1.0,0.029
64.0,attacker[2],1,0.017,0.0157,0.05414,0.004,0.503167,0.21,1.0,0.305313,1.0,0.025
65.0,ue[0],0,0.01,0.0087,0.057471,0.002,0.500667,0.213333,1.0,0.0,1.0,0.018
65.0,ue[1],0,0.011,0.0115,0.047826,0.0,0.498,0.213333,1.0,0.0,1.0,0.022
65.0,ue[2],0,0.017,0.0111,0.076577,0.001,0.502917,0.213333,1.0,0.177318,1.0,0.018
65.0,ue[3],0,0.012,0.0107,0.056075,0.002,0.5005,0.213333,1.0,0.0,1.0,0.015
65.0,ue[4],0,0.01,0.0091,0.054945,0.004,0.500167,0.213333,1.0,0.0,1.0,0.019
65.0,attacker[0],1,0.013,0.0143,0.045455,0.005,0.49725,0.213333,1.0,0.0,1.0,0.027
65.0,attacker[1],1,0.016,0.0173,0.046243,0.002,0.498,0.213333,1.0,0.122759,1.0,0.029
65.0,attacker[2],1,0.021,0.0163,0.064417,0.004,0.501,0.213333,1.0,0.395557,1.0,0.025
66.0,ue[0],0,0.008,0.0087,0.045977,0.002,0.502,0.216667,1.0,0.0,1.0,0.018
66.0,ue[1],0,0.01,0.0109,0.045872,0.001,0.499083,0.216667,1.0,0.0,1.0,0.022
66.0,ue[2],0,0.018,0.0119,0.07563,0.001,0.50225,0.216667,1.0,0.110004,1.0,0.018
66.0,ue[3],0,0.01,0.0102,0.04902,0.002,0.500833,0.216667,1.0,0.0,1.0,0.015
66.0,ue[4],0,0.011,0.0087,0.063218,0.001,0.50225,0.216667,1.0,0.0,1.0,0.019
66.0,attacker[0],1,0.019,0.015,0.063333,0.006,0.5015,0.216667,1.0,0.146672,1.0,0.027
66.0,attacker[1],1,0.022,0.0178,0.061798,0.006,0.501167,0.216667,1.0,0.256676,1.0,0.029
66.0,attacker[2],1,0.022,0.0166,0.066265,0.001,0.502083,0.216667,1.0,0.256676,1.0,0.025
67.0,ue[0],0,0.013,0.0089,0.073034,0.005,0.501583,0.22,1.0,0.011644,1.0,0.018
67.0,ue[1],0,0.01,0.0112,0.044643,0.0,0.4985,0.22,1.0,0.0,1.0,0.022
67.0,ue[2],0,0.011,0.0122,0.045082,0.007,0.50075,0.22,1.0,0.0,1.0,0.018
67.0,ue[3],0,0.009,0.01,0.045,0.001,0.499583,0.22,1.0,0.0,1.0,0.015
67.0,ue[4],0,0.006,0.0085,0.035294,0.005,0.500583,0.22,1.0,0.0,1.0,0.019
67.0,attacker[0],1,0.018,0.015,0.06,0.001,0.502917,0.22,1.0,0.244533,1.0,0.027
67.0,attacker[1],1,0.016,0.0176,0.045455,0.006,0.502,0.22,1.0,0.151378,1.0,0.029
67.0,attacker[2],1,0.019,0.017,0.055882,0.003,0.500417,0.22,1.0,0.291111,1.0,0.025
68.0,ue[0],0,0.003,0.0083,0.018072,0.01,0.499667,0.223333,1.0,0.0,1.0,0.018
68.0,ue[1],0,0.011,0.0116,0.047414,0.001,0.499917,0.223333,1.0,0.0,1.0,0.022
68.0,ue[2],0,0.008,0.0119,0.033613,0.003,0.49625,0.223333,1.0,0.0,1.0,0.018
68.0,ue[3],0,0.009,0.0101,0.044554,0.0,0.499167,0.223333,1.0,0.0,1.0,0.015
68.0,ue[4],0,0.009,0.0087,0.051724,0.003,0.49925,0.223333,1.0,0.0,1.0,0.019
68.0,attacker[0],1,0.023,0.016,0.071875,0.005,0.503583,0.223333,1.0,0.344504,1.0,0.027
68.0,attacker[1],1,0.013,0.0174,0.037356,0.003,0.498583,0.223333,1.0,0.027719,1.0,0.029
68.0,attacker[2],1,0.021,0.018,0.058333,0.002,0.5,0.223333,1.0,0.281147,1.0,0.025
69.0,ue[0],0,0.014,0.0089,0.078652,0.011,0.499083,0.226667,1.0,0.076406,1.0,0.018
69.0,ue[1],0,0.007,0.0118,0.029661,0.004,0.499333,0.226667,1.0,0.0,1.0,0.022
69.0,ue[2],0,0.004,0.0113,0.017699,0.004,0.495333,0.226667,1.0,0.0,1.0,0.018
69.0,ue[3],0,0.009,0.0098,0.045918,0.0,0.499333,0.226667,1.0,0.0,1.0,0.015
69.0,ue[4],0,0.008,0.0081,0.049383,0.001,0.49975,0.226667,1.0,0.0,1.0,0.019
69.0,attacker[0],1,0.016,0.0158,0.050633,0.007,0.501417,0.226667,1.0,0.144322,1.0,0.027
69.0,attacker[1],1,0.012,0.0163,0.03681,0.001,0.49725,0.226667,1.0,0.00849,1.0,0.029
69.0,attacker[2],1,0.024,0.0183,0.065574,0.003,0.500917,0.226667,1.0,0.415987,1.0,0.025
70.0,ue[0],0,0.007,0.0086,0.040698,0.007,0.50125,0.23,1.0,0.0,1.0,0.018
70.0,ue[1],0,0.009,0.0114,0.039474,0.002,0.498833,0.23,1.0,0.0,1.0,0.022
70.0,ue[2],0,0.008,0.0114,0.035088,0.004,0.496833,0.23,1.0,0.0,1.0,0.018
70.0,ue[3],0,0.005,0.0094,0.026596,0.004,0.498833,0.23,1.0,0.0,1.0,0.015
70.0,ue[4],0,0.009,0.0082,0.054878,0.001,0.499917,0.23,1.0,0.0,1.0,0.019
70.0,attacker[0],1,0.023,0.0168,0.068452,0.007,0.49975,0.23,1.0,0.414358,1.0,0.027
70.0,attacker[1],1,0.017,0.0167,0.050898,0.005,0.49875,0.23,1.0,0.200496,1.0,0.029
70.0,attacker[2],1,0.013,0.0188,0.034574,0.011,0.498917,0.23,1.0,0.057921,1.0,0.025
71.0,ue[0],0,0.003,0.0073,0.020548,0.004,0.4975,0.233333,1.0,0.0,1.0,0.018
71.0,ue[1],0,0.009,0.0114,0.039474,0.002,0.498833,0.233333,1.0,0.0,1.0,0.022
71.0,ue[2],0,0.008,0.0114,0.035088,0.004,0.496833,0.233333,1.0,0.0,1.0,0.018
71.0,ue[3],0,0.005,0.0094,0.026596,0.004,0.498833,0.233333,1.0,0.0,1.0,0.015
71.0,ue[4],0,0.009,0.0082,0.054878,0.001,0.499917,0.233333,1.0,0.0,1.0,0.019
71.0,attacker[0],1,0.023,0.0168,0.068452,0.007,0.49975,0.233333,1.0,0.395425,1.0,0.027
71.0,attacker[1],1,0.017,0.0167,0.050898,0.005,0.49875,0.233333,1.0,0.199751,1.0,0.029
71.0,attacker[2],1,0.013,0.0188,0.034574,0.011,0.498917,0.233333,1.0,0.069301,1.0,0.025
72.0,ue[0],0,0.008,0.0078,0.051282,0.005,0.49875,0.236667,1.0,0.0,1.0,0.018
72.0,ue[1],0,0.013,0.0109,0.059633,0.003,0.50125,0.236667,1.0,0.0,1.0,0.022
72.0,ue[2],0,0.009,0.0106,0.042453,0.0,0.501167,0.236667,1.0,0.0,1.0,0.018
72.0,ue[3],0,0.016,0.0094,0.085106,0.011,0.501417,0.236667,1.0,0.098344,1.0,0.016
72.0,ue[4],0,0.012,0.0086,0.069767,0.003,0.500917,0.236667,1.0,0.0,1.0,0.019
72.0,attacker[0],1,0.011,0.0167,0.032934,0.008,0.497167,0.236667,1.0,0.0,1.0,0.027
72.0,attacker[1],1,0.022,0.0164,0.067073,0.005,0.50275,0.236667,1.0,0.360596,1.0,0.029
72.0,attacker[2],1,0.019,0.0195,0.048718,0.001,0.499583,0.236667,1.0,0.22947,1.0,0.025
73.0,ue[0],0,0.009,0.0083,0.054217,0.001,0.50025,0.24,1.0,0.0,1.0,0.018
73.0,ue[1],0,0.006,0.0098,0.030612,0.007,0.500417,0.24,1.0,0.0,1.0,0.022
73.0,ue[2],0,0.007,0.0107,0.03271,0.002,0.5005,0.24,1.0,0.0,1.0,0.018
73.0,ue[3],0,0.01,0.0095,0.052632,0.006,0.503333,0.24,1.0,0.0,1.0,0.016
73.0,ue[4],0,0.014,0.0094,0.074468,0.002,0.502167,0.24,1.0,0.051985,1.0,0.019
73.0,attacker[0],1,0.021,0.0171,0.061404,0.01,0.498333,0.24,1.0,0.316634,1.0,0.027
73.0,attacker[1],1,0.02,0.0169,0.059172,0.002,0.502833,0.24,1.0,0.278827,1.0,0.029
73.0,attacker[2],1,0.014,0.0188,0.037234,0.005,0.499083,0.24,1.0,0.051985,1.0,0.025
74.0,ue[0],0,0.018,0.0093,0.096774,0.009,0.50375,0.243333,1.0,0.083045,1.0,0.018
74.0,ue[1],0,0.009,0.0096,0.046875,0.003,0.498417,0.243333,1.0,0.0,1.0,0.022
74.0,ue[2],0,0.011,0.0102,0.053922,0.004,0.500167,0.243333,1.0,0.0,1.0,0.018
74.0,ue[3],0,0.008,0.0093,0.043011,0.002,0.500167,0.243333,1.0,0.0,1.0,0.016
74.0,ue[4],0,0.011,0.0099,0.055556,0.003,0.50125,0.243333,1.0,0.0,1.0,0.019
74.0,attacker[0],1,0.024,0.0187,0.064171,0.003,0.502417,0.243333,1.0,0.282355,1.0,0.027
74.0,attacker[1],1,0.021,0.0176,0.059659,0.001,0.500917,0.243333,1.0,0.1827,1.0,0.029
74.0,attacker[2],1,0.022,0.0193,0.056995,0.008,0.500667,0.243333,1.0,0.215918,1.0,0.025
75.0,ue[0],0,0.016,0.0099,0.080808,0.002,0.505167,0.246667,1.0,0.125,1.0,0.018
75.0,ue[1],0,0.011,0.0096,0.057292,0.002,0.500167,0.246667,1.0,0.0,1.0,0.022
75.0,ue[2],0,0.012,0.0097,0.061856,0.001,0.501583,0.246667,1.0,0.0,1.0,0.018
75.0,ue[3],0,0.012,0.0093,0.064516,0.004,0.499833,0.246667,1.0,0.0,1.0,0.016
75.0,ue[4],0,0.01,0.0099,0.050505,0.001,0.499417,0.246667,1.0,0.0,1.0,0.019
75.0,attacker[0],1,0.022,0.0196,0.056122,0.002,0.503,0.246667,1.0,0.425,1.0,0.027
75.0,attacker[1],1,0.016,0.0176,0.045455,0.005,0.499417,0.246667,1.0,0.125,1.0,0.029
75.0,attacker[2],1,0.009,0.0181,0.024862,0.013,0.49925,0.246667,1.0,0.0,1.0,0.025
76.0,ue[0],0,0.011,0.0102,0.053922,0.005,0.500917,0.25,1.0,0.0,1.0,0.018
76.0,ue[1],0,0.009,0.0095,0.047368,0.002,0.500333,0.25,1.0,0.0,1.0,0.022
76.0,ue[2],0,0.012,0.0091,0.065934,0.0,0.5015,0.25,1.0,0.00704,1.0,0.018
76.0,ue[3],0,0.009,0.0092,0.048913,0.003,0.499583,0.25,1.0,0.0,1.0,0.016
76.0,ue[4],0,0.007,0.0095,0.036842,0.003,0.498083,0.25,1.0,0.0,1.0,0.019
76.0,attacker[0],1,0.019,0.0196,0.048469,0.003,0.500917,0.25,1.0,0.401299,1.0,0.027
76.0,attacker[1],1,0.014,0.0168,0.041667,0.002,0.497,0.25,1.0,0.119686,1.0,0.029
76.0,attacker[2],1,0.014,0.0173,0.040462,0.005,0.496583,0.25,1.0,0.119686,1.0,0.025
77.0,ue[0],0,0.01,0.0099,0.050505,0.001,0.498083,0.253333,1.0,0.0,1.0,0.018
77.0,ue[1],0,0.008,0.0093,0.043011,0.001,0.499917,0.253333,1.0,0.0,1.0,0.022
77.0,ue[2],0,0.013,0.0093,0.069892,0.001,0.50125,0.253333,1.0,0.0,1.0,0.018
77.0,ue[3],0,0.015,0.0098,0.076531,0.006,0.501,0.253333,1.0,0.097307,1.0,0.016
77.0,ue[4],0,0.011,0.01,0.055,0.004,0.498667,0.253333,1.0,0.0,1.0,0.019
77.0,attacker[0],1,0.012,0.019,0.031579,0.007,0.496583,0.253333,1.0,0.0,1.0,0.027
77.0,attacker[1],1,0.019,0.0171,0.055556,0.005,0.49875,0.253333,1.0,0.319722,1.0,0.029
77.0,attacker[2],1,0.018,0.0172,0.052326,0.004,0.5005,0.253333,1.0,0.264118,1.0,0.025
78.0,ue[0],0,0.009,0.0105,0.042857,0.001,0.49725,0.256667,1.0,0.0,1.0,0.018
78.0,ue[1],0,0.013,0.0095,0.068421,0.005,0.500417,0.256667,1.0,0.030861,1.0,0.022
78.0,ue[2],0,0.01,0.0095,0.052632,0.003,0.499917,0.256667,1.0,0.0,1.0,0.018
78.0,ue[3],0,0.011,0.01,0.055,0.004,0.501667,0.256667,1.0,0.0,1.0,0.016
78.0,ue[4],0,0.009,0.01,0.045,0.002,0.500333,0.256667,1.0,0.0,1.0,0.019
78.0,attacker[0],1,0.017,0.0184,0.046196,0.005,0.496417,0.256667,1.0,0.277746,1.0,0.027
78.0,attacker[1],1,0.018,0.0176,0.051136,0.001,0.50075,0.256667,1.0,0.339467,1.0,0.029
78.0,attacker[2],1,0.013,0.0164,0.039634,0.005,0.50025,0.256667,1.0,0.030861,1.0,0.025
79.0,ue[0],0,0.009,0.01,0.045,0.0,0.498333,0.26,1.0,0.0,1.0,0.018
79.0,ue[1],0,0.013,0.0101,0.064356,0.0,0.501833,0.26,1.0,0.0,1.0,0.022
79.0,ue[2],0,0.012,0.0103,0.058252,0.002,0.499333,0.26,1.0,0.0,1.0,0.018
79.0,ue[3],0,0.015,0.0106,0.070755,0.004,0.5005,0.26,1.0,0.032292,1.0,0.016
79.0,ue[4],0,0.012,0.0104,0.057692,0.003,0.500583,0.26,1.0,0.0,1.0,0.019
79.0,attacker[0],1,0.016,0.0184,0.043478,0.001,0.499417,0.26,1.0,0.083958,1.0,0.027
79.0,attacker[1],1,0.023,0.0187,0.061497,0.005,0.502083,0.26,1.0,0.445625,1.0,0.029
79.0,attacker[2],1,0.015,0.0155,0.048387,0.002,0.500167,0.26,1.0,0.032292,1.0,0.025
80.0,ue[0],0,0.012,0.0105,0.057143,0.003,0.50025,0.263333,1.0,0.0,1.0,0.018
80.0,ue[1],0,0.016,0.0108,0.074074,0.003,0.50225,0.263333,1.0,0.061135,1.0,0.022
80.0,ue[2],0,0.014,0.0109,0.06422,0.002,0.500667,0.263333,1.0,0.0,1.0,0.018
80.0,ue[3],0,0.013,0.0114,0.057018,0.002,0.501167,0.263333,1.0,0.0,1.0,0.016
80.0,ue[4],0,0.005,0.01,0.025,0.007,0.49975,0.263333,1.0,0.0,1.0,0.019
80.0,attacker[0],1,0.019,0.018,0.052778,0.003,0.50075,0.263333,1.0,0.194519,1.0,0.027
80.0,attacker[1],1,0.019,0.0189,0.050265,0.004,0.502,0.263333,1.0,0.194519,1.0,0.029
80.0,attacker[2],1,0.019,0.0161,0.059006,0.004,0.501,0.263333,1.0,0.194519,1.0,0.025
81.0,ue[0],0,0.014,0.0116,0.060345,0.002,0.501833,0.266667,1.0,0.044461,1.0,0.018
81.0,ue[1],0,0.007,0.0105,0.033333,0.009,0.500083,0.266667,1.0,0.0,1.0,0.022
81.0,ue[2],0,0.008,0.0108,0.037037,0.006,0.499667,0.266667,1.0,0.0,1.0,0.018
81.0,ue[3],0,0.012,0.0121,0.049587,0.001,0.499417,0.266667,1.0,0.0,1.0,0.016
81.0,ue[4],0,0.007,0.0098,0.035714,0.002,0.497667,0.266667,1.0,0.0,1.0,0.019
81.0,attacker[0],1,0.017,0.0178,0.047753,0.002,0.5015,0.266667,1.0,0.163025,1.0,0.027
81.0,attacker[1],1,0.016,0.0188,0.042553,0.003,0.49875,0.266667,1.0,0.123504,1.0,0.029
81.0,attacker[2],1,0.022,0.0165,0.066667,0.003,0.502583,0.266667,1.0,0.360631,1.0,0.025
82.0,ue[0],0,0.005,0.0113,0.022124,0.009,0.49975,0.27,1.0,0.0,1.0,0.018
82.0,ue[1],0,0.009,0.0101,0.044554,0.002,0.497,0.27,1.0,0.0,1.0,0.022
82.0,ue[2],0,0.009,0.0108,0.041667,0.001,0.49825,0.27,1.0,0.0,1.0,0.018
82.0,ue[3],0,0.016,0.0121,0.066116,0.004,0.5005,0.27,1.0,0.12189,1.0,0.016
82.0,ue[4],0,0.008,0.0094,0.042553,0.001,0.499417,0.27,1.0,0.0,1.0,0.019
82.0,attacker[0],1,0.018,0.0185,0.048649,0.001,0.500083,0.27,1.0,0.196899,1.0,0.027
82.0,attacker[1],1,0.021,0.0187,0.05615,0.005,0.49925,0.27,1.0,0.309413,1.0,0.029
82.0,attacker[2],1,0.016,0.0162,0.049383,0.006,0.501667,0.27,1.0,0.12189,1.0,0.025
83.0,ue[0],0,0.014,0.0118,0.059322,0.009,0.498917,0.273333,1.0,0.23094,1.0,0.018
83.0,ue[1],0,0.007,0.0102,0.034314,0.002,0.498,0.273333,1.0,0.0,1.0,0.022
83.0,ue[2],0,0.012,0.0113,0.053097,0.003,0.499583,0.273333,1.0,0.11547,1.0,0.018
83.0,ue[3],0,0.005,0.0116,0.021552,0.011,0.498583,0.273333,1.0,0.0,1.0,0.016
83.0,ue[4],0,0.007,0.0087,0.04023,0.001,0.49975,0.273333,1.0,0.0,1.0,0.019
83.0,attacker[0],1,0.008,0.0172,0.023256,0.01,0.497833,0.273333,1.0,0.0,1.0,0.027
83.0,attacker[1],1,0.012,0.0179,0.03352,0.009,0.498583,0.273333,1.0,0.11547,1.0,0.029
83.0,attacker[2],1,0.015,0.0163,0.046012,0.001,0.498417,0.273333,1.0,0.288675,1.0,0.025
84.0,ue[0],0,0.012,0.0112,0.053571,0.002,0.501333,0.276667,1.0,0.022547,1.0,0.018
84.0,ue[1],0,0.004,0.0097,0.020619,0.003,0.497417,0.276667,1.0,0.0,1.0,0.022
84.0,ue[2],0,0.005,0.0107,0.023364,0.007,0.499083,0.276667,1.0,0.0,1.0,0.018
84.0,ue[3],0,0.011,0.0119,0.046218,0.006,0.497167,0.276667,1.0,0.0,1.0,0.016
84.0,ue[4],0,0.01,0.0086,0.05814,0.003,0.500917,0.276667,1.0,0.0,1.0,0.019
84.0,attacker[0],1,0.015,0.0163,0.046012,0.007,0.49675,0.276667,1.0,0.130775,1.0,0.027
84.0,attacker[1],1,0.023,0.0181,0.063536,0.011,0.499417,0.276667,1.0,0.419383,1.0,0.029
84.0,attacker[2],1,0.011,0.0152,0.036184,0.004,0.497,0.276667,1.0,0.0,1.0,0.025
85.0,ue[0],0,0.016,0.0112,0.071429,0.004,0.5015,0.28,1.0,0.26401,1.0,0.018
85.0,ue[1],0,0.013,0.0099,0.065657,0.009,0.500417,0.28,1.0,0.082975,1.0,0.022
85.0,ue[2],0,0.01,0.0105,0.047619,0.005,0.498917,0.28,1.0,0.0,1.0,0.018
85.0,ue[3],0,0.009,0.0116,0.038793,0.002,0.4995,0.28,1.0,0.0,1.0,0.016
85.0,ue[4],0,0.007,0.0083,0.042169,0.003,0.500583,0.28,1.0,0.0,1.0,0.019
85.0,attacker[0],1,0.015,0.0156,0.048077,0.0,0.500333,0.28,1.0,0.203665,1.0,0.027
85.0,attacker[1],1,0.008,0.0173,0.023121,0.015,0.499583,0.28,1.0,0.0,1.0,0.029
85.0,attacker[2],1,0.015,0.0158,0.047468,0.004,0.497667,0.28,1.0,0.203665,1.0,0.025
86.0,ue[0],0,0.011,0.0112,0.049107,0.005,0.501583,0.283333,1.0,0.0,1.0,0.018
86.0,ue[1],0,0.011,0.0101,0.054455,0.002,0.502667,0.283333,1.0,0.0,1.0,0.022
86.0,ue[2],0,0.008,0.0101,0.039604,0.002,0.500167,0.283333,1.0,0.0,1.0,0.018
86.0,ue[3],0,0.012,0.0119,0.05042,0.003,0.499917,0.283333,1.0,0.016064,1.0,0.016
86.0,ue[4],0,0.007,0.0083,0.042169,0.0,0.499333,0.283333,1.0,0.0,1.0,0.019
86.0,attacker[0],1,0.015,0.0152,0.049342,0.0,0.500667,0.283333,1.0,0.208837,1.0,0.027
86.0,attacker[1],1,0.017,0.0176,0.048295,0.009,0.496917,0.283333,1.0,0.337352,1.0,0.029
86.0,attacker[2],1,0.013,0.0157,0.041401,0.002,0.5,0.283333,1.0,0.080322,1.0,0.025
87.0,ue[0],0,0.006,0.0108,0.027778,0.005,0.49725,0.286667,1.0,0.0,1.0,0.018
87.0,ue[1],0,0.01,0.0103,0.048544,0.001,0.50125,0.286667,1.0,0.0,1.0,0.022
87.0,ue[2],0,0.014,0.0102,0.068627,0.006,0.501,0.286667,1.0,0.13364,1.0,0.018
87.0,ue[3],0,0.006,0.011,0.027273,0.006,0.500333,0.286667,1.0,0.0,1.0,0.016
87.0,ue[4],0,0.009,0.0081,0.055556,0.002,0.5,0.286667,1.0,0.0,1.0,0.019
87.0,attacker[0],1,0.017,0.0157,0.05414,0.002,0.501667,0.286667,1.0,0.27943,1.0,0.027
87.0,attacker[1],1,0.011,0.0168,0.032738,0.006,0.499833,0.286667,1.0,0.0,1.0,0.029
87.0,attacker[2],1,0.017,0.0156,0.054487,0.004,0.500667,0.286667,1.0,0.27943,1.0,0.025
88.0,ue[0],0,0.015,0.0114,0.065789,0.009,0.49875,0.29,1.0,0.018472,1.0,0.018
88.0,ue[1],0,0.018,0.0108,0.083333,0.008,0.502333,0.29,1.0,0.166252,1.0,0.022
88.0,ue[2],0,0.01,0.0102,0.04902,0.004,0.502167,0.29,1.0,0.0,1.0,0.018
88.0,ue[3],0,0.009,0.0108,0.041667,0.003,0.498417,0.29,1.0,0.0,1.0,0.016
88.0,ue[4],0,0.013,0.0085,0.076471,0.004,0.5015,0.29,1.0,0.0,1.0,0.019
88.0,attacker[0],1,0.02,0.016,0.0625,0.003,0.50175,0.29,1.0,0.264772,1.0,0.027
88.0,attacker[1],1,0.02,0.017,0.058824,0.009,0.49975,0.29,1.0,0.264772,1.0,0.029
88.0,attacker[2],1,0.012,0.0155,0.03871,0.005,0.50075,0.29,1.0,0.0,1.0,0.025
89.0,ue[0],0,0.013,0.0118,0.055085,0.002,0.5015,0.293333,1.0,0.033767,1.0,0.018
89.0,ue[1],0,0.009,0.0104,0.043269,0.009,0.501083,0.293333,1.0,0.0,1.0,0.022
89.0,ue[2],0,0.009,0.0099,0.045455,0.001,0.499417,0.293333,1.0,0.0,1.0,0.018
89.0,ue[3],0,0.009,0.0102,0.044118,0.0,0.5,0.293333,1.0,0.0,1.0,0.016
89.0,ue[4],0,0.005,0.0078,0.032051,0.008,0.500667,0.293333,1.0,0.0,1.0,0.019
89.0,attacker[0],1,0.013,0.0157,0.041401,0.007,0.500417,0.293333,1.0,0.033767,1.0,0.027
89.0,attacker[1],1,0.016,0.0163,0.04908,0.004,0.503,0.293333,1.0,0.149539,1.0,0.029
89.0,attacker[2],1,0.023,0.0163,0.070552,0.011,0.50125,0.293333,1.0,0.419673,1.0,0.025
90.0,ue[0],0,0.015,0.0121,0.061983,0.002,0.501667,0.296667,1.0,0.009295,1.0,0.018
90.0,ue[1],0,0.014,0.0102,0.068627,0.005,0.49925,0.296667,1.0,0.0,1.0,0.022
90.0,ue[2],0,0.008,0.0093,0.043011,0.001,0.498917,0.296667,1.0,0.0,1.0,0.018
90.0,ue[3],0,0.015,0.0104,0.072115,0.006,0.5015,0.296667,1.0,0.009295,1.0,0.016
90.0,ue[4],0,0.01,0.0083,0.060241,0.005,0.498917,0.296667,1.0,0.0,1.0,0.019
90.0,attacker[0],1,0.017,0.0155,0.054839,0.004,0.498833,0.296667,1.0,0.083653,1.0,0.027
90.0,attacker[1],1,0.027,0.0171,0.078947,0.011,0.50275,0.296667,1.0,0.455445,1.0,0.029
90.0,attacker[2],1,0.012,0.0156,0.038462,0.011,0.50175,0.296667,1.0,0.0,1.0,0.025
91.0,ue[0],0,0.006,0.0113,0.026549,0.009,0.499583,0.3,1.0,0.0,1.0,0.018
91.0,ue[1],0,0.009,0.0104,0.043269,0.005,0.499583,0.3,1.0,0.0,1.0,0.022
91.0,ue[2],0,0.008,0.0093,0.043011,0.0,0.4985,0.3,1.0,0.0,1.0,0.018
91.0,ue[3],0,0.011,0.0103,0.053398,0.004,0.5025,0.3,1.0,0.041134,1.0,0.016
91.0,ue[4],0,0.008,0.0084,0.047619,0.002,0.5,0.3,1.0,0.0,1.0,0.019
91.0,attacker[0],1,0.013,0.0151,0.043046,0.004,0.499167,0.3,1.0,0.172765,1.0,0.027
91.0,attacker[1],1,0.016,0.0171,0.046784,0.011,0.502917,0.3,1.0,0.37021,1.0,0.029
91.0,attacker[2],1,0.012,0.0146,0.041096,0.0,0.497333,0.3,1.0,0.10695,1.0,0.025
92.0,ue[0],0,0.017,0.0125,0.068,0.011,0.498583,0.303333,1.0,0.22711,1.0,0.018
92.0,ue[1],0,0.014,0.0109,0.06422,0.005,0.498917,0.303333,1.0,0.032444,1.0,0.022
92.0,ue[2],0,0.014,0.0098,0.071429,0.006,0.501,0.303333,1.0,0.032444,1.0,0.018
92.0,ue[3],0,0.008,0.0095,0.042105,0.003,0.49925,0.303333,1.0,0.0,1.0,0.016
92.0,ue[4],0,0.013,0.0089,0.073034,0.005,0.500583,0.303333,1.0,0.0,1.0,0.019
92.0,attacker[0],1,0.014,0.0147,0.047619,0.001,0.498417,0.303333,1.0,0.032444,1.0,0.027
92.0,attacker[1],1,0.018,0.0168,0.053571,0.002,0.498,0.303333,1.0,0.291998,1.0,0.029
92.0,attacker[2],1,0.01,0.014,0.035714,0.002,0.497667,0.303333,1.0,0.0,1.0,0.025
93.0,ue[0],0,0.009,0.012,0.0375,0.008,0.500833,0.306667,1.0,0.0,1.0,0.018
93.0,ue[1],0,0.008,0.011,0.036364,0.006,0.500167,0.306667,1.0,0.0,1.0,0.022
93.0,ue[2],0,0.016,0.0102,0.078431,0.002,0.503333,0.306667,1.0,0.267067,1.0,0.018
93.0,ue[3],0,0.009,0.0099,0.045455,0.001,0.498417,0.306667,1.0,0.0,1.0,0.016
93.0,ue[4],0,0.008,0.009,0.044444,0.005,0.501417,0.306667,1.0,0.0,1.0,0.019
93.0,attacker[0],1,0.013,0.0152,0.042763,0.001,0.499583,0.306667,1.0,0.083935,1.0,0.027
93.0,attacker[1],1,0.016,0.0172,0.046512,0.002,0.498667,0.306667,1.0,0.267067,1.0,0.029
93.0,attacker[2],1,0.014,0.0139,0.05036,0.004,0.498167,0.306667,1.0,0.144979,1.0,0.025
94.0,ue[0],0,0.007,0.0115,0.030435,0.002,0.497667,0.31,1.0,0.0,1.0,0.018
94.0,ue[1],0,0.006,0.0112,0.026786,0.002,0.497333,0.31,1.0,0.0,1.0,0.022
94.0,ue[2],0,0.01,0.0107,0.046729,0.006,0.5015,0.31,1.0,0.0,1.0,0.018
94.0,ue[3],0,0.014,0.0102,0.068627,0.005,0.500083,0.31,1.0,0.163299,1.0,0.016
94.0,ue[4],0,0.007,0.0087,0.04023,0.001,0.498583,0.31,1.0,0.0,1.0,0.019
94.0,attacker[0],1,0.015,0.0152,0.049342,0.002,0.499667,0.31,1.0,0.217732,1.0,0.027
94.0,attacker[1],1,0.014,0.0163,0.042945,0.002,0.497333,0.31,1.0,0.163299,1.0,0.029
94.0,attacker[2],1,0.015,0.0143,0.052448,0.001,0.501583,0.31,1.0,0.217732,1.0,0.025
95.0,ue[0],0,0.007,0.0106,0.033019,0.0,0.498167,0.313333,1.0,0.0,1.0,0.018
95.0,ue[1],0,0.005,0.0104,0.024038,0.001,0.497583,0.313333,1.0,0.0,1.0,0.022
95.0,ue[2],0,0.006,0.0103,0.029126,0.004,0.497667,0.313333,1.0,0.0,1.0,0.018
95.0,ue[3],0,0.017,0.011,0.077273,0.003,0.503083,0.313333,1.0,0.116692,1.0,0.017
95.0,ue[4],0,0.008,0.0088,0.045455,0.001,0.498917,0.313333,1.0,0.0,1.0,0.019
95.0,attacker[0],1,0.017,0.0154,0.055195,0.002,0.501333,0.313333,1.0,0.116692,1.0,0.027
95.0,attacker[1],1,0.024,0.0179,0.067039,0.01,0.501167,0.313333,1.0,0.320903,1.0,0.029
95.0,attacker[2],1,0.02,0.0148,0.067568,0.005,0.50275,0.313333,1.0,0.204211,1.0,0.025
96.0,ue[0],0,0.009,0.0104,0.043269,0.002,0.4985,0.316667,1.0,0.0,1.0,0.018
96.0,ue[1],0,0.009,0.0102,0.044118,0.004,0.498833,0.316667,1.0,0.0,1.0,0.022
96.0,ue[2],0,0.007,0.0102,0.034314,0.001,0.496583,0.316667,1.0,0.0,1.0,0.018
96.0,ue[3],0,0.007,0.0105,0.033333,0.01,0.500833,0.316667,1.0,0.0,1.0,0.017
96.0,ue[4],0,0.016,0.0097,0.082474,0.008,0.501333,0.316667,1.0,0.196627,1.0,0.019
96.0,attacker[0],1,0.011,0.015,0.036667,0.006,0.5,0.316667,1.0,0.0,1.0,0.027
96.0,attacker[1],1,0.016,0.0178,0.044944,0.008,0.502,0.316667,1.0,0.196627,1.0,0.029
96.0,attacker[2],1,0.019,0.0154,0.061688,0.001,0.50325,0.316667,1.0,0.335423,1.0,0.025
97.0,ue[0],0,0.011,0.0109,0.050459,0.002,0.501167,0.32,1.0,0.0,1.0,0.018
97.0,ue[1],0,0.012,0.0104,0.057692,0.003,0.502083,0.32,1.0,0.02052,1.0,0.022
97.0,ue[2],0,0.005,0.0093,0.026882,0.002,0.497667,0.32,1.0,0.0,1.0,0.018
97.0,ue[3],0,0.005,0.0104,0.024038,0.002,0.496333,0.32,1.0,0.0,1.0,0.017
97.0,ue[4],0,0.009,0.0097,0.046392,0.007,0.502417,0.32,1.0,0.0,1.0,0.019
97.0,attacker[0],1,0.02,0.0153,0.065359,0.009,0.50025,0.32,1.0,0.348833,1.0,0.027
97.0,attacker[1],1,0.014,0.0181,0.038674,0.002,0.4985,0.32,1.0,0.102598,1.0,0.029
97.0,attacker[2],1,0.016,0.0153,0.052288,0.003,0.500583,0.32,1.0,0.184676,1.0,0.025
98.0,ue[0],0,0.006,0.01,0.03,0.005,0.500417,0.323333,1.0,0.0,1.0,0.018
98.0,ue[1],0,0.014,0.01,0.07,0.002,0.503167,0.323333,1.0,0.061199,1.0,0.022
98.0,ue[2],0,0.011,0.0094,0.058511,0.006,0.500167,0.323333,1.0,0.0,1.0,0.018
98.0,ue[3],0,0.007,0.0102,0.034314,0.002,0.496667,0.323333,1.0,0.0,1.0,0.017
98.0,ue[4],0,0.016,0.01,0.08,0.007,0.501083,0.323333,1.0,0.159117,1.0,0.019
98.0,attacker[0],1,0.016,0.0149,0.053691,0.004,0.501833,0.323333,1.0,0.159117,1.0,0.027
98.0,attacker[1],1,0.018,0.0179,0.050279,0.004,0.499,0.323333,1.0,0.257036,1.0,0.029
98.0,attacker[2],1,0.014,0.0155,0.045161,0.002,0.4985,0.323333,1.0,0.061199,1.0,0.025
99.0,ue[0],0,0.008,0.0095,0.042105,0.002,0.499,0.326667,1.0,0.0,1.0,0.018
99.0,ue[1],0,0.009,0.01,0.045,0.005,0.501417,0.326667,1.0,0.0,1.0,0.022
99.0,ue[2],0,0.007,0.0092,0.038043,0.004,0.5015,0.326667,1.0,0.0,1.0,0.018
99.0,ue[3],0,0.007,0.01,0.035,0.0,0.498667,0.326667,1.0,0.0,1.0,0.017
99.0,ue[4],0,0.005,0.01,0.025,0.011,0.49975,0.326667,1.0,0.0,1.0,0.019
99.0,attacker[0],1,0.014,0.015,0.046667,0.002,0.4995,0.326667,1.0,0.101081,1.0,0.027
99.0,attacker[1],1,0.016,0.0179,0.044693,0.002,0.4995,0.326667,1.0,0.171397,1.0,0.029
99.0,attacker[2],1,0.023,0.0155,0.074194,0.009,0.500083,0.326667,1.0,0.417507,1.0,0.025
100.0,ue[0],0,0.009,0.0089,0.050562,0.001,0.499917,0.33,1.0,0.0,1.0,0.018
100.0,ue[1],0,0.007,0.0093,0.037634,0.002,0.498167,0.33,1.0,0.0,1.0,0.022
100.0,ue[2],0,0.012,0.0096,0.0625,0.005,0.500917,0.33,1.0,0.128901,1.0,0.018
100.0,ue[3],0,0.005,0.009,0.027778,0.002,0.499833,0.33,1.0,0.0,1.0,0.017
100.0,ue[4],0,0.007,0.0097,0.036082,0.002,0.496167,0.33,1.0,0.0,1.0,0.019
100.0,attacker[0],1,0.011,0.0144,0.038194,0.003,0.498417,0.33,1.0,0.071611,1.0,0.027
100.0,attacker[1],1,0.017,0.0169,0.050296,0.001,0.50025,0.33,1.0,0.415347,1.0,0.029
100.0,attacker[2],1,0.01,0.0153,0.03268,0.013,0.500083,0.33,1.0,0.014322,1.0,0.025
101.0,ue[0],0,0.009,0.0092,0.048913,0.0,0.500333,0.333333,1.0,0.0,1.0,0.018
101.0,ue[1],0,0.011,0.0095,0.057895,0.004,0.498667,0.333333,1.0,0.0,1.0,0.022
101.0,ue[2],0,0.018,0.0106,0.084906,0.006,0.503667,0.333333,1.0,0.193866,1.0,0.018
101.0,ue[3],0,0.007,0.0086,0.040698,0.002,0.499833,0.333333,1.0,0.0,1.0,0.017
101.0,ue[4],0,0.019,0.0108,0.087963,0.012,0.5015,0.333333,1.0,0.240864,1.0,0.019
101.0,attacker[0],1,0.018,0.0149,0.060403,0.007,0.498917,0.333333,1.0,0.193866,1.0,0.027
101.0,attacker[1],1,0.016,0.0169,0.047337,0.001,0.50025,0.333333,1.0,0.09987,1.0,0.029
101.0,attacker[2],1,0.013,0.0154,0.042208,0.003,0.496917,0.333333,1.0,0.0,1.0,0.025
102.0,ue[0],0,0.008,0.0083,0.048193,0.001,0.500417,0.336667,1.0,0.0,1.0,0.018
102.0,ue[1],0,0.014,0.0095,0.073684,0.003,0.50125,0.336667,1.0,0.13484,1.0,0.022
102.0,ue[2],0,0.007,0.0099,0.035354,0.011,0.50125,0.336667,1.0,0.0,1.0,0.018
102.0,ue[3],0,0.007,0.0085,0.041176,0.0,0.500333,0.336667,1.0,0.0,1.0,0.017
102.0,ue[4],0,0.012,0.0107,0.056075,0.007,0.503083,0.336667,1.0,0.026968,1.0,0.019
102.0,attacker[0],1,0.017,0.0152,0.055921,0.001,0.501917,0.336667,1.0,0.296648,1.0,0.027
102.0,attacker[1],1,0.016,0.0167,0.047904,0.0,0.4995,0.336667,1.0,0.242712,1.0,0.029
102.0,attacker[2],1,0.011,0.0155,0.035484,0.002,0.498167,0.336667,1.0,0.0,1.0,0.025
103.0,ue[0],0,0.008,0.0082,0.04878,0.0,0.499667,0.34,1.0,0.0,1.0,0.018
103.0,ue[1],0,0.004,0.0091,0.021978,0.01,0.5,0.34,1.0,0.0,1.0,0.022
103.0,ue[2],0,0.011,0.0094,0.058511,0.004,0.498333,0.34,1.0,0.0,1.0,0.018
103.0,ue[3],0,0.01,0.0086,0.05814,0.003,0.501083,0.34,1.0,0.0,1.0,0.017
103.0,ue[4],0,0.009,0.0108,0.041667,0.003,0.500083,0.34,1.0,0.0,1.0,0.019
103.0,attacker[0],1,0.021,0.016,0.065625,0.004,0.502333,0.34,1.0,0.328989,1.0,0.027
103.0,attacker[1],1,0.019,0.017,0.055882,0.003,0.500583,0.34,1.0,0.254851,1.0,0.029
103.0,attacker[2],1,0.015,0.0156,0.048077,0.004,0.498833,0.34,1.0,0.106574,1.0,0.025
104.0,ue[0],0,0.015,0.009,0.083333,0.007,0.501417,0.343333,1.0,0.149606,1.0,0.018
104.0,ue[1],0,0.009,0.0094,0.047872,0.005,0.497917,0.343333,1.0,0.0,1.0,0.022
104.0,ue[2],0,0.006,0.009,0.033333,0.005,0.498083,0.343333,1.0,0.0,1.0,0.018
104.0,ue[3],0,0.006,0.0078,0.038462,0.004,0.500833,0.343333,1.0,0.0,1.0,0.017
104.0,ue[4],0,0.008,0.0109,0.036697,0.001,0.497917,0.343333,1.0,0.0,1.0,0.019
104.0,attacker[0],1,0.021,0.0166,0.063253,0.0,0.502833,0.343333,1.0,0.397229,1.0,0.027
104.0,attacker[1],1,0.012,0.0168,0.035714,0.007,0.499583,0.343333,1.0,0.025794,1.0,0.029
104.0,attacker[2],1,0.014,0.0155,0.045161,0.001,0.501583,0.343333,1.0,0.108335,1.0,0.025
105.0,ue[0],0,0.013,0.0096,0.067708,0.002,0.502833,0.346667,1.0,0.0,1.0,0.018
105.0,ue[1],0,0.012,0.0101,0.059406,0.003,0.500417,0.346667,1.0,0.0,1.0,0.022
105.0,ue[2],0,0.01,0.0094,0.053191,0.004,0.498,0.346667,1.0,0.0,1.0,0.018
105.0,ue[3],0,0.011,0.0072,0.076389,0.005,0.50025,0.346667,1.0,0.0,1.0,0.017
105.0,ue[4],0,0.013,0.0114,0.057018,0.005,0.498583,0.346667,1.0,0.0,1.0,0.019
105.0,attacker[0],1,0.016,0.0165,0.048485,0.005,0.499917,0.346667,1.0,0.235155,1.0,0.027
105.0,attacker[1],1,0.016,0.016,0.05,0.004,0.4985,0.346667,1.0,0.235155,1.0,0.029
105.0,attacker[2],1,0.016,0.0151,0.05298,0.002,0.501,0.346667,1.0,0.235155,1.0,0.025
106.0,ue[0],0,0.015,0.0102,0.073529,0.002,0.501833,0.35,1.0,0.154919,1.0,0.018
106.0,ue[1],0,0.006,0.0098,0.030612,0.006,0.5,0.35,1.0,0.0,1.0,0.022
106.0,ue[2],0,0.014,0.0101,0.069307,0.004,0.502,0.35,1.0,0.10328,1.0,0.018
106.0,ue[3],0,0.011,0.0076,0.072368,0.0,0.501667,0.35,1.0,0.0,1.0,0.017
106.0,ue[4],0,0.006,0.0104,0.028846,0.007,0.499917,0.35,1.0,0.0,1.0,0.019
106.0,attacker[0],1,0.015,0.0169,0.044379,0.001,0.497917,0.35,1.0,0.154919,1.0,0.027
106.0,attacker[1],1,0.012,0.0156,0.038462,0.004,0.499167,0.35,1.0,0.0,1.0,0.029
106.0,attacker[2],1,0.017,0.0149,0.057047,0.001,0.501583,0.35,1.0,0.258199,1.0,0.025
107.0,ue[0],0,0.007,0.0098,0.035714,0.008,0.4995,0.353333,1.0,0.0,1.0,0.018
107.0,ue[1],0,0.011,0.0097,0.056701,0.005,0.500083,0.353333,1.0,0.0,1.0,0.022
107.0,ue[2],0,0.011,0.0107,0.051402,0.003,0.50175,0.353333,1.0,0.0,1.0,0.018
107.0,ue[3],0,0.005,0.0076,0.032895,0.006,0.4995,0.353333,1.0,0.0,1.0,0.017
107.0,ue[4],0,0.006,0.0101,0.029703,0.0,0.498,0.353333,1.0,0.0,1.0,0.019
107.0,attacker[0],1,0.015,0.0164,0.045732,0.0,0.497833,0.353333,1.0,0.131122,1.0,0.027
107.0,attacker[1],1,0.022,0.0164,0.067073,0.01,0.500667,0.353333,1.0,0.393366,1.0,0.029
107.0,attacker[2],1,0.015,0.0148,0.050676,0.002,0.5005,0.353333,1.0,0.131122,1.0,0.025
108.0,ue[0],0,0.012,0.0104,0.057692,0.005,0.497583,0.356667,1.0,0.0,1.0,0.018
108.0,ue[1],0,0.007,0.009,0.038889,0.004,0.5,0.356667,1.0,0.0,1.0,0.022
108.0,ue[2],0,0.009,0.0105,0.042857,0.002,0.5,0.356667,1.0,0.0,1.0,0.018
108.0,ue[3],0,0.008,0.0077,0.051948,0.003,0.498583,0.356667,1.0,0.0,1.0,0.017
108.0,ue[4],0,0.01,0.0095,0.052632,0.004,0.4995,0.356667,1.0,0.0,1.0,0.019
108.0,attacker[0],1,0.018,0.0166,0.054217,0.003,0.499583,0.356667,1.0,0.195072,1.0,0.027
108.0,attacker[1],1,0.023,0.0169,0.068047,0.001,0.504583,0.356667,1.0,0.385387,1.0,0.029
108.0,attacker[2],1,0.016,0.015,0.053333,0.001,0.499917,0.356667,1.0,0.118946,1.0,0.025
109.0,ue[0],0,0.013,0.0109,0.059633,0.001,0.500417,0.36,1.0,0.0,1.0,0.018
109.0,ue[1],0,0.013,0.0094,0.069149,0.006,0.500167,0.36,1.0,0.0,1.0,0.022
109.0,ue[2],0,0.008,0.0106,0.037736,0.001,0.498417,0.36,1.0,0.0,1.0,0.018
109.0,ue[3],0,0.012,0.0082,0.073171,0.004,0.5005,0.36,1.0,0.0,1.0,0.017
109.0,ue[4],0,0.01,0.01,0.05,0.0,0.500833,0.36,1.0,0.0,1.0,0.019
109.0,attacker[0],1,0.019,0.0171,0.055556,0.001,0.501583,0.36,1.0,0.301245,1.0,0.027
109.0,attacker[1],1,0.016,0.0169,0.047337,0.007,0.501417,0.36,1.0,0.133108,1.0,0.029
109.0,attacker[2],1,0.018,0.0145,0.062069,0.002,0.5005,0.36,1.0,0.245199,1.0,0.025
110.0,ue[0],0,0.007,0.0107,0.03271,0.006,0.499333,0.363333,1.0,0.0,1.0,0.018
110.0,ue[1],0,0.008,0.0095,0.042105,0.005,0.50125,0.363333,1.0,0.0,1.0,0.022
110.0,ue[2],0,0.015,0.0109,0.068807,0.007,0.500083,0.363333,1.0,0.096592,1.0,0.018
110.0,ue[3],0,0.013,0.009,0.072222,0.001,0.50225,0.363333,1.0,0.005682,1.0,0.017
110.0,ue[4],0,0.012,0.0105,0.057143,0.002,0.501833,0.363333,1.0,0.0,1.0,0.019
110.0,attacker[0],1,0.01,0.017,0.029412,0.009,0.49925,0.363333,1.0,0.0,1.0,0.027
110.0,attacker[1],1,0.017,0.0169,0.050296,0.001,0.49875,0.363333,1.0,0.187503,1.0,0.029
110.0,attacker[2],1,0.021,0.0156,0.067308,0.003,0.50175,0.363333,1.0,0.369324,1.0,0.025
111.0,ue[0],0,0.007,0.0105,0.033333,0.0,0.498167,0.366667,1.0,0.0,1.0,0.018
111.0,ue[1],0,0.007,0.0091,0.038462,0.001,0.498583,0.366667,1.0,0.0,1.0,0.022
111.0,ue[2],0,0.007,0.0098,0.035714,0.008,0.500833,0.366667,1.0,0.0,1.0,0.018
111.0,ue[3],0,0.008,0.0091,0.043956,0.005,0.501083,0.366667,1.0,0.0,1.0,0.017
111.0,ue[4],0,0.012,0.0098,0.061224,0.0,0.501667,0.366667,1.0,0.137101,1.0,0.019
111.0,attacker[0],1,0.014,0.0166,0.042169,0.004,0.497333,0.366667,1.0,0.266138,1.0,0.027
111.0,attacker[1],1,0.009,0.0162,0.027778,0.008,0.496333,0.366667,1.0,0.0,1.0,0.029
111.0,attacker[2],1,0.015,0.0158,0.047468,0.006,0.500833,0.366667,1.0,0.330656,1.0,0.025
112.0,ue[0],0,0.011,0.0108,0.050926,0.004,0.499167,0.37,1.0,0.0,1.0,0.018
112.0,ue[1],0,0.011,0.0088,0.0625,0.004,0.499833,0.37,1.0,0.0,1.0,0.022
112.0,ue[2],0,0.01,0.0101,0.049505,0.003,0.498917,0.37,1.0,0.0,1.0,0.018
112.0,ue[3],0,0.009,0.0093,0.048387,0.001,0.49875,0.37,1.0,0.0,1.0,0.017
112.0,ue[4],0,0.009,0.0095,0.047368,0.003,0.499917,0.37,1.0,0.0,1.0,0.019
112.0,attacker[0],1,0.021,0.017,0.061765,0.007,0.500917,0.37,1.0,0.397995,1.0,0.027
112.0,attacker[1],1,0.013,0.0159,0.040881,0.004,0.496167,0.37,1.0,0.01206,1.0,0.029
112.0,attacker[2],1,0.018,0.0165,0.054545,0.003,0.499083,0.37,1.0,0.253269,1.0,0.025
113.0,ue[0],0,0.012,0.0112,0.053571,0.001,0.50125,0.373333,1.0,0.0,1.0,0.018
113.0,ue[1],0,0.008,0.0092,0.043478,0.003,0.500083,0.373333,1.0,0.0,1.0,0.022
113.0,ue[2],0,0.013,0.0103,0.063107,0.003,0.50075,0.373333,1.0,0.027884,1.0,0.018
113.0,ue[3],0,0.009,0.0092,0.048913,0.0,0.499,0.373333,1.0,0.0,1.0,0.017
113.0,ue[4],0,0.013,0.0099,0.065657,0.004,0.499833,0.373333,1.0,0.027884,1.0,0.019
113.0,attacker[0],1,0.015,0.0164,0.045732,0.006,0.501833,0.373333,1.0,0.176601,1.0,0.027
113.0,attacker[1],1,0.015,0.0155,0.048387,0.002,0.5,0.373333,1.0,0.176601,1.0,0.029
113.0,attacker[2],1,0.016,0.0166,0.048193,0.002,0.4995,0.373333,1.0,0.250959,1.0,0.025
114.0,ue[0],0,0.008,0.0105,0.038095,0.004,0.500833,0.376667,1.0,0.0,1.0,0.018
114.0,ue[1],0,0.009,0.0092,0.048913,0.001,0.499917,0.376667,1.0,0.0,1.0,0.022
114.0,ue[2],0,0.014,0.0111,0.063063,0.001,0.501417,0.376667,1.0,0.095369,1.0,0.018
114.0,ue[3],0,0.009,0.0095,0.047368,0.0,0.4995,0.376667,1.0,0.0,1.0,0.017
114.0,ue[4],0,0.008,0.0099,0.040404,0.005,0.49975,0.376667,1.0,0.0,1.0,0.019
114.0,attacker[0],1,0.022,0.0165,0.066667,0.007,0.50175,0.376667,1.0,0.454404,1.0,0.027
114.0,attacker[1],1,0.014,0.0157,0.044586,0.001,0.50075,0.376667,1.0,0.095369,1.0,0.029
114.0,attacker[2],1,0.011,0.0163,0.033742,0.005,0.49775,0.376667,1.0,0.0,1.0,0.025
115.0,ue[0],0,0.008,0.01,0.04,0.0,0.499,0.38,1.0,0.0,1.0,0.018
115.0,ue[1],0,0.01,0.009,0.055556,0.001,0.500417,0.38,1.0,0.0,1.0,0.022
115.0,ue[2],0,0.005,0.0106,0.023585,0.009,0.49975,0.38,1.0,0.0,1.0,0.018
115.0,ue[3],0,0.008,0.0092,0.043478,0.001,0.499917,0.38,1.0,0.0,1.0,0.017
115.0,ue[4],0,0.016,0.0102,0.078431,0.008,0.500333,0.38,1.0,0.165912,1.0,0.019
115.0,attacker[0],1,0.012,0.0161,0.037267,0.01,0.500167,0.38,1.0,0.0,1.0,0.027
115.0,attacker[1],1,0.018,0.0159,0.056604,0.004,0.501833,0.38,1.0,0.248868,1.0,0.029
115.0,attacker[2],1,0.019,0.0166,0.057229,0.008,0.499333,0.38,1.0,0.290346,1.0,0.025
116.0,ue[0],0,0.009,0.0094,0.047872,0.001,0.499083,0.383333,1.0,0.0,1.0,0.018
116.0,ue[1],0,0.009,0.0093,0.048387,0.001,0.500083,0.383333,1.0,0.0,1.0,0.022
116.0,ue[2],0,0.009,0.0101,0.044554,0.004,0.497333,0.383333,1.0,0.0,1.0,0.018
116.0,ue[3],0,0.007,0.0088,0.039773,0.001,0.49925,0.383333,1.0,0.0,1.0,0.017
116.0,ue[4],0,0.01,0.0106,0.04717,0.006,0.5015,0.383333,1.0,0.0,1.0,0.019
116.0,attacker[0],1,0.022,0.0168,0.065476,0.01,0.498833,0.383333,1.0,0.348452,1.0,0.027
116.0,attacker[1],1,0.017,0.0164,0.051829,0.001,0.50175,0.383333,1.0,0.1601,1.0,0.029
116.0,attacker[2],1,0.019,0.0168,0.056548,0.0,0.502,0.383333,1.0,0.235441,1.0,0.025
117.0,ue[0],0,0.011,0.0098,0.056122,0.002,0.500333,0.386667,1.0,0.0,1.0,0.018
117.0,ue[1],0,0.01,0.0092,0.054348,0.001,0.50025,0.386667,1.0,0.0,1.0,0.022
117.0,ue[2],0,0.013,0.0103,0.063107,0.004,0.500167,0.386667,1.0,0.0,1.0,0.018
117.0,ue[3],0,0.011,0.0094,0.058511,0.004,0.500167,0.386667,1.0,0.0,1.0,0.017
117.0,ue[4],0,0.006,0.0106,0.028302,0.004,0.497833,0.386667,1.0,0.0,1.0,0.019
117.0,attacker[0],1,0.014,0.0167,0.041916,0.008,0.500833,0.386667,1.0,0.028636,1.0,0.027
117.0,attacker[1],1,0.016,0.0158,0.050633,0.001,0.500417,0.386667,1.0,0.105,1.0,0.029
117.0,attacker[2],1,0.025,0.0178,0.070225,0.006,0.503333,0.386667,1.0,0.448637,1.0,0.025
118.0,ue[0],0,0.009,0.0095,0.047368,0.002,0.500833,0.39,1.0,0.0,1.0,0.018
118.0,ue[1],0,0.009,0.0094,0.047872,0.001,0.500083,0.39,1.0,0.0,1.0,0.022
118.0,ue[2],0,0.018,0.0112,0.080357,0.005,0.503083,0.39,1.0,0.269657,1.0,0.018
118.0,ue[3],0,0.007,0.0093,0.037634,0.004,0.5005,0.39,1.0,0.0,1.0,0.017
118.0,ue[4],0,0.011,0.0107,0.051402,0.005,0.498583,0.39,1.0,0.0,1.0,0.019
118.0,attacker[0],1,0.011,0.016,0.034375,0.003,0.496917,0.39,1.0,0.0,1.0,0.027
118.0,attacker[1],1,0.02,0.0155,0.064516,0.004,0.500833,0.39,1.0,0.36345,1.0,0.029
118.0,attacker[2],1,0.013,0.0175,0.037143,0.012,0.501333,0.39,1.0,0.035173,1.0,0.025
119.0,ue[0],0,0.01,0.0092,0.054348,0.001,0.500083,0.393333,1.0,0.0,1.0,0.018
119.0,ue[1],0,0.013,0.0094,0.069149,0.004,0.500667,0.393333,1.0,0.005795,1.0,0.022
119.0,ue[2],0,0.009,0.0113,0.039823,0.009,0.50225,0.393333,1.0,0.0,1.0,0.018
119.0,ue[3],0,0.009,0.009,0.05,0.002,0.499667,0.393333,1.0,0.0,1.0,0.017
119.0,ue[4],0,0.008,0.0105,0.038095,0.003,0.499417,0.393333,1.0,0.0,1.0,0.019
119.0,attacker[0],1,0.016,0.0157,0.050955,0.005,0.49875,0.393333,1.0,0.144882,1.0,0.027
119.0,attacker[1],1,0.02,0.0159,0.062893,0.0,0.5015,0.393333,1.0,0.330331,1.0,0.029
119.0,attacker[2],1,0.018,0.0175,0.051429,0.005,0.49725,0.393333,1.0,0.237606,1.0,0.025
120.0,ue[0],0,0.011,0.0096,0.057292,0.001,0.500417,0.396667,1.0,0.0,1.0,0.018
120.0,ue[1],0,0.008,0.0094,0.042553,0.005,0.500583,0.396667,1.0,0.0,1.0,0.022
120.0,ue[2],0,0.008,0.0106,0.037736,0.001,0.497583,0.396667,1.0,0.0,1.0,0.018
120.0,ue[3],0,0.009,0.0086,0.052326,0.0,0.500333,0.396667,1.0,0.0,1.0,0.017
120.0,ue[4],0,0.008,0.0101,0.039604,0.0,0.4995,0.396667,1.0,0.0,1.0,0.019
120.0,attacker[0],1,0.022,0.0169,0.065089,0.006,0.501667,0.396667,1.0,0.408636,1.0,0.027
120.0,attacker[1],1,0.014,0.0156,0.044872,0.006,0.499667,0.396667,1.0,0.077589,1.0,0.029
120.0,attacker[2],1,0.017,0.0171,0.049708,0.001,0.49925,0.396667,1.0,0.201732,1.0,0.025
121.0,ue[0],0,0.008,0.0097,0.041237,0.003,0.49975,0.4,1.0,0.0,1.0,0.018
121.0,ue[1],0,0.011,0.0098,0.056122,0.003,0.499417,0.4,1.0,0.0,1.0,0.022
121.0,ue[2],0,0.009,0.0108,0.041667,0.001,0.497583,0.4,1.0,0.0,1.0,0.018
121.0,ue[3],0,0.009,0.0087,0.051724,0.0,0.5,0.4,1.0,0.0,1.0,0.017
121.0,ue[4],0,0.009,0.0098,0.045918,0.001,0.500083,0.4,1.0,0.0,1.0,0.019
121.0,attacker[0],1,0.02,0.0175,0.057143,0.002,0.503667,0.4,1.0,0.267815,1.0,0.027
121.0,attacker[1],1,0.019,0.0166,0.057229,0.005,0.498917,0.4,1.0,0.22886,1.0,0.029
121.0,attacker[2],1,0.02,0.0176,0.056818,0.003,0.499917,0.4,1.0,0.267815,1.0,0.025
122.0,ue[0],0,0.011,0.0097,0.056701,0.003,0.49975,0.403333,1.0,0.0,1.0,0.018
122.0,ue[1],0,0.006,0.0093,0.032258,0.005,0.49925,0.403333,1.0,0.0,1.0,0.022
122.0,ue[2],0,0.01,0.0108,0.046296,0.001,0.498917,0.403333,1.0,0.0,1.0,0.018
122.0,ue[3],0,0.014,0.0092,0.076087,0.005,0.501583,0.403333,1.0,0.095479,1.0,0.017
122.0,ue[4],0,0.01,0.0099,0.050505,0.001,0.50025,0.403333,1.0,0.0,1.0,0.019
122.0,attacker[0],1,0.013,0.0167,0.038922,0.007,0.500083,0.403333,1.0,0.04092,1.0,0.027
122.0,attacker[1],1,0.019,0.0172,0.055233,0.0,0.5005,0.403333,1.0,0.368277,1.0,0.029
122.0,attacker[2],1,0.015,0.0173,0.043353,0.005,0.50075,0.403333,1.0,0.150039,1.0,0.025
123.0,ue[0],0,0.012,0.0097,0.061856,0.001,0.500917,0.406667,1.0,0.0,1.0,0.018
123.0,ue[1],0,0.008,0.0093,0.043011,0.002,0.498167,0.406667,1.0,0.0,1.0,0.022
123.0,ue[2],0,0.01,0.0105,0.047619,0.0,0.500667,0.406667,1.0,0.0,1.0,0.018
123.0,ue[3],0,0.011,0.0094,0.058511,0.003,0.50175,0.406667,1.0,0.0,1.0,0.017
123.0,ue[4],0,0.009,0.0095,0.047368,0.001,0.500583,0.406667,1.0,0.0,1.0,0.019
123.0,attacker[0],1,0.016,0.0168,0.047619,0.003,0.497583,0.406667,1.0,0.187083,1.0,0.027
123.0,attacker[1],1,0.014,0.0171,0.040936,0.005,0.499417,0.406667,1.0,0.080178,1.0,0.029
123.0,attacker[2],1,0.02,0.0177,0.056497,0.005,0.499583,0.406667,1.0,0.400892,1.0,0.025
124.0,ue[0],0,0.01,0.0099,0.050505,0.002,0.5005,0.41,1.0,0.0,1.0,0.018
124.0,ue[1],0,0.016,0.01,0.08,0.008,0.501833,0.41,1.0,0.065681,1.0,0.022
124.0,ue[2],0,0.01,0.0101,0.049505,0.0,0.5005,0.41,1.0,0.0,1.0,0.018
124.0,ue[3],0,0.01,0.0095,0.052632,0.001,0.499917,0.41,1.0,0.0,1.0,0.017
124.0,ue[4],0,0.011,0.0098,0.056122,0.002,0.5005,0.41,1.0,0.0,1.0,0.019
124.0,attacker[0],1,0.014,0.016,0.04375,0.002,0.498333,0.41,1.0,0.0,1.0,0.027
124.0,attacker[1],1,0.02,0.0177,0.056497,0.006,0.499833,0.41,1.0,0.227357,1.0,0.029
124.0,attacker[2],1,0.024,0.019,0.063158,0.004,0.502333,0.41,1.0,0.389033,1.0,0.025
125.0,ue[0],0,0.013,0.0104,0.0625,0.003,0.500583,0.413333,1.0,0.07316,1.0,0.018
125.0,ue[1],0,0.005,0.0095,0.026316,0.011,0.501083,0.413333,1.0,0.0,1.0,0.022
125.0,ue[2],0,0.015,0.0111,0.067568,0.005,0.501417,0.413333,1.0,0.163202,1.0,0.018
125.0,ue[3],0,0.004,0.0091,0.021978,0.006,0.497833,0.413333,1.0,0.0,1.0,0.017
125.0,ue[4],0,0.018,0.01,0.09,0.007,0.502583,0.413333,1.0,0.298266,1.0,0.019
125.0,attacker[0],1,0.013,0.0161,0.040373,0.001,0.498583,0.413333,1.0,0.07316,1.0,0.027
125.0,attacker[1],1,0.012,0.0171,0.035088,0.008,0.499333,0.413333,1.0,0.028138,1.0,0.029
125.0,attacker[2],1,0.011,0.0182,0.03022,0.013,0.499583,0.413333,1.0,0.0,1.0,0.025
126.0,ue[0],0,0.009,0.0104,0.043269,0.004,0.5,0.416667,1.0,0.0,1.0,0.018
126.0,ue[1],0,0.012,0.0098,0.061224,0.007,0.49925,0.416667,1.0,0.0,1.0,0.022
126.0,ue[2],0,0.003,0.0105,0.014286,0.012,0.4995,0.416667,1.0,0.0,1.0,0.018
126.0,ue[3],0,0.017,0.0101,0.084158,0.013,0.499417,0.416667,1.0,0.118797,1.0,0.017
126.0,ue[4],0,0.014,0.0104,0.067308,0.004,0.503,0.416667,1.0,0.009138,1.0,0.019
126.0,attacker[0],1,0.018,0.0157,0.057325,0.005,0.500583,0.416667,1.0,0.15535,1.0,0.027
126.0,attacker[1],1,0.022,0.0176,0.0625,0.01,0.499667,0.416667,1.0,0.301562,1.0,0.029
126.0,attacker[2],1,0.015,0.0178,0.042135,0.004,0.496667,0.416667,1.0,0.045691,1.0,0.025
127.0,ue[0],0,0.009,0.0102,0.044118,0.0,0.498667,0.42,1.0,0.0,1.0,0.018
127.0,ue[1],0,0.004,0.0092,0.021739,0.008,0.499167,0.42,1.0,0.0,1.0,0.022
127.0,ue[2],0,0.016,0.0108,0.074074,0.013,0.498917,0.42,1.0,0.201732,1.0,0.018
127.0,ue[3],0,0.009,0.0099,0.045455,0.008,0.502333,0.42,1.0,0.0,1.0,0.017
127.0,ue[4],0,0.005,0.0103,0.024272,0.009,0.498417,0.42,1.0,0.0,1.0,0.019
127.0,attacker[0],1,0.013,0.0156,0.041667,0.005,0.500583,0.42,1.0,0.077589,1.0,0.027
127.0,attacker[1],1,0.015,0.0175,0.042857,0.007,0.501583,0.42,1.0,0.160351,1.0,0.029
127.0,attacker[2],1,0.018,0.0171,0.052632,0.003,0.499083,0.42,1.0,0.284493,1.0,0.025
128.0,ue[0],0,0.008,0.0101,0.039604,0.001,0.498917,0.423333,1.0,0.0,1.0,0.018
128.0,ue[1],0,0.006,0.0089,0.033708,0.002,0.497,0.423333,1.0,0.0,1.0,0.022
128.0,ue[2],0,0.016,0.0108,0.074074,0.013,0.498917,0.423333,1.0,0.207616,1.0,0.018
128.0,ue[3],0,0.009,0.0099,0.045455,0.008,0.502333,0.423333,1.0,0.0,1.0,0.017
128.0,ue[4],0,0.005,0.0103,0.024272,0.009,0.498417,0.423333,1.0,0.0,1.0,0.019
128.0,attacker[0],1,0.013,0.0156,0.041667,0.005,0.500583,0.423333,1.0,0.07649,1.0,0.027
128.0,attacker[1],1,0.015,0.0175,0.042857,0.007,0.501583,0.423333,1.0,0.163907,1.0,0.029
128.0,attacker[2],1,0.018,0.0171,0.052632,0.003,0.499083,0.423333,1.0,0.295033,1.0,0.025
129.0,ue[0],0,0.008,0.0099,0.040404,0.0,0.498833,0.426667,1.0,0.0,1.0,0.018
129.0,ue[1],0,0.008,0.0084,0.047619,0.002,0.5,0.426667,1.0,0.0,1.0,0.022
129.0,ue[2],0,0.006,0.01,0.03,0.007,0.499083,0.426667,1.0,0.0,1.0,0.018
129.0,ue[3],0,0.012,0.0103,0.058252,0.004,0.5,0.426667,1.0,0.0,1.0,0.017
129.0,ue[4],0,0.013,0.0106,0.061321,0.004,0.499333,0.426667,1.0,0.048868,1.0,0.019
129.0,attacker[0],1,0.014,0.0158,0.044304,0.001,0.499917,0.426667,1.0,0.097736,1.0,0.027
129.0,attacker[1],1,0.017,0.0168,0.050595,0.001,0.500083,0.426667,1.0,0.244339,1.0,0.029
129.0,attacker[2],1,0.018,0.0174,0.051724,0.002,0.501167,0.426667,1.0,0.293207,1.0,0.025
130.0,ue[0],0,0.013,0.0101,0.064356,0.005,0.500917,0.43,1.0,0.0,1.0,0.018
130.0,ue[1],0,0.008,0.0084,0.047619,0.0,0.500333,0.43,1.0,0.0,1.0,0.022
130.0,ue[2],0,0.006,0.0098,0.030612,0.0,0.497667,0.43,1.0,0.0,1.0,0.018
130.0,ue[3],0,0.011,0.0105,0.052381,0.001,0.500083,0.43,1.0,0.0,1.0,0.017
130.0,ue[4],0,0.014,0.0112,0.0625,0.001,0.502083,0.43,1.0,0.039519,1.0,0.019
130.0,attacker[0],1,0.015,0.0151,0.049669,0.001,0.499583,0.43,1.0,0.084684,1.0,0.027
130.0,attacker[1],1,0.018,0.0172,0.052326,0.001,0.499917,0.43,1.0,0.220177,1.0,0.029
130.0,attacker[2],1,0.02,0.0177,0.056497,0.002,0.501333,0.43,1.0,0.310507,1.0,0.025
131.0,ue[0],0,0.009,0.0102,0.044118,0.004,0.501333,0.433333,1.0,0.0,1.0,0.018
131.0,ue[1],0,0.007,0.008,0.04375,0.001,0.50075,0.433333,1.0,0.0,1.0,0.022
131.0,ue[2],0,0.007,0.0096,0.036458,0.001,0.497417,0.433333,1.0,0.0,1.0,0.018
131.0,ue[3],0,0.009,0.0105,0.042857,0.002,0.500167,0.433333,1.0,0.0,1.0,0.017
131.0,ue[4],0,0.008,0.0111,0.036036,0.006,0.501,0.433333,1.0,0.0,1.0,0.019
131.0,attacker[0],1,0.017,0.0148,0.057432,0.002,0.501,0.433333,1.0,0.288926,1.0,0.027
131.0,attacker[1],1,0.018,0.0171,0.052632,0.0,0.501,0.433333,1.0,0.33708,1.0,0.029
131.0,attacker[2],1,0.013,0.017,0.038235,0.007,0.499583,0.433333,1.0,0.096309,1.0,0.025
132.0,ue[0],0,0.013,0.0104,0.0625,0.004,0.500667,0.436667,1.0,0.015294,1.0,0.018
132.0,ue[1],0,0.013,0.0087,0.074713,0.006,0.501333,0.436667,1.0,0.015294,1.0,0.022
132.0,ue[2],0,0.011,0.0097,0.056701,0.004,0.500333,0.436667,1.0,0.0,1.0,0.018
132.0,ue[3],0,0.011,0.0102,0.053922,0.002,0.499833,0.436667,1.0,0.0,1.0,0.017
132.0,ue[4],0,0.009,0.011,0.040909,0.001,0.49825,0.436667,1.0,0.0,1.0,0.019
132.0,attacker[0],1,0.015,0.015,0.05,0.002,0.500667,0.436667,1.0,0.137649,1.0,0.027
132.0,attacker[1],1,0.01,0.0162,0.030864,0.008,0.4985,0.436667,1.0,0.0,1.0,0.029
132.0,attacker[2],1,0.02,0.0175,0.057143,0.007,0.49925,0.436667,1.0,0.443537,1.0,0.025
133.0,ue[0],0,0.012,0.0104,0.057692,0.001,0.50125,0.44,1.0,0.00684,1.0,0.018
133.0,ue[1],0,0.01,0.0089,0.05618,0.003,0.501917,0.44,1.0,0.0,1.0,0.022
133.0,ue[2],0,0.012,0.0099,0.060606,0.001,0.502583,0.44,1.0,0.00684,1.0,0.018
133.0,ue[3],0,0.011,0.0102,0.053922,0.0,0.500167,0.44,1.0,0.0,1.0,0.017
133.0,ue[4],0,0.005,0.0106,0.023585,0.004,0.497667,0.44,1.0,0.0,1.0,0.019
133.0,attacker[0],1,0.016,0.015,0.053333,0.001,0.500083,0.44,1.0,0.225715,1.0,0.027
133.0,attacker[1],1,0.011,0.0159,0.034591,0.001,0.496417,0.44,1.0,0.0,1.0,0.029
133.0,attacker[2],1,0.018,0.0173,0.052023,0.002,0.501,0.44,1.0,0.335153,1.0,0.025
134.0,ue[0],0,0.012,0.0106,0.056604,0.0,0.500167,0.443333,1.0,0.0,1.0,0.018
134.0,ue[1],0,0.015,0.0088,0.085227,0.005,0.501583,0.443333,1.0,0.019335,1.0,0.022
134.0,ue[2],0,0.014,0.0103,0.067961,0.002,0.5025,0.443333,1.0,0.0,1.0,0.018
134.0,ue[3],0,0.015,0.0107,0.070093,0.004,0.501333,0.443333,1.0,0.019335,1.0,0.017
134.0,ue[4],0,0.01,0.0105,0.047619,0.005,0.498583,0.443333,1.0,0.0,1.0,0.019
134.0,attacker[0],1,0.018,0.0154,0.058442,0.002,0.500667,0.443333,1.0,0.251351,1.0,0.027
134.0,attacker[1],1,0.016,0.0155,0.051613,0.005,0.499083,0.443333,1.0,0.096674,1.0,0.029
134.0,attacker[2],1,0.018,0.0167,0.053892,0.0,0.500167,0.443333,1.0,0.251351,1.0,0.025
135.0,ue[0],0,0.007,0.01,0.035,0.005,0.499083,0.446667,1.0,0.0,1.0,0.018
135.0,ue[1],0,0.01,0.0093,0.053763,0.005,0.50125,0.446667,1.0,0.0,1.0,0.022
135.0,ue[2],0,0.012,0.01,0.06,0.002,0.5015,0.446667,1.0,0.0,1.0,0.018
135.0,ue[3],0,0.011,0.0114,0.048246,0.004,0.501333,0.446667,1.0,0.0,1.0,0.017
135.0,ue[4],0,0.008,0.0095,0.042105,0.002,0.500833,0.446667,1.0,0.0,1.0,0.019
135.0,attacker[0],1,0.018,0.0159,0.056604,0.0,0.501,0.446667,1.0,0.149243,1.0,0.027
135.0,attacker[1],1,0.021,0.0164,0.064024,0.005,0.50275,0.446667,1.0,0.254592,1.0,0.029
135.0,attacker[2],1,0.023,0.0179,0.064246,0.005,0.50175,0.446667,1.0,0.324824,1.0,0.025
136.0,ue[0],0,0.009,0.01,0.045,0.002,0.497833,0.45,1.0,0.0,1.0,0.018
136.0,ue[1],0,0.003,0.0084,0.017857,0.007,0.496917,0.45,1.0,0.0,1.0,0.022
136.0,ue[2],0,0.008,0.0105,0.038095,0.004,0.498833,0.45,1.0,0.0,1.0,0.018
136.0,ue[3],0,0.006,0.0103,0.029126,0.005,0.498083,0.45,1.0,0.0,1.0,0.017
136.0,ue[4],0,0.008,0.0089,0.044944,0.0,0.5,0.45,1.0,0.0,1.0,0.019
136.0,attacker[0],1,0.011,0.0152,0.036184,0.007,0.499083,0.45,1.0,0.0522,1.0,0.027
136.0,attacker[1],1,0.02,0.0162,0.061728,0.001,0.504083,0.45,1.0,0.428036,1.0,0.029
136.0,attacker[2],1,0.013,0.0177,0.036723,0.01,0.499667,0.45,1.0,0.135719,1.0,0.025
137.0,ue[0],0,0.007,0.0098,0.035714,0.002,0.498833,0.453333,1.0,0.0,1.0,0.018
137.0,ue[1],0,0.013,0.0093,0.069892,0.01,0.498167,0.453333,1.0,0.066728,1.0,0.022
137.0,ue[2],0,0.011,0.01,0.055,0.003,0.498417,0.453333,1.0,0.0,1.0,0.018
137.0,ue[3],0,0.008,0.0102,0.039216,0.002,0.497333,0.453333,1.0,0.0,1.0,0.017
137.0,ue[4],0,0.007,0.0091,0.038462,0.001,0.499917,0.453333,1.0,0.0,1.0,0.019
137.0,attacker[0],1,0.013,0.0152,0.042763,0.002,0.497333,0.453333,1.0,0.066728,1.0,0.027
137.0,attacker[1],1,0.02,0.0167,0.05988,0.0,0.502,0.453333,1.0,0.406434,1.0,0.029
137.0,attacker[2],1,0.014,0.0173,0.040462,0.001,0.496917,0.453333,1.0,0.115257,1.0,0.025
138.0,ue[0],0,0.011,0.0101,0.054455,0.004,0.499833,0.456667,1.0,0.0,1.0,0.018
138.0,ue[1],0,0.005,0.0092,0.027174,0.008,0.499833,0.456667,1.0,0.0,1.0,0.022
138.0,ue[2],0,0.013,0.01,0.065,0.002,0.500333,0.456667,1.0,0.078622,1.0,0.018
138.0,ue[3],0,0.012,0.0106,0.056604,0.004,0.499667,0.456667,1.0,0.021442,1.0,0.017
138.0,ue[4],0,0.01,0.0092,0.054348,0.003,0.499917,0.456667,1.0,0.0,1.0,0.019
138.0,attacker[0],1,0.01,0.0147,0.034014,0.003,0.497917,0.456667,1.0,0.0,1.0,0.027
138.0,attacker[1],1,0.018,0.0169,0.053254,0.002,0.5,0.456667,1.0,0.364518,1.0,0.029
138.0,attacker[2],1,0.014,0.0171,0.040936,0.0,0.498,0.456667,1.0,0.135801,1.0,0.025
139.0,ue[0],0,0.009,0.0102,0.044118,0.002,0.501167,0.46,1.0,0.0,1.0,0.018
139.0,ue[1],0,0.009,0.0093,0.048387,0.004,0.499167,0.46,1.0,0.0,1.0,0.022
139.0,ue[2],0,0.004,0.0098,0.020408,0.009,0.499083,0.46,1.0,0.0,1.0,0.018
139.0,ue[3],0,0.01,0.0104,0.048077,0.002,0.501333,0.46,1.0,0.0,1.0,0.017
139.0,ue[4],0,0.015,0.0094,0.079787,0.005,0.502417,0.46,1.0,0.045628,1.0,0.019
139.0,attacker[0],1,0.018,0.0151,0.059603,0.008,0.5,0.46,1.0,0.129865,1.0,0.027
139.0,attacker[1],1,0.029,0.0181,0.08011,0.011,0.501583,0.46,1.0,0.438731,1.0,0.029
139.0,attacker[2],1,0.013,0.0166,0.039157,0.001,0.498417,0.46,1.0,0.0,1.0,0.025
140.0,ue[0],0,0.01,0.0099,0.050505,0.001,0.50025,0.463333,1.0,0.0,1.0,0.018
140.0,ue[1],0,0.01,0.0095,0.052632,0.001,0.50125,0.463333,1.0,0.0,1.0,0.022
140.0,ue[2],0,0.008,0.01,0.04,0.004,0.497667,0.463333,1.0,0.0,1.0,0.018
140.0,ue[3],0,0.005,0.0098,0.02551,0.005,0.499417,0.463333,1.0,0.0,1.0,0.017
140.0,ue[4],0,0.01,0.009,0.055556,0.005,0.502083,0.463333,1.0,0.0,1.0,0.019
140.0,attacker[0],1,0.011,0.0147,0.037415,0.007,0.501583,0.463333,1.0,0.0,1.0,0.027
140.0,attacker[1],1,0.022,0.0185,0.059459,0.007,0.503083,0.463333,1.0,0.456441,1.0,0.029
140.0,attacker[2],1,0.014,0.016,0.04375,0.001,0.499917,0.463333,1.0,0.116764,1.0,0.025
141.0,ue[0],0,0.013,0.0103,0.063107,0.003,0.50125,0.466667,1.0,0.04262,1.0,0.018
141.0,ue[1],0,0.007,0.0095,0.036842,0.003,0.49975,0.466667,1.0,0.0,1.0,0.022
141.0,ue[2],0,0.008,0.0101,0.039604,0.0,0.499333,0.466667,1.0,0.0,1.0,0.018
141.0,ue[3],0,0.008,0.0097,0.041237,0.003,0.49825,0.466667,1.0,0.0,1.0,0.017
141.0,ue[4],0,0.014,0.0096,0.072917,0.004,0.500667,0.466667,1.0,0.091329,1.0,0.019
141.0,attacker[0],1,0.018,0.0148,0.060811,0.007,0.500417,0.466667,1.0,0.286165,1.0,0.027
141.0,attacker[1],1,0.018,0.0185,0.048649,0.004,0.498833,0.466667,1.0,0.286165,1.0,0.029
141.0,attacker[2],1,0.011,0.0158,0.03481,0.003,0.499417,0.466667,1.0,0.0,1.0,0.025
142.0,ue[0],0,0.014,0.0104,0.067308,0.001,0.50175,0.47,1.0,0.0,1.0,0.018
142.0,ue[1],0,0.009,0.0091,0.049451,0.002,0.5,0.47,1.0,0.0,1.0,0.022
142.0,ue[2],0,0.011,0.0101,0.054455,0.003,0.500583,0.47,1.0,0.0,1.0,0.018
142.0,ue[3],0,0.014,0.01,0.07,0.006,0.501,0.47,1.0,0.0,1.0,0.017
142.0,ue[4],0,0.009,0.0096,0.046875,0.005,0.499917,0.47,1.0,0.0,1.0,0.019
142.0,attacker[0],1,0.019,0.0152,0.0625,0.001,0.50275,0.47,1.0,0.230834,1.0,0.027
142.0,attacker[1],1,0.02,0.0195,0.051282,0.002,0.498,0.47,1.0,0.27943,1.0,0.029
142.0,attacker[2],1,0.018,0.0156,0.057692,0.007,0.500417,0.47,1.0,0.182237,1.0,0.025
143.0,ue[0],0,0.013,0.0105,0.061905,0.001,0.501417,0.473333,1.0,0.0,1.0,0.018
143.0,ue[1],0,0.008,0.0089,0.044944,0.001,0.499917,0.473333,1.0,0.0,1.0,0.022
143.0,ue[2],0,0.008,0.0097,0.041237,0.003,0.501417,0.473333,1.0,0.0,1.0,0.018
143.0,ue[3],0,0.008,0.0097,0.041237,0.006,0.501667,0.473333,1.0,0.0,1.0,0.017
143.0,ue[4],0,0.015,0.0106,0.070755,0.006,0.4995,0.473333,1.0,0.063152,1.0,0.019
143.0,attacker[0],1,0.016,0.0152,0.052632,0.003,0.500917,0.473333,1.0,0.102015,1.0,0.027
143.0,attacker[1],1,0.015,0.0199,0.037688,0.005,0.49725,0.473333,1.0,0.063152,1.0,0.029
143.0,attacker[2],1,0.024,0.0162,0.074074,0.006,0.504167,0.473333,1.0,0.412918,1.0,0.025
144.0,ue[0],0,0.017,0.011,0.077273,0.004,0.501333,0.476667,1.0,0.112415,1.0,0.018
144.0,ue[1],0,0.013,0.0087,0.074713,0.005,0.500917,0.476667,1.0,0.0,1.0,0.022
144.0,ue[2],0,0.012,0.0095,0.063158,0.004,0.5005,0.476667,1.0,0.0,1.0,0.018
144.0,ue[3],0,0.015,0.0097,0.07732,0.007,0.50125,0.476667,1.0,0.0,1.0,0.017
144.0,ue[4],0,0.015,0.0111,0.067568,0.0,0.502,0.476667,1.0,0.0,1.0,0.019
144.0,attacker[0],1,0.018,0.0152,0.059211,0.002,0.5005,0.476667,1.0,0.194171,1.0,0.027
144.0,attacker[1],1,0.02,0.0203,0.049261,0.005,0.49875,0.476667,1.0,0.357683,1.0,0.029
144.0,attacker[2],1,0.015,0.0159,0.04717,0.009,0.502583,0.476667,1.0,0.0,1.0,0.025
145.0,ue[0],0,0.008,0.0111,0.036036,0.009,0.499583,0.48,1.0,0.0,1.0,0.018
145.0,ue[1],0,0.011,0.0088,0.0625,0.002,0.502,0.48,1.0,0.0,1.0,0.022
145.0,ue[2],0,0.008,0.0091,0.043956,0.004,0.5005,0.48,1.0,0.0,1.0,0.018
145.0,ue[3],0,0.015,0.0101,0.074257,0.0,0.5025,0.48,1.0,0.01364,1.0,0.017
145.0,ue[4],0,0.013,0.0116,0.056034,0.002,0.500667,0.48,1.0,0.0,1.0,0.019
145.0,attacker[0],1,0.019,0.0153,0.062092,0.001,0.500417,0.48,1.0,0.159132,1.0,0.027
145.0,attacker[1],1,0.018,0.02,0.045,0.002,0.500667,0.48,1.0,0.122759,1.0,0.029
145.0,attacker[2],1,0.025,0.0161,0.07764,0.01,0.501167,0.48,1.0,0.37737,1.0,0.025
146.0,ue[0],0,0.01,0.0112,0.044643,0.002,0.497167,0.483333,1.0,0.0,1.0,0.018
146.0,ue[1],0,0.004,0.0089,0.022472,0.007,0.49875,0.483333,1.0,0.0,1.0,0.022
146.0,ue[2],0,0.008,0.0091,0.043956,0.0,0.498833,0.483333,1.0,0.0,1.0,0.018
146.0,ue[3],0,0.012,0.0107,0.056075,0.003,0.500583,0.483333,1.0,0.075593,1.0,0.017
146.0,ue[4],0,0.008,0.0116,0.034483,0.005,0.49875,0.483333,1.0,0.0,1.0,0.019
146.0,attacker[0],1,0.014,0.0156,0.044872,0.005,0.499417,0.483333,1.0,0.16863,1.0,0.027
146.0,attacker[1],1,0.019,0.0199,0.047739,0.001,0.500083,0.483333,1.0,0.401224,1.0,0.029
146.0,attacker[2],1,0.008,0.0156,0.025641,0.017,0.49875,0.483333,1.0,0.0,1.0,0.025
147.0,ue[0],0,0.009,0.0114,0.039474,0.001,0.498417,0.486667,1.0,0.0,1.0,0.018
147.0,ue[1],0,0.007,0.0083,0.042169,0.003,0.497417,0.486667,1.0,0.0,1.0,0.022
147.0,ue[2],0,0.017,0.0097,0.087629,0.009,0.501583,0.486667,1.0,0.267198,1.0,0.018
147.0,ue[3],0,0.01,0.0109,0.045872,0.002,0.499167,0.486667,1.0,0.0,1.0,0.017
147.0,ue[4],0,0.012,0.0121,0.049587,0.004,0.497833,0.486667,1.0,0.0,1.0,0.019
147.0,attacker[0],1,0.012,0.0155,0.03871,0.002,0.497667,0.486667,1.0,0.0,1.0,0.027
147.0,attacker[1],1,0.017,0.0196,0.043367,0.002,0.500167,0.486667,1.0,0.267198,1.0,0.029
147.0,attacker[2],1,0.015,0.0157,0.047771,0.007,0.495083,0.486667,1.0,0.151653,1.0,0.025
148.0,ue[0],0,0.013,0.0116,0.056034,0.004,0.499667,0.49,1.0,0.014372,1.0,0.018
148.0,ue[1],0,0.009,0.0087,0.051724,0.002,0.499333,0.49,1.0,0.0,1.0,0.022
148.0,ue[2],0,0.009,0.0093,0.048387,0.008,0.501833,0.49,1.0,0.0,1.0,0.018
148.0,ue[3],0,0.008,0.0105,0.038095,0.002,0.4975,0.49,1.0,0.0,1.0,0.017
148.0,ue[4],0,0.007,0.0118,0.029661,0.005,0.49875,0.49,1.0,0.0,1.0,0.019
148.0,attacker[0],1,0.023,0.0168,0.068452,0.011,0.50025,0.49,1.0,0.397612,1.0,0.027
148.0,attacker[1],1,0.018,0.0196,0.045918,0.001,0.49925,0.49,1.0,0.205992,1.0,0.029
148.0,attacker[2],1,0.014,0.0157,0.044586,0.001,0.49925,0.49,1.0,0.052696,1.0,0.025
149.0,ue[0],0,0.008,0.0115,0.034783,0.005,0.50075,0.493333,1.0,0.0,1.0,0.018
149.0,ue[1],0,0.011,0.0089,0.061798,0.002,0.501333,0.493333,1.0,0.0,1.0,0.022
149.0,ue[2],0,0.013,0.0102,0.063725,0.004,0.5,0.493333,1.0,0.07783,1.0,0.018
149.0,ue[3],0,0.007,0.0102,0.034314,0.001,0.497583,0.493333,1.0,0.0,1.0,0.017
149.0,ue[4],0,0.011,0.0114,0.048246,0.004,0.499,0.493333,1.0,0.0,1.0,0.019
149.0,attacker[0],1,0.01,0.016,0.03125,0.013,0.50075,0.493333,1.0,0.0,1.0,0.027
149.0,attacker[1],1,0.019,0.0186,0.051075,0.001,0.50025,0.493333,1.0,0.417454,1.0,0.029
149.0,attacker[2],1,0.014,0.0158,0.044304,0.0,0.499,0.493333,1.0,0.134434,1.0,0.025
150.0,ue[0],0,0.01,0.0115,0.043478,0.002,0.499167,0.496667,1.0,0.0,1.0,0.018
150.0,ue[1],0,0.012,0.0091,0.065934,0.001,0.502417,0.496667,1.0,0.041703,1.0,0.022
150.0,ue[2],0,0.008,0.0102,0.039216,0.005,0.499583,0.496667,1.0,0.0,1.0,0.018
150.0,ue[3],0,0.007,0.0104,0.033654,0.0,0.4985,0.496667,1.0,0.0,1.0,0.017
150.0,ue[4],0,0.007,0.0111,0.031532,0.004,0.5,0.496667,1.0,0.0,1.0,0.019
150.0,attacker[0],1,0.017,0.0166,0.051205,0.007,0.498583,0.496667,1.0,0.319722,1.0,0.027
150.0,attacker[1],1,0.015,0.0179,0.041899,0.004,0.4995,0.496667,1.0,0.208514,1.0,0.029
150.0,attacker[2],1,0.014,0.0158,0.044304,0.0,0.500833,0.496667,1.0,0.152911,1.0,0.025
151.0,ue[0],0,0.01,0.0112,0.044643,0.0,0.5,0.5,1.0,0.0,1.0,0.018
151.0,ue[1],0,0.01,0.0094,0.053191,0.002,0.501,0.5,1.0,0.0,1.0,0.022
151.0,ue[2],0,0.011,0.0105,0.052381,0.003,0.49825,0.5,1.0,0.021442,1.0,0.018
151.0,ue[3],0,0.011,0.0107,0.051402,0.004,0.500333,0.5,1.0,0.021442,1.0,0.017
151.0,ue[4],0,0.006,0.0103,0.029126,0.001,0.49825,0.5,1.0,0.0,1.0,0.019
151.0,attacker[0],1,0.012,0.016,0.0375,0.005,0.49975,0.5,1.0,0.107211,1.0,0.027
151.0,attacker[1],1,0.011,0.0172,0.031977,0.004,0.4975,0.5,1.0,0.021442,1.0,0.029
151.0,attacker[2],1,0.015,0.0162,0.046296,0.001,0.500083,0.5,1.0,0.364518,1.0,0.025
152.0,ue[0],0,0.01,0.0108,0.046296,0.0,0.499833,0.503333,1.0,0.0,1.0,0.018
152.0,ue[1],0,0.008,0.0093,0.043011,0.002,0.499167,0.503333,1.0,0.0,1.0,0.022
152.0,ue[2],0,0.014,0.0108,0.064815,0.003,0.50125,0.503333,1.0,0.183039,1.0,0.018
152.0,ue[3],0,0.014,0.0107,0.065421,0.003,0.502583,0.503333,1.0,0.183039,1.0,0.017
152.0,ue[4],0,0.008,0.0102,0.039216,0.002,0.499333,0.503333,1.0,0.0,1.0,0.019
152.0,attacker[0],1,0.011,0.0152,0.036184,0.001,0.497417,0.503333,1.0,0.0,1.0,0.027
152.0,attacker[1],1,0.015,0.0167,0.04491,0.004,0.497833,0.503333,1.0,0.260109,1.0,0.029
152.0,attacker[2],1,0.013,0.0157,0.041401,0.002,0.5,0.503333,1.0,0.10597,1.0,0.025
153.0,ue[0],0,0.006,0.0101,0.029703,0.004,0.499333,0.506667,1.0,0.0,1.0,0.018
153.0,ue[1],0,0.009,0.0094,0.047872,0.001,0.49875,0.506667,1.0,0.0,1.0,0.022
153.0,ue[2],0,0.011,0.0111,0.04955,0.003,0.500917,0.506667,1.0,0.007586,1.0,0.018
153.0,ue[3],0,0.01,0.0109,0.045872,0.004,0.501833,0.506667,1.0,0.0,1.0,0.017
153.0,ue[4],0,0.013,0.01,0.065,0.005,0.50125,0.506667,1.0,0.128969,1.0,0.019
153.0,attacker[0],1,0.011,0.0147,0.037415,0.0,0.499,0.506667,1.0,0.007586,1.0,0.027
153.0,attacker[1],1,0.018,0.017,0.052941,0.003,0.50075,0.506667,1.0,0.432427,1.0,0.029
153.0,attacker[2],1,0.009,0.0142,0.03169,0.004,0.498333,0.506667,1.0,0.0,1.0,0.025
154.0,ue[0],0,0.006,0.009,0.033333,0.0,0.498,0.51,1.0,0.0,1.0,0.018
154.0,ue[1],0,0.012,0.0093,0.064516,0.003,0.50025,0.51,1.0,0.023444,1.0,0.022
154.0,ue[2],0,0.005,0.0104,0.024038,0.006,0.4985,0.51,1.0,0.0,1.0,0.018
154.0,ue[3],0,0.005,0.0099,0.025253,0.005,0.498417,0.51,1.0,0.0,1.0,0.017
154.0,ue[4],0,0.008,0.0093,0.043011,0.005,0.50175,0.51,1.0,0.0,1.0,0.019
154.0,attacker[0],1,0.022,0.0151,0.072848,0.011,0.501583,0.51,1.0,0.33603,1.0,0.027
154.0,attacker[1],1,0.011,0.0161,0.034161,0.007,0.500417,0.51,1.0,0.0,1.0,0.029
154.0,attacker[2],1,0.021,0.0148,0.070946,0.012,0.5005,0.51,1.0,0.304771,1.0,0.025
155.0,ue[0],0,0.01,0.0092,0.054348,0.004,0.499667,0.513333,1.0,0.0,1.0,0.018
155.0,ue[1],0,0.02,0.0102,0.098039,0.008,0.5035,0.513333,1.0,0.296429,1.0,0.022
155.0,ue[2],0,0.01,0.0106,0.04717,0.005,0.49775,0.513333,1.0,0.0,1.0,0.018
155.0,ue[3],0,0.013,0.0097,0.06701,0.008,0.498667,0.513333,1.0,0.005201,1.0,0.017
155.0,ue[4],0,0.005,0.0085,0.029412,0.003,0.49875,0.513333,1.0,0.0,1.0,0.019
155.0,attacker[0],1,0.019,0.0151,0.062914,0.003,0.504583,0.513333,1.0,0.254825,1.0,0.027
155.0,attacker[1],1,0.016,0.0159,0.050314,0.005,0.499417,0.513333,1.0,0.130013,1.0,0.029
155.0,attacker[2],1,0.01,0.0133,0.037594,0.011,0.501583,0.513333,1.0,0.0,1.0,0.025
156.0,ue[0],0,0.007,0.0089,0.039326,0.003,0.500583,0.516667,1.0,0.0,1.0,0.018
156.0,ue[1],0,0.009,0.0107,0.042056,0.011,0.502417,0.516667,1.0,0.0,1.0,0.022
156.0,ue[2],0,0.007,0.0105,0.033333,0.003,0.49925,0.516667,1.0,0.0,1.0,0.018
156.0,ue[3],0,0.01,0.0095,0.052632,0.003,0.500917,0.516667,1.0,0.0,1.0,0.017
156.0,ue[4],0,0.012,0.0089,0.067416,0.007,0.499417,0.516667,1.0,0.023094,1.0,0.019
156.0,attacker[0],1,0.018,0.0155,0.058065,0.001,0.501917,0.516667,1.0,0.300222,1.0,0.027
156.0,attacker[1],1,0.01,0.015,0.033333,0.006,0.499167,0.516667,1.0,0.0,1.0,0.029
156.0,attacker[2],1,0.019,0.0144,0.065972,0.009,0.500083,0.516667,1.0,0.34641,1.0,0.025
157.0,ue[0],0,0.012,0.0092,0.065217,0.005,0.501083,0.52,1.0,0.073538,1.0,0.018
157.0,ue[1],0,0.005,0.0105,0.02381,0.004,0.496667,0.52,1.0,0.0,1.0,0.022
157.0,ue[2],0,0.008,0.0096,0.041667,0.001,0.499417,0.52,1.0,0.0,1.0,0.018
157.0,ue[3],0,0.014,0.0099,0.070707,0.004,0.501333,0.52,1.0,0.180502,1.0,0.017
157.0,ue[4],0,0.01,0.0087,0.057471,0.002,0.501167,0.52,1.0,0.0,1.0,0.019
157.0,attacker[0],1,0.009,0.0152,0.029605,0.009,0.498083,0.52,1.0,0.0,1.0,0.027
157.0,attacker[1],1,0.018,0.0151,0.059603,0.008,0.4995,0.52,1.0,0.39443,1.0,0.029
157.0,attacker[2],1,0.009,0.0138,0.032609,0.01,0.500333,0.52,1.0,0.0,1.0,0.025
158.0,ue[0],0,0.011,0.009,0.061111,0.001,0.501917,0.523333,1.0,0.0,1.0,0.018
158.0,ue[1],0,0.01,0.0106,0.04717,0.005,0.496917,0.523333,1.0,0.0,1.0,0.022
158.0,ue[2],0,0.007,0.0094,0.037234,0.001,0.500083,0.523333,1.0,0.0,1.0,0.018
158.0,ue[3],0,0.011,0.0102,0.053922,0.003,0.501583,0.523333,1.0,0.0,1.0,0.017
158.0,ue[4],0,0.007,0.0087,0.04023,0.003,0.500083,0.523333,1.0,0.0,1.0,0.019
158.0,attacker[0],1,0.015,0.0144,0.052083,0.006,0.496167,0.523333,1.0,0.264129,1.0,0.027
158.0,attacker[1],1,0.015,0.0148,0.050676,0.003,0.502083,0.523333,1.0,0.264129,1.0,0.029
158.0,attacker[2],1,0.013,0.0137,0.047445,0.004,0.497167,0.523333,1.0,0.127804,1.0,0.025
159.0,ue[0],0,0.018,0.01,0.09,0.007,0.502417,0.526667,1.0,0.188129,1.0,0.018
159.0,ue[1],0,0.012,0.0107,0.056075,0.002,0.499833,0.526667,1.0,0.0,1.0,0.022
159.0,ue[2],0,0.01,0.0091,0.054945,0.003,0.500083,0.526667,1.0,0.0,1.0,0.018
159.0,ue[3],0,0.012,0.0107,0.056075,0.001,0.499583,0.526667,1.0,0.0,1.0,0.017
159.0,ue[4],0,0.018,0.0094,0.095745,0.011,0.50175,0.526667,1.0,0.188129,1.0,0.019
159.0,attacker[0],1,0.016,0.015,0.053333,0.001,0.500083,0.526667,1.0,0.072357,1.0,0.027
159.0,attacker[1],1,0.012,0.0141,0.042553,0.003,0.499417,0.526667,1.0,0.0,1.0,0.029
159.0,attacker[2],1,0.02,0.0143,0.06993,0.007,0.501917,0.526667,1.0,0.303901,1.0,0.025
160.0,ue[0],0,0.015,0.0105,0.071429,0.003,0.50325,0.53,1.0,0.122132,1.0,0.018
160.0,ue[1],0,0.005,0.01,0.025,0.007,0.50025,0.53,1.0,0.0,1.0,0.022
160.0,ue[2],0,0.015,0.0098,0.076531,0.005,0.502583,0.53,1.0,0.122132,1.0,0.018
160.0,ue[3],0,0.013,0.0113,0.057522,0.001,0.500417,0.53,1.0,0.007184,1.0,0.017
160.0,ue[4],0,0.012,0.0099,0.060606,0.006,0.502667,0.53,1.0,0.0,1.0,0.019
160.0,attacker[0],1,0.017,0.015,0.056667,0.001,0.50125,0.53,1.0,0.237079,1.0,0.027
160.0,attacker[1],1,0.015,0.0141,0.053191,0.003,0.499583,0.53,1.0,0.122132,1.0,0.029
160.0,attacker[2],1,0.011,0.014,0.039286,0.009,0.500917,0.53,1.0,0.0,1.0,0.025
161.0,ue[0],0,0.009,0.0104,0.043269,0.006,0.499167,0.533333,1.0,0.0,1.0,0.018
161.0,ue[1],0,0.011,0.0101,0.054455,0.006,0.4995,0.533333,1.0,0.0,1.0,0.022
161.0,ue[2],0,0.009,0.0096,0.046875,0.006,0.501833,0.533333,1.0,0.0,1.0,0.018
161.0,ue[3],0,0.005,0.0107,0.023364,0.008,0.498333,0.533333,1.0,0.0,1.0,0.017
161.0,ue[4],0,0.004,0.0097,0.020619,0.008,0.498167,0.533333,1.0,0.0,1.0,0.019
161.0,attacker[0],1,0.021,0.0159,0.066038,0.004,0.502833,0.533333,1.0,0.337748,1.0,0.027
161.0,attacker[1],1,0.019,0.0149,0.063758,0.004,0.501,0.533333,1.0,0.267567,1.0,0.029
161.0,attacker[2],1,0.013,0.0138,0.047101,0.002,0.499,0.533333,1.0,0.057022,1.0,0.025
162.0,ue[0],0,0.008,0.0102,0.039216,0.001,0.496917,0.536667,1.0,0.0,1.0,0.018
162.0,ue[1],0,0.011,0.0104,0.052885,0.0,0.501,0.536667,1.0,0.0,1.0,0.022
162.0,ue[2],0,0.01,0.0092,0.054348,0.001,0.499417,0.536667,1.0,0.0,1.0,0.018
162.0,ue[3],0,0.011,0.0104,0.052885,0.006,0.498,0.536667,1.0,0.0,1.0,0.017
162.0,ue[4],0,0.009,0.0098,0.045918,0.005,0.497083,0.536667,1.0,0.0,1.0,0.019
162.0,attacker[0],1,0.017,0.0165,0.051515,0.004,0.5015,0.536667,1.0,0.214606,1.0,0.027
162.0,attacker[1],1,0.017,0.0151,0.056291,0.002,0.502,0.536667,1.0,0.214606,1.0,0.029
162.0,attacker[2],1,0.019,0.0144,0.065972,0.006,0.500667,0.536667,1.0,0.315597,1.0,0.025
163.0,ue[0],0,0.008,0.0104,0.038462,0.0,0.497,0.54,1.0,0.0,1.0,0.018
163.0,ue[1],0,0.01,0.0105,0.047619,0.001,0.500583,0.54,1.0,0.0,1.0,0.022
163.0,ue[2],0,0.011,0.0092,0.059783,0.001,0.499583,0.54,1.0,0.0,1.0,0.018
163.0,ue[3],0,0.008,0.0102,0.039216,0.003,0.49975,0.54,1.0,0.0,1.0,0.017
163.0,ue[4],0,0.008,0.0093,0.043011,0.001,0.498583,0.54,1.0,0.0,1.0,0.019
163.0,attacker[0],1,0.018,0.0172,0.052326,0.001,0.49975,0.54,1.0,0.25424,1.0,0.027
163.0,attacker[1],1,0.021,0.0154,0.068182,0.004,0.501833,0.54,1.0,0.384064,1.0,0.029
163.0,attacker[2],1,0.013,0.0148,0.043919,0.006,0.500667,0.54,1.0,0.037865,1.0,0.025
164.0,ue[0],0,0.013,0.0111,0.058559,0.005,0.499917,0.543333,1.0,0.0,1.0,0.018
164.0,ue[1],0,0.011,0.0104,0.052885,0.001,0.50075,0.543333,1.0,0.0,1.0,0.022
164.0,ue[2],0,0.01,0.0097,0.051546,0.001,0.499583,0.543333,1.0,0.0,1.0,0.018
164.0,ue[3],0,0.011,0.0108,0.050926,0.003,0.499917,0.543333,1.0,0.0,1.0,0.017
164.0,ue[4],0,0.013,0.0098,0.066327,0.005,0.501083,0.543333,1.0,0.0,1.0,0.019
164.0,attacker[0],1,0.016,0.0166,0.048193,0.002,0.499333,0.543333,1.0,0.210263,1.0,0.027
164.0,attacker[1],1,0.016,0.0159,0.050314,0.005,0.50075,0.543333,1.0,0.210263,1.0,0.029
164.0,attacker[2],1,0.017,0.0144,0.059028,0.004,0.500333,0.543333,1.0,0.290363,1.0,0.025
165.0,ue[0],0,0.01,0.0111,0.045045,0.003,0.501583,0.546667,1.0,0.0,1.0,0.018
165.0,ue[1],0,0.008,0.0092,0.043478,0.003,0.499417,0.546667,1.0,0.0,1.0,0.022
165.0,ue[2],0,0.013,0.01,0.065,0.003,0.50075,0.546667,1.0,0.0,1.0,0.018
165.0,ue[3],0,0.012,0.0107,0.056075,0.001,0.50175,0.546667,1.0,0.0,1.0,0.017
165.0,ue[4],0,0.012,0.0105,0.057143,0.001,0.50275,0.546667,1.0,0.0,1.0,0.019
165.0,attacker[0],1,0.026,0.0173,0.075145,0.01,0.501167,0.546667,1.0,0.458264,1.0,0.027
165.0,attacker[1],1,0.015,0.0158,0.047468,0.001,0.49825,0.546667,1.0,0.033767,1.0,0.029
165.0,attacker[2],1,0.017,0.0151,0.056291,0.0,0.501,0.546667,1.0,0.110948,1.0,0.025
166.0,ue[0],0,0.013,0.0117,0.055556,0.003,0.500917,0.55,1.0,0.0,1.0,0.018
166.0,ue[1],0,0.011,0.0094,0.058511,0.003,0.499417,0.55,1.0,0.0,1.0,0.022
166.0,ue[2],0,0.008,0.0101,0.039604,0.005,0.500083,0.55,1.0,0.0,1.0,0.018
166.0,ue[3],0,0.01,0.0107,0.046729,0.002,0.5005,0.55,1.0,0.0,1.0,0.017
166.0,ue[4],0,0.009,0.0102,0.044118,0.003,0.50025,0.55,1.0,0.0,1.0,0.019
166.0,attacker[0],1,0.018,0.0173,0.052023,0.008,0.5025,0.55,1.0,0.227549,1.0,0.027
166.0,attacker[1],1,0.015,0.0163,0.046012,0.0,0.4985,0.55,1.0,0.087519,1.0,0.029
166.0,attacker[2],1,0.021,0.0153,0.068627,0.004,0.501333,0.55,1.0,0.36758,1.0,0.025
167.0,ue[0],0,0.009,0.0114,0.039474,0.004,0.500333,0.553333,1.0,0.0,1.0,0.018
167.0,ue[1],0,0.006,0.0095,0.031579,0.005,0.499417,0.553333,1.0,0.0,1.0,0.022
167.0,ue[2],0,0.009,0.0102,0.044118,0.001,0.498583,0.553333,1.0,0.0,1.0,0.018
167.0,ue[3],0,0.006,0.0099,0.030303,0.004,0.498833,0.553333,1.0,0.0,1.0,0.017
167.0,ue[4],0,0.013,0.0105,0.061905,0.004,0.5,0.553333,1.0,0.085044,1.0,0.019
167.0,attacker[0],1,0.018,0.0182,0.049451,0.0,0.499,0.553333,1.0,0.328027,1.0,0.027
167.0,attacker[1],1,0.014,0.0159,0.044025,0.001,0.498583,0.553333,1.0,0.13364,1.0,0.029
167.0,attacker[2],1,0.015,0.0159,0.04717,0.006,0.501167,0.553333,1.0,0.182237,1.0,0.025
168.0,ue[0],0,0.014,0.0117,0.059829,0.005,0.49975,0.556667,1.0,0.103692,1.0,0.018
168.0,ue[1],0,0.006,0.0091,0.032967,0.0,0.498,0.556667,1.0,0.0,1.0,0.022
168.0,ue[2],0,0.011,0.0106,0.051887,0.002,0.499833,0.556667,1.0,0.0,1.0,0.018
168.0,ue[3],0,0.009,0.0097,0.046392,0.003,0.49825,0.556667,1.0,0.0,1.0,0.017
168.0,ue[4],0,0.007,0.0105,0.033333,0.006,0.499333,0.556667,1.0,0.0,1.0,0.019
168.0,attacker[0],1,0.018,0.0185,0.048649,0.0,0.499,0.556667,1.0,0.278331,1.0,0.027
168.0,attacker[1],1,0.019,0.0163,0.058282,0.005,0.500583,0.556667,1.0,0.321991,1.0,0.029
168.0,attacker[2],1,0.009,0.0155,0.029032,0.006,0.496833,0.556667,1.0,0.0,1.0,0.025
169.0,ue[0],0,0.003,0.0102,0.014706,0.011,0.498917,0.56,1.0,0.0,1.0,0.018
169.0,ue[1],0,0.014,0.0093,0.075269,0.008,0.500833,0.56,1.0,0.134508,1.0,0.022
169.0,ue[2],0,0.009,0.0105,0.042857,0.002,0.5,0.56,1.0,0.0,1.0,0.018
169.0,ue[3],0,0.011,0.0096,0.057292,0.002,0.500333,0.56,1.0,0.0,1.0,0.017
169.0,ue[4],0,0.014,0.0101,0.069307,0.007,0.499583,0.56,1.0,0.134508,1.0,0.019
169.0,attacker[0],1,0.012,0.0181,0.033149,0.006,0.497167,0.56,1.0,0.032026,1.0,0.027
169.0,attacker[1],1,0.011,0.0162,0.033951,0.008,0.500167,0.56,1.0,0.0,1.0,0.029
169.0,attacker[2],1,0.017,0.0152,0.055921,0.008,0.497667,0.56,1.0,0.288231,1.0,0.025
170.0,ue[0],0,0.014,0.0101,0.069307,0.011,0.49825,0.563333,1.0,0.005682,1.0,0.018
170.0,ue[1],0,0.008,0.0096,0.041667,0.006,0.501667,0.563333,1.0,0.0,1.0,0.022
170.0,ue[2],0,0.015,0.0105,0.071429,0.006,0.501333,0.563333,1.0,0.051137,1.0,0.018
170.0,ue[3],0,0.009,0.0092,0.048913,0.002,0.500833,0.563333,1.0,0.0,1.0,0.017
170.0,ue[4],0,0.009,0.0098,0.045918,0.005,0.500917,0.563333,1.0,0.0,1.0,0.019
170.0,attacker[0],1,0.018,0.0182,0.049451,0.006,0.4985,0.563333,1.0,0.187503,1.0,0.027
170.0,attacker[1],1,0.018,0.0165,0.054545,0.007,0.49925,0.563333,1.0,0.187503,1.0,0.029
170.0,attacker[2],1,0.02,0.0161,0.062112,0.003,0.50175,0.563333,1.0,0.278414,1.0,0.025
171.0,ue[0],0,0.009,0.0101,0.044554,0.005,0.501417,0.566667,1.0,0.0,1.0,0.018
171.0,ue[1],0,0.007,0.0092,0.038043,0.001,0.499417,0.566667,1.0,0.0,1.0,0.022
171.0,ue[2],0,0.009,0.0105,0.042857,0.006,0.501167,0.566667,1.0,0.0,1.0,0.018
171.0,ue[3],0,0.008,0.0095,0.042105,0.001,0.499917,0.566667,1.0,0.0,1.0,0.017
171.0,ue[4],0,0.011,0.0105,0.052381,0.002,0.499333,0.566667,1.0,0.196039,1.0,0.019
171.0,attacker[0],1,0.009,0.017,0.026471,0.009,0.49875,0.566667,1.0,0.0,1.0,0.027
171.0,attacker[1],1,0.008,0.0154,0.025974,0.01,0.499167,0.566667,1.0,0.0,1.0,0.029
171.0,attacker[2],1,0.013,0.0161,0.040373,0.007,0.501417,0.566667,1.0,0.420084,1.0,0.025
172.0,ue[0],0,0.014,0.0107,0.065421,0.005,0.500583,0.57,1.0,0.035277,1.0,0.018
172.0,ue[1],0,0.016,0.0097,0.082474,0.009,0.501083,0.57,1.0,0.115909,1.0,0.022
172.0,ue[2],0,0.013,0.0108,0.060185,0.004,0.499667,0.57,1.0,0.0,1.0,0.018
172.0,ue[3],0,0.007,0.0091,0.038462,0.001,0.498917,0.57,1.0,0.0,1.0,0.017
172.0,ue[4],0,0.006,0.0102,0.029412,0.005,0.49925,0.57,1.0,0.0,1.0,0.019
172.0,attacker[0],1,0.014,0.0167,0.041916,0.005,0.49775,0.57,1.0,0.035277,1.0,0.027
172.0,attacker[1],1,0.012,0.0149,0.040268,0.004,0.497,0.57,1.0,0.0,1.0,0.029
172.0,attacker[2],1,0.023,0.0165,0.069697,0.01,0.501333,0.57,1.0,0.398122,1.0,0.025
173.0,ue[0],0,0.007,0.0106,0.033019,0.007,0.500917,0.573333,1.0,0.0,1.0,0.018
173.0,ue[1],0,0.009,0.0096,0.046875,0.007,0.501417,0.573333,1.0,0.0,1.0,0.022
173.0,ue[2],0,0.011,0.0108,0.050926,0.002,0.5005,0.573333,1.0,0.0,1.0,0.018
173.0,ue[3],0,0.013,0.0096,0.067708,0.006,0.500333,0.573333,1.0,0.011128,1.0,0.017
173.0,ue[4],0,0.011,0.0105,0.052381,0.005,0.498583,0.573333,1.0,0.0,1.0,0.019
173.0,attacker[0],1,0.02,0.0169,0.059172,0.006,0.502,0.573333,1.0,0.322721,1.0,0.027
173.0,attacker[1],1,0.02,0.0148,0.067568,0.008,0.501833,0.573333,1.0,0.322721,1.0,0.029
173.0,attacker[2],1,0.011,0.0163,0.033742,0.012,0.500167,0.573333,1.0,0.0,1.0,0.025
174.0,ue[0],0,0.005,0.0098,0.02551,0.002,0.496833,0.576667,1.0,0.0,1.0,0.018
174.0,ue[1],0,0.007,0.0092,0.038043,0.002,0.498833,0.576667,1.0,0.0,1.0,0.022
174.0,ue[2],0,0.007,0.0105,0.033333,0.004,0.498333,0.576667,1.0,0.0,1.0,0.018
174.0,ue[3],0,0.006,0.0091,0.032967,0.007,0.50075,0.576667,1.0,0.0,1.0,0.017
174.0,ue[4],0,0.011,0.0103,0.053398,0.0,0.501167,0.576667,1.0,0.020851,1.0,0.019
174.0,attacker[0],1,0.016,0.0169,0.047337,0.004,0.502167,0.576667,1.0,0.229366,1.0,0.027
174.0,attacker[1],1,0.019,0.0151,0.062914,0.001,0.503417,0.576667,1.0,0.354474,1.0,0.029
174.0,attacker[2],1,0.013,0.0159,0.040881,0.002,0.496667,0.576667,1.0,0.104257,1.0,0.025
175.0,ue[0],0,0.009,0.0097,0.046392,0.004,0.4985,0.58,1.0,0.0,1.0,0.018
175.0,ue[1],0,0.013,0.0097,0.06701,0.006,0.499667,0.58,1.0,0.024807,1.0,0.022
175.0,ue[2],0,0.011,0.0103,0.053398,0.004,0.499,0.58,1.0,0.0,1.0,0.018
175.0,ue[3],0,0.01,0.0089,0.05618,0.004,0.499333,0.58,1.0,0.0,1.0,0.017
175.0,ue[4],0,0.006,0.0097,0.030928,0.005,0.499583,0.58,1.0,0.0,1.0,0.019
175.0,attacker[0],1,0.018,0.0161,0.055901,0.002,0.501333,0.58,1.0,0.272876,1.0,0.027
175.0,attacker[1],1,0.018,0.0154,0.058442,0.001,0.502583,0.58,1.0,0.272876,1.0,0.029
175.0,attacker[2],1,0.015,0.0157,0.047771,0.002,0.499167,0.58,1.0,0.124035,1.0,0.025
176.0,ue[0],0,0.009,0.0093,0.048387,0.0,0.500167,0.583333,1.0,0.0,1.0,0.018
176.0,ue[1],0,0.008,0.0094,0.042553,0.005,0.499917,0.583333,1.0,0.0,1.0,0.022
176.0,ue[2],0,0.002,0.0097,0.010309,0.009,0.498083,0.583333,1.0,0.0,1.0,0.018
176.0,ue[3],0,0.006,0.0085,0.035294,0.004,0.499667,0.583333,1.0,0.0,1.0,0.017
176.0,ue[4],0,0.008,0.0096,0.041667,0.002,0.498833,0.583333,1.0,0.0,1.0,0.019
176.0,attacker[0],1,0.016,0.0159,0.050314,0.002,0.500167,0.583333,1.0,0.287011,1.0,0.027
176.0,attacker[1],1,0.015,0.0154,0.048701,0.003,0.49975,0.583333,1.0,0.24199,1.0,0.029
176.0,attacker[2],1,0.013,0.0149,0.043624,0.002,0.499167,0.583333,1.0,0.151947,1.0,0.025
177.0,ue[0],0,0.006,0.009,0.033333,0.003,0.50025,0.586667,1.0,0.0,1.0,0.018
177.0,ue[1],0,0.018,0.0106,0.084906,0.01,0.501667,0.586667,1.0,0.230061,1.0,0.022
177.0,ue[2],0,0.016,0.0104,0.076923,0.014,0.499667,0.586667,1.0,0.118517,1.0,0.018
177.0,ue[3],0,0.012,0.0091,0.065934,0.006,0.499667,0.586667,1.0,0.0,1.0,0.017
177.0,ue[4],0,0.015,0.0098,0.076531,0.007,0.501083,0.586667,1.0,0.062744,1.0,0.019
177.0,attacker[0],1,0.015,0.0156,0.048077,0.001,0.49875,0.586667,1.0,0.062744,1.0,0.027
177.0,attacker[1],1,0.012,0.0152,0.039474,0.003,0.49725,0.586667,1.0,0.0,1.0,0.029
177.0,attacker[2],1,0.017,0.0151,0.056291,0.004,0.501,0.586667,1.0,0.174289,1.0,0.025
178.0,ue[0],0,0.01,0.0086,0.05814,0.004,0.500167,0.59,1.0,0.0,1.0,0.018
178.0,ue[1],0,0.013,0.0113,0.057522,0.005,0.503083,0.59,1.0,0.0,1.0,0.022
178.0,ue[2],0,0.01,0.0103,0.048544,0.006,0.503167,0.59,1.0,0.0,1.0,0.018
178.0,ue[3],0,0.011,0.0093,0.05914,0.001,0.502083,0.59,1.0,0.0,1.0,0.017
178.0,ue[4],0,0.008,0.0099,0.040404,0.007,0.501583,0.59,1.0,0.0,1.0,0.019
178.0,attacker[0],1,0.018,0.0156,0.057692,0.003,0.499917,0.59,1.0,0.27735,1.0,0.027
178.0,attacker[1],1,0.017,0.015,0.056667,0.005,0.498583,0.59,1.0,0.22188,1.0,0.029
178.0,attacker[2],1,0.017,0.0159,0.053459,0.0,0.501667,0.59,1.0,0.22188,1.0,0.025
179.0,ue[0],0,0.006,0.0089,0.033708,0.004,0.5,0.593333,1.0,0.0,1.0,0.018
179.0,ue[1],0,0.009,0.0108,0.041667,0.004,0.499,0.593333,1.0,0.0,1.0,0.022
179.0,ue[2],0,0.013,0.0107,0.060748,0.003,0.500917,0.593333,1.0,0.102069,1.0,0.018
179.0,ue[3],0,0.004,0.0086,0.023256,0.007,0.499083,0.593333,1.0,0.0,1.0,0.017
179.0,ue[4],0,0.008,0.0093,0.043011,0.0,0.499167,0.593333,1.0,0.0,1.0,0.019
179.0,attacker[0],1,0.017,0.0161,0.052795,0.001,0.500583,0.593333,1.0,0.283524,1.0,0.027
179.0,attacker[1],1,0.016,0.0155,0.051613,0.001,0.50075,0.593333,1.0,0.23816,1.0,0.029
179.0,attacker[2],1,0.013,0.0155,0.041935,0.004,0.5,0.593333,1.0,0.102069,1.0,0.025
180.0,ue[0],0,0.007,0.0082,0.042683,0.001,0.499083,0.596667,1.0,0.0,1.0,0.018
180.0,ue[1],0,0.008,0.0108,0.037037,0.001,0.49775,0.596667,1.0,0.0,1.0,0.022
180.0,ue[2],0,0.011,0.0103,0.053398,0.002,0.501333,0.596667,1.0,0.0,1.0,0.018
180.0,ue[3],0,0.008,0.0085,0.047059,0.004,0.498167,0.596667,1.0,0.0,1.0,0.017
180.0,ue[4],0,0.008,0.0092,0.043478,0.0,0.498833,0.596667,1.0,0.0,1.0,0.019
180.0,attacker[0],1,0.022,0.0165,0.066667,0.005,0.501583,0.596667,1.0,0.305385,1.0,0.027
180.0,attacker[1],1,0.011,0.0148,0.037162,0.005,0.499417,0.596667,1.0,0.0,1.0,0.029
180.0,attacker[2],1,0.024,0.0159,0.075472,0.011,0.501417,0.596667,1.0,0.368841,1.0,0.025
181.0,ue[0],0,0.008,0.0081,0.049383,0.001,0.500083,0.6,1.0,0.0,1.0,0.018
181.0,ue[1],0,0.01,0.0111,0.045045,0.002,0.497833,0.6,1.0,0.0,1.0,0.022
181.0,ue[2],0,0.008,0.0102,0.039216,0.003,0.49825,0.6,1.0,0.0,1.0,0.018
181.0,ue[3],0,0.007,0.0084,0.041667,0.001,0.49925,0.6,1.0,0.0,1.0,0.017
181.0,ue[4],0,0.008,0.0089,0.044944,0.0,0.498833,0.6,1.0,0.0,1.0,0.019
181.0,attacker[0],1,0.011,0.0167,0.032934,0.011,0.499917,0.6,1.0,0.005441,1.0,0.027
181.0,attacker[1],1,0.013,0.0153,0.042484,0.002,0.4985,0.6,1.0,0.092502,1.0,0.029
181.0,attacker[2],1,0.022,0.0168,0.065476,0.002,0.503667,0.6,1.0,0.484275,1.0,0.025
182.0,ue[0],0,0.012,0.0079,0.075949,0.004,0.501167,0.603333,1.0,0.014857,1.0,0.018
182.0,ue[1],0,0.004,0.0099,0.020202,0.006,0.4985,0.603333,1.0,0.0,1.0,0.022
182.0,ue[2],0,0.011,0.01,0.055,0.003,0.499083,0.603333,1.0,0.0,1.0,0.018
182.0,ue[3],0,0.006,0.0083,0.036145,0.001,0.499417,0.603333,1.0,0.0,1.0,0.017
182.0,ue[4],0,0.008,0.0091,0.043956,0.0,0.5,0.603333,1.0,0.0,1.0,0.019
182.0,attacker[0],1,0.018,0.0171,0.052632,0.007,0.49775,0.603333,1.0,0.252565,1.0,0.027
182.0,attacker[1],1,0.016,0.0157,0.050955,0.003,0.499917,0.603333,1.0,0.173329,1.0,0.029
182.0,attacker[2],1,0.018,0.0163,0.055215,0.004,0.501,0.603333,1.0,0.252565,1.0,0.025
183.0,ue[0],0,0.009,0.0081,0.055556,0.003,0.50175,0.606667,1.0,0.0,1.0,0.018
183.0,ue[1],0,0.011,0.0101,0.054455,0.007,0.49925,0.606667,1.0,0.0,1.0,0.022
183.0,ue[2],0,0.008,0.0097,0.041237,0.003,0.499417,0.606667,1.0,0.0,1.0,0.018
183.0,ue[3],0,0.011,0.0081,0.067901,0.005,0.501083,0.606667,1.0,0.0,1.0,0.017
183.0,ue[4],0,0.014,0.0094,0.074468,0.006,0.5015,0.606667,1.0,0.005474,1.0,0.019
183.0,attacker[0],1,0.02,0.0171,0.05848,0.002,0.501167,0.606667,1.0,0.268216,1.0,0.027
183.0,attacker[1],1,0.02,0.0157,0.063694,0.004,0.502333,0.606667,1.0,0.268216,1.0,0.029
183.0,attacker[2],1,0.018,0.017,0.052941,0.0,0.499167,0.606667,1.0,0.180636,1.0,0.025
184.0,ue[0],0,0.01,0.0086,0.05814,0.001,0.50025,0.61,1.0,0.0,1.0,0.018
184.0,ue[1],0,0.01,0.0104,0.048077,0.001,0.501583,0.61,1.0,0.0,1.0,0.022
184.0,ue[2],0,0.013,0.0103,0.063107,0.005,0.50025,0.61,1.0,0.0,1.0,0.018
184.0,ue[3],0,0.005,0.008,0.03125,0.006,0.5005,0.61,1.0,0.0,1.0,0.017
184.0,ue[4],0,0.012,0.0095,0.063158,0.002,0.5025,0.61,1.0,0.0,1.0,0.019
184.0,attacker[0],1,0.021,0.0176,0.059659,0.001,0.50175,0.61,1.0,0.265009,1.0,0.027
184.0,attacker[1],1,0.017,0.0155,0.054839,0.003,0.502583,0.61,1.0,0.118797,1.0,0.029
184.0,attacker[2],1,0.022,0.0179,0.061453,0.004,0.499333,0.61,1.0,0.301562,1.0,0.025
185.0,ue[0],0,0.01,0.0087,0.057471,0.0,0.500167,0.613333,1.0,0.0,1.0,0.018
185.0,ue[1],0,0.012,0.0103,0.058252,0.002,0.501333,0.613333,1.0,0.0,1.0,0.022
185.0,ue[2],0,0.014,0.0106,0.066038,0.001,0.50225,0.613333,1.0,0.0,1.0,0.018
185.0,ue[3],0,0.011,0.0081,0.067901,0.006,0.5,0.613333,1.0,0.0,1.0,0.017
185.0,ue[4],0,0.015,0.0104,0.072115,0.003,0.50175,0.613333,1.0,0.047879,1.0,0.019
185.0,attacker[0],1,0.022,0.018,0.061111,0.001,0.502583,0.613333,1.0,0.430911,1.0,0.027
185.0,attacker[1],1,0.017,0.0154,0.055195,0.0,0.500333,0.613333,1.0,0.157317,1.0,0.029
185.0,attacker[2],1,0.012,0.0176,0.034091,0.01,0.498833,0.613333,1.0,0.0,1.0,0.025
186.0,ue[0],0,0.011,0.0089,0.061798,0.001,0.500083,0.616667,1.0,0.0,1.0,0.018
186.0,ue[1],0,0.014,0.0109,0.06422,0.002,0.502333,0.616667,1.0,0.024681,1.0,0.022
186.0,ue[2],0,0.012,0.0116,0.051724,0.002,0.501167,0.616667,1.0,0.0,1.0,0.018
186.0,ue[3],0,0.009,0.0084,0.053571,0.002,0.501333,0.616667,1.0,0.0,1.0,0.017
186.0,ue[4],0,0.015,0.0111,0.067568,0.0,0.501833,0.616667,1.0,0.090496,1.0,0.019
186.0,attacker[0],1,0.018,0.0182,0.049451,0.004,0.500167,0.616667,1.0,0.287941,1.0,0.027
186.0,attacker[1],1,0.018,0.0157,0.057325,0.001,0.499917,0.616667,1.0,0.287941,1.0,0.029
186.0,attacker[2],1,0.012,0.0175,0.034286,0.0,0.496333,0.616667,1.0,0.0,1.0,0.025
187.0,ue[0],0,0.007,0.009,0.038889,0.004,0.499667,0.62,1.0,0.0,1.0,0.018
187.0,ue[1],0,0.014,0.0105,0.066667,0.0,0.5015,0.62,1.0,0.196599,1.0,0.022
187.0,ue[2],0,0.008,0.0108,0.037037,0.004,0.499167,0.62,1.0,0.0,1.0,0.018
187.0,ue[3],0,0.005,0.0077,0.032468,0.004,0.499,0.62,1.0,0.0,1.0,0.017
187.0,ue[4],0,0.005,0.0101,0.024752,0.01,0.498167,0.62,1.0,0.0,1.0,0.019
187.0,attacker[0],1,0.015,0.0182,0.041209,0.003,0.49775,0.62,1.0,0.24426,1.0,0.027
187.0,attacker[1],1,0.016,0.0161,0.049689,0.002,0.4995,0.62,1.0,0.29192,1.0,0.029
187.0,attacker[2],1,0.009,0.0167,0.026946,0.003,0.496583,0.62,1.0,0.0,1.0,0.025
188.0,ue[0],0,0.006,0.0086,0.034884,0.001,0.498083,0.623333,1.0,0.0,1.0,0.018
188.0,ue[1],0,0.006,0.0098,0.030612,0.008,0.499,0.623333,1.0,0.0,1.0,0.022
188.0,ue[2],0,0.012,0.011,0.054545,0.004,0.4985,0.623333,1.0,0.085395,1.0,0.018
188.0,ue[3],0,0.01,0.0076,0.065789,0.005,0.499583,0.623333,1.0,0.0,1.0,0.017
188.0,ue[4],0,0.006,0.0099,0.030303,0.001,0.49575,0.623333,1.0,0.0,1.0,0.019
188.0,attacker[0],1,0.012,0.0176,0.034091,0.003,0.496583,0.623333,1.0,0.085395,1.0,0.027
188.0,attacker[1],1,0.016,0.016,0.05,0.0,0.499333,0.623333,1.0,0.295599,1.0,0.029
188.0,attacker[2],1,0.015,0.0165,0.045455,0.006,0.498333,0.623333,1.0,0.243048,1.0,0.025
189.0,ue[0],0,0.011,0.0091,0.06044,0.005,0.499583,0.626667,1.0,0.0,1.0,0.018
189.0,ue[1],0,0.008,0.0097,0.041237,0.002,0.496833,0.626667,1.0,0.0,1.0,0.022
189.0,ue[2],0,0.009,0.0106,0.042453,0.003,0.499583,0.626667,1.0,0.0,1.0,0.018
189.0,ue[3],0,0.007,0.0079,0.044304,0.003,0.500083,0.626667,1.0,0.0,1.0,0.017
189.0,ue[4],0,0.012,0.0103,0.058252,0.006,0.498667,0.626667,1.0,0.0,1.0,0.019
189.0,attacker[0],1,0.021,0.018,0.058333,0.009,0.499083,0.626667,1.0,0.254901,1.0,0.027
189.0,attacker[1],1,0.023,0.0167,0.068862,0.007,0.50125,0.626667,1.0,0.324026,1.0,0.029
189.0,attacker[2],1,0.018,0.017,0.052941,0.003,0.50275,0.626667,1.0,0.151212,1.0,0.025
190.0,ue[0],0,0.01,0.0094,0.053191,0.001,0.50125,0.63,1.0,0.0,1.0,0.018
190.0,ue[1],0,0.01,0.0099,0.050505,0.002,0.498833,0.63,1.0,0.0,1.0,0.022
190.0,ue[2],0,0.006,0.0101,0.029703,0.003,0.498417,0.63,1.0,0.0,1.0,0.018
190.0,ue[3],0,0.006,0.0077,0.038961,0.001,0.49925,0.63,1.0,0.0,1.0,0.017
190.0,ue[4],0,0.009,0.0104,0.043269,0.003,0.500917,0.63,1.0,0.0,1.0,0.019
190.0,attacker[0],1,0.025,0.0183,0.068306,0.004,0.504,0.63,1.0,0.331231,1.0,0.027
190.0,attacker[1],1,0.025,0.0181,0.069061,0.002,0.503667,0.63,1.0,0.331231,1.0,0.029
190.0,attacker[2],1,0.013,0.0159,0.040881,0.005,0.50175,0.63,1.0,0.0,1.0,0.025
191.0,ue[0],0,0.011,0.0097,0.056701,0.001,0.50125,0.633333,1.0,0.0,1.0,0.018
191.0,ue[1],0,0.011,0.01,0.055,0.001,0.500583,0.633333,1.0,0.0,1.0,0.022
191.0,ue[2],0,0.009,0.0102,0.044118,0.003,0.498917,0.633333,1.0,0.0,1.0,0.018
191.0,ue[3],0,0.011,0.0081,0.067901,0.005,0.500583,0.633333,1.0,0.0,1.0,0.017
191.0,ue[4],0,0.013,0.0109,0.059633,0.004,0.501667,0.633333,1.0,0.07698,1.0,0.019
191.0,attacker[0],1,0.009,0.0181,0.024862,0.016,0.5005,0.633333,1.0,0.0,1.0,0.027
191.0,attacker[1],1,0.016,0.0184,0.043478,0.009,0.501083,0.633333,1.0,0.30792,1.0,0.029
191.0,attacker[2],1,0.016,0.0153,0.052288,0.003,0.50025,0.633333,1.0,0.30792,1.0,0.025
192.0,ue[0],0,0.011,0.0096,0.057292,0.0,0.501,0.636667,1.0,0.0,1.0,0.018
192.0,ue[1],0,0.007,0.0103,0.033981,0.004,0.5005,0.636667,1.0,0.0,1.0,0.022
192.0,ue[2],0,0.008,0.0099,0.040404,0.001,0.49975,0.636667,1.0,0.0,1.0,0.018
192.0,ue[3],0,0.009,0.0084,0.053571,0.002,0.501167,0.636667,1.0,0.0,1.0,0.017
192.0,ue[4],0,0.012,0.0113,0.053097,0.001,0.50175,0.636667,1.0,0.048827,1.0,0.019
192.0,attacker[0],1,0.012,0.0175,0.034286,0.003,0.495583,0.636667,1.0,0.048827,1.0,0.027
192.0,attacker[1],1,0.017,0.0185,0.045946,0.001,0.497583,0.636667,1.0,0.374343,1.0,0.029
192.0,attacker[2],1,0.014,0.0149,0.04698,0.002,0.499833,0.636667,1.0,0.179033,1.0,0.025
193.0,ue[0],0,0.011,0.0098,0.056122,0.0,0.500167,0.64,1.0,0.0,1.0,0.018
193.0,ue[1],0,0.009,0.0101,0.044554,0.002,0.499167,0.64,1.0,0.0,1.0,0.022
193.0,ue[2],0,0.007,0.0098,0.035714,0.001,0.49975,0.64,1.0,0.0,1.0,0.018
193.0,ue[3],0,0.012,0.0085,0.070588,0.003,0.50125,0.64,1.0,0.0,1.0,0.017
193.0,ue[4],0,0.012,0.0111,0.054054,0.0,0.500333,0.64,1.0,0.0,1.0,0.019
193.0,attacker[0],1,0.018,0.0173,0.052023,0.006,0.498333,0.64,1.0,0.261539,1.0,0.027
193.0,attacker[1],1,0.015,0.018,0.041667,0.002,0.497333,0.64,1.0,0.108443,1.0,0.029
193.0,attacker[2],1,0.019,0.015,0.063333,0.005,0.500417,0.64,1.0,0.312571,1.0,0.025
194.0,ue[0],0,0.013,0.0101,0.064356,0.002,0.500667,0.643333,1.0,0.104056,1.0,0.018
194.0,ue[1],0,0.01,0.0101,0.049505,0.001,0.500083,0.643333,1.0,0.0,1.0,0.022
194.0,ue[2],0,0.008,0.0093,0.043011,0.001,0.499917,0.643333,1.0,0.0,1.0,0.018
194.0,ue[3],0,0.013,0.0093,0.069892,0.001,0.501917,0.643333,1.0,0.104056,1.0,0.017
194.0,ue[4],0,0.011,0.011,0.05,0.001,0.500083,0.643333,1.0,0.0,1.0,0.019
194.0,attacker[0],1,0.017,0.0169,0.050296,0.001,0.501083,0.643333,1.0,0.406766,1.0,0.027
194.0,attacker[1],1,0.012,0.0175,0.034286,0.003,0.497083,0.643333,1.0,0.028379,1.0,0.029
194.0,attacker[2],1,0.009,0.0137,0.032847,0.01,0.499833,0.643333,1.0,0.0,1.0,0.025
195.0,ue[0],0,0.016,0.0107,0.074766,0.003,0.50175,0.646667,1.0,0.020739,1.0,0.018
195.0,ue[1],0,0.008,0.0097,0.041237,0.002,0.5,0.646667,1.0,0.0,1.0,0.022
195.0,ue[2],0,0.015,0.0094,0.079787,0.007,0.50175,0.646667,1.0,0.0,1.0,0.018
195.0,ue[3],0,0.013,0.0095,0.068421,0.0,0.501167,0.646667,1.0,0.0,1.0,0.017
195.0,ue[4],0,0.011,0.0106,0.051887,0.0,0.499333,0.646667,1.0,0.0,1.0,0.019
195.0,attacker[0],1,0.021,0.0168,0.0625,0.004,0.503,0.646667,1.0,0.228129,1.0,0.027
195.0,attacker[1],1,0.024,0.0182,0.065934,0.012,0.501,0.646667,1.0,0.352564,1.0,0.029
195.0,attacker[2],1,0.016,0.0141,0.056738,0.007,0.498083,0.646667,1.0,0.020739,1.0,0.025
196.0,ue[0],0,0.013,0.0109,0.059633,0.003,0.501417,0.65,1.0,0.0,1.0,0.018
196.0,ue[1],0,0.014,0.0097,0.072165,0.006,0.501167,0.65,1.0,0.062423,1.0,0.022
196.0,ue[2],0,0.01,0.0092,0.054348,0.005,0.502417,0.65,1.0,0.0,1.0,0.018
196.0,ue[3],0,0.009,0.0095,0.047368,0.004,0.499833,0.65,1.0,0.0,1.0,0.017
196.0,ue[4],0,0.011,0.0102,0.053922,0.0,0.499667,0.65,1.0,0.0,1.0,0.019
196.0,attacker[0],1,0.014,0.0164,0.042683,0.007,0.500917,0.65,1.0,0.062423,1.0,0.027
196.0,attacker[1],1,0.017,0.0181,0.046961,0.007,0.502917,0.65,1.0,0.276444,1.0,0.029
196.0,attacker[2],1,0.017,0.0146,0.058219,0.001,0.50125,0.65,1.0,0.276444,1.0,0.025
197.0,ue[0],0,0.007,0.0109,0.03211,0.006,0.498333,0.653333,1.0,0.0,1.0,0.018
197.0,ue[1],0,0.011,0.0094,0.058511,0.003,0.50175,0.653333,1.0,0.0,1.0,0.022
197.0,ue[2],0,0.012,0.0096,0.0625,0.002,0.5005,0.653333,1.0,0.0,1.0,0.018
197.0,ue[3],0,0.009,0.0099,0.045455,0.0,0.498167,0.653333,1.0,0.0,1.0,0.017
197.0,ue[4],0,0.013,0.011,0.059091,0.002,0.500333,0.653333,1.0,0.006715,1.0,0.019
197.0,attacker[0],1,0.018,0.0167,0.053892,0.004,0.498667,0.653333,1.0,0.275329,1.0,0.027
197.0,attacker[1],1,0.018,0.0183,0.04918,0.001,0.50025,0.653333,1.0,0.275329,1.0,0.029
197.0,attacker[2],1,0.015,0.0152,0.049342,0.002,0.500667,0.653333,1.0,0.114161,1.0,0.025
198.0,ue[0],0,0.012,0.0115,0.052174,0.005,0.49775,0.656667,1.0,0.0,1.0,0.018
198.0,ue[1],0,0.011,0.0099,0.055556,0.0,0.500167,0.656667,1.0,0.0,1.0,0.022
198.0,ue[2],0,0.003,0.0087,0.017241,0.009,0.49825,0.656667,1.0,0.0,1.0,0.018
198.0,ue[3],0,0.006,0.0095,0.031579,0.003,0.497917,0.656667,1.0,0.0,1.0,0.017
198.0,ue[4],0,0.014,0.0118,0.059322,0.001,0.50125,0.656667,1.0,0.033567,1.0,0.019
198.0,attacker[0],1,0.017,0.0172,0.049419,0.001,0.500083,0.656667,1.0,0.134269,1.0,0.027
198.0,attacker[1],1,0.02,0.0187,0.053476,0.002,0.500667,0.656667,1.0,0.234971,1.0,0.029
198.0,attacker[2],1,0.021,0.0158,0.066456,0.006,0.502,0.656667,1.0,0.268538,1.0,0.025
199.0,ue[0],0,0.008,0.0112,0.035714,0.004,0.499,0.66,1.0,0.0,1.0,0.018
199.0,ue[1],0,0.009,0.01,0.045,0.002,0.4995,0.66,1.0,0.0,1.0,0.022
199.0,ue[2],0,0.012,0.009,0.066667,0.009,0.497583,0.66,1.0,0.171037,1.0,0.018
199.0,ue[3],0,0.008,0.0096,0.041667,0.002,0.498333,0.66,1.0,0.0,1.0,0.017
199.0,ue[4],0,0.009,0.0115,0.03913,0.005,0.499917,0.66,1.0,0.0,1.0,0.019
199.0,attacker[0],1,0.01,0.0161,0.031056,0.007,0.497917,0.66,1.0,0.0,1.0,0.027
199.0,attacker[1],1,0.012,0.0176,0.034091,0.008,0.498167,0.66,1.0,0.171037,1.0,0.029
199.0,attacker[2],1,0.014,0.0154,0.045455,0.007,0.50075,0.66,1.0,0.366508,1.0,0.025
200.0,ue[0],0,0.009,0.0111,0.040541,0.001,0.498917,0.663333,1.0,0.0,1.0,0.018
200.0,ue[1],0,0.01,0.01,0.05,0.001,0.49875,0.663333,1.0,0.0,1.0,0.022
200.0,ue[2],0,0.008,0.0092,0.043478,0.004,0.500833,0.663333,1.0,0.0,1.0,0.018
200.0,ue[3],0,0.01,0.01,0.05,0.002,0.5005,0.663333,1.0,0.0,1.0,0.017
200.0,ue[4],0,0.013,0.0119,0.054622,0.004,0.499167,0.663333,1.0,0.088736,1.0,0.019
200.0,attacker[0],1,0.013,0.0149,0.043624,0.003,0.497583,0.663333,1.0,0.088736,1.0,0.027
200.0,attacker[1],1,0.017,0.0168,0.050595,0.005,0.498083,0.663333,1.0,0.37269,1.0,0.029
200.0,attacker[2],1,0.014,0.0155,0.045161,0.0,0.498167,0.663333,1.0,0.159724,1.0,0.025
201.0,ue[0],0,0.007,0.0107,0.03271,0.002,0.4995,0.666667,1.0,0.0,1.0,0.018
201.0,ue[1],0,0.01,0.0099,0.050505,0.0,0.499833,0.666667,1.0,0.0,1.0,0.022
201.0,ue[2],0,0.01,0.0093,0.053763,0.002,0.5,0.666667,1.0,0.0,1.0,0.018
201.0,ue[3],0,0.015,0.0104,0.072115,0.005,0.502417,0.666667,1.0,0.032588,1.0,0.017
201.0,ue[4],0,0.016,0.0122,0.065574,0.003,0.50125,0.666667,1.0,0.076038,1.0,0.019
201.0,attacker[0],1,0.022,0.0162,0.067901,0.009,0.50125,0.666667,1.0,0.336738,1.0,0.027
201.0,attacker[1],1,0.016,0.0168,0.047619,0.001,0.499917,0.666667,1.0,0.076038,1.0,0.029
201.0,attacker[2],1,0.018,0.0157,0.057325,0.004,0.499667,0.666667,1.0,0.162938,1.0,0.025
202.0,ue[0],0,0.005,0.0101,0.024752,0.002,0.498167,0.67,1.0,0.0,1.0,0.018
202.0,ue[1],0,0.008,0.01,0.04,0.002,0.4995,0.67,1.0,0.0,1.0,0.022
202.0,ue[2],0,0.014,0.0099,0.070707,0.004,0.502167,0.67,1.0,0.123917,1.0,0.018
202.0,ue[3],0,0.013,0.0108,0.060185,0.002,0.503,0.67,1.0,0.068843,1.0,0.017
202.0,ue[4],0,0.011,0.0121,0.045455,0.005,0.50075,0.67,1.0,0.0,1.0,0.019
202.0,attacker[0],1,0.017,0.0167,0.050898,0.005,0.503083,0.67,1.0,0.28914,1.0,0.027
202.0,attacker[1],1,0.015,0.0166,0.045181,0.001,0.499583,0.67,1.0,0.178991,1.0,0.029
202.0,attacker[2],1,0.011,0.0154,0.035714,0.007,0.499083,0.67,1.0,0.0,1.0,0.025
203.0,ue[0],0,0.006,0.0096,0.03125,0.001,0.49875,0.673333,1.0,0.0,1.0,0.018
203.0,ue[1],0,0.011,0.0102,0.053922,0.003,0.499917,0.673333,1.0,0.0,1.0,0.022
203.0,ue[2],0,0.014,0.0106,0.066038,0.0,0.502,0.673333,1.0,0.110253,1.0,0.018
203.0,ue[3],0,0.007,0.0103,0.033981,0.006,0.4995,0.673333,1.0,0.0,1.0,0.017
203.0,ue[4],0,0.014,0.0123,0.056911,0.003,0.499917,0.673333,1.0,0.110253,1.0,0.019
203.0,attacker[0],1,0.019,0.0168,0.056548,0.002,0.5015,0.673333,1.0,0.36967,1.0,0.027
203.0,attacker[1],1,0.012,0.0163,0.03681,0.003,0.49925,0.673333,1.0,0.006485,1.0,0.029
203.0,attacker[2],1,0.012,0.0147,0.040816,0.001,0.498083,0.673333,1.0,0.006485,1.0,0.025
204.0,ue[0],0,0.011,0.0094,0.058511,0.005,0.50075,0.676667,1.0,0.0,1.0,0.018
204.0,ue[1],0,0.01,0.0102,0.04902,0.001,0.500583,0.676667,1.0,0.0,1.0,0.022
204.0,ue[2],0,0.017,0.0115,0.073913,0.003,0.502417,0.676667,1.0,0.173386,1.0,0.018
204.0,ue[3],0,0.007,0.0097,0.036082,0.0,0.497167,0.676667,1.0,0.0,1.0,0.017
204.0,ue[4],0,0.011,0.0123,0.044715,0.003,0.499583,0.676667,1.0,0.0,1.0,0.019
204.0,attacker[0],1,0.013,0.0164,0.039634,0.006,0.499333,0.676667,1.0,0.0,1.0,0.027
204.0,attacker[1],1,0.019,0.017,0.055882,0.007,0.49975,0.676667,1.0,0.269047,1.0,0.029
204.0,attacker[2],1,0.019,0.0157,0.06051,0.007,0.500583,0.676667,1.0,0.269047,1.0,0.025
205.0,ue[0],0,0.011,0.0089,0.061798,0.0,0.5025,0.68,1.0,0.0,1.0,0.018
205.0,ue[1],0,0.01,0.0104,0.048077,0.0,0.500167,0.68,1.0,0.0,1.0,0.022
205.0,ue[2],0,0.009,0.0109,0.041284,0.008,0.500167,0.68,1.0,0.0,1.0,0.018
205.0,ue[3],0,0.013,0.0097,0.06701,0.006,0.499167,0.68,1.0,0.048827,1.0,0.017
205.0,ue[4],0,0.008,0.012,0.033333,0.003,0.497917,0.68,1.0,0.0,1.0,0.019
205.0,attacker[0],1,0.017,0.016,0.053125,0.004,0.497833,0.68,1.0,0.30924,1.0,0.027
205.0,attacker[1],1,0.016,0.0162,0.049383,0.003,0.501583,0.68,1.0,0.244136,1.0,0.029
205.0,attacker[2],1,0.014,0.0155,0.045161,0.005,0.501417,0.68,1.0,0.11393,1.0,0.025
206.0,ue[0],0,0.011,0.0087,0.063218,0.0,0.501833,0.683333,1.0,0.0,1.0,0.018
206.0,ue[1],0,0.011,0.0101,0.054455,0.001,0.500417,0.683333,1.0,0.0,1.0,0.022
206.0,ue[2],0,0.013,0.0112,0.058036,0.004,0.498,0.683333,1.0,0.005287,1.0,0.018
206.0,ue[3],0,0.009,0.0097,0.046392,0.004,0.501,0.683333,1.0,0.0,1.0,0.017
206.0,ue[4],0,0.009,0.0118,0.038136,0.001,0.49825,0.683333,1.0,0.0,1.0,0.019
206.0,attacker[0],1,0.016,0.0162,0.049383,0.001,0.500083,0.683333,1.0,0.132175,1.0,0.027
206.0,attacker[1],1,0.024,0.0169,0.071006,0.008,0.502333,0.683333,1.0,0.470544,1.0,0.029
206.0,attacker[2],1,0.01,0.0148,0.033784,0.004,0.499,0.683333,1.0,0.0,1.0,0.025
207.0,ue[0],0,0.009,0.0089,0.050562,0.002,0.500333,0.686667,1.0,0.0,1.0,0.018
207.0,ue[1],0,0.006,0.0096,0.03125,0.005,0.499083,0.686667,1.0,0.0,1.0,0.022
207.0,ue[2],0,0.014,0.0114,0.061404,0.001,0.500083,0.686667,1.0,0.205151,1.0,0.018
207.0,ue[3],0,0.012,0.01,0.06,0.003,0.50075,0.686667,1.0,0.05595,1.0,0.017
207.0,ue[4],0,0.01,0.0115,0.043478,0.001,0.49925,0.686667,1.0,0.0,1.0,0.019
207.0,attacker[0],1,0.015,0.0159,0.04717,0.001,0.499583,0.686667,1.0,0.279751,1.0,0.027
207.0,attacker[1],1,0.012,0.0163,0.03681,0.012,0.501167,0.686667,1.0,0.05595,1.0,0.029
207.0,attacker[2],1,0.012,0.0145,0.041379,0.002,0.498,0.686667,1.0,0.05595,1.0,0.025
208.0,ue[0],0,0.009,0.0086,0.052326,0.0,0.499,0.69,1.0,0.0,1.0,0.018
208.0,ue[1],0,0.013,0.0098,0.066327,0.007,0.499583,0.69,1.0,0.054636,1.0,0.022
208.0,ue[2],0,0.008,0.0119,0.033613,0.006,0.499,0.69,1.0,0.0,1.0,0.018
208.0,ue[3],0,0.007,0.0101,0.034653,0.005,0.499917,0.69,1.0,0.0,1.0,0.017
208.0,ue[4],0,0.006,0.0107,0.028037,0.004,0.499333,0.69,1.0,0.0,1.0,0.019
208.0,attacker[0],1,0.018,0.016,0.05625,0.003,0.500583,0.69,1.0,0.273179,1.0,0.027
208.0,attacker[1],1,0.015,0.0158,0.047468,0.003,0.496917,0.69,1.0,0.142053,1.0,0.029
208.0,attacker[2],1,0.018,0.0142,0.06338,0.006,0.500333,0.69,1.0,0.273179,1.0,0.025
209.0,ue[0],0,0.01,0.0088,0.056818,0.001,0.499583,0.693333,1.0,0.0,1.0,0.018
209.0,ue[1],0,0.01,0.0099,0.050505,0.003,0.50125,0.693333,1.0,0.0,1.0,0.022
209.0,ue[2],0,0.013,0.012,0.054167,0.005,0.49925,0.693333,1.0,0.019707,1.0,0.018
209.0,ue[3],0,0.008,0.0101,0.039604,0.001,0.498083,0.693333,1.0,0.0,1.0,0.017
209.0,ue[4],0,0.005,0.0103,0.024272,0.001,0.49825,0.693333,1.0,0.0,1.0,0.019
209.0,attacker[0],1,0.021,0.0171,0.061404,0.003,0.50175,0.693333,1.0,0.335012,1.0,0.027
209.0,attacker[1],1,0.019,0.0165,0.057576,0.004,0.499833,0.693333,1.0,0.256186,1.0,0.029
209.0,attacker[2],1,0.014,0.0142,0.049296,0.004,0.502,0.693333,1.0,0.05912,1.0,0.025
210.0,ue[0],0,0.014,0.0093,0.075269,0.004,0.501167,0.696667,1.0,0.100174,1.0,0.018
210.0,ue[1],0,0.007,0.0096,0.036458,0.003,0.49925,0.696667,1.0,0.0,1.0,0.022
210.0,ue[2],0,0.005,0.0117,0.021368,0.008,0.498667,0.696667,1.0,0.0,1.0,0.018
210.0,ue[3],0,0.009,0.01,0.045,0.001,0.499583,0.696667,1.0,0.0,1.0,0.017
210.0,ue[4],0,0.01,0.01,0.05,0.005,0.499583,0.696667,1.0,0.0,1.0,0.019
210.0,attacker[0],1,0.021,0.0179,0.058659,0.0,0.502333,0.696667,1.0,0.395422,1.0,0.027
210.0,attacker[1],1,0.012,0.016,0.0375,0.007,0.49925,0.696667,1.0,0.015817,1.0,0.029
210.0,attacker[2],1,0.015,0.0143,0.052448,0.001,0.500583,0.696667,1.0,0.142352,1.0,0.025
211.0,ue[0],0,0.008,0.0094,0.042553,0.006,0.500833,0.7,1.0,0.0,1.0,0.018
211.0,ue[1],0,0.011,0.0097,0.056701,0.004,0.499667,0.7,1.0,0.0,1.0,0.022
211.0,ue[2],0,0.009,0.0116,0.038793,0.004,0.497667,0.7,1.0,0.0,1.0,0.018
211.0,ue[3],0,0.011,0.0096,0.057292,0.002,0.5005,0.7,1.0,0.0,1.0,0.017
211.0,ue[4],0,0.013,0.0097,0.06701,0.003,0.50225,0.7,1.0,0.031265,1.0,0.019
211.0,attacker[0],1,0.012,0.0169,0.035503,0.009,0.49925,0.7,1.0,0.0,1.0,0.027
211.0,attacker[1],1,0.013,0.0157,0.041401,0.001,0.498583,0.7,1.0,0.031265,1.0,0.029
211.0,attacker[2],1,0.022,0.0147,0.07483,0.007,0.501917,0.7,1.0,0.481485,1.0,0.025
212.0,ue[0],0,0.01,0.0099,0.050505,0.002,0.499,0.703333,1.0,0.0,1.0,0.018
212.0,ue[1],0,0.011,0.01,0.055,0.0,0.5005,0.703333,1.0,0.0,1.0,0.022
212.0,ue[2],0,0.008,0.011,0.036364,0.001,0.499917,0.703333,1.0,0.0,1.0,0.018
212.0,ue[3],0,0.015,0.0098,0.076531,0.004,0.5025,0.703333,1.0,0.013528,1.0,0.017
212.0,ue[4],0,0.01,0.0096,0.052083,0.003,0.50225,0.703333,1.0,0.0,1.0,0.019
212.0,attacker[0],1,0.025,0.0177,0.070621,0.013,0.49925,0.703333,1.0,0.374288,1.0,0.027
212.0,attacker[1],1,0.019,0.0161,0.059006,0.006,0.500333,0.703333,1.0,0.157832,1.0,0.029
212.0,attacker[2],1,0.019,0.0155,0.06129,0.003,0.502417,0.703333,1.0,0.157832,1.0,0.025
213.0,ue[0],0,0.012,0.0105,0.057143,0.002,0.500167,0.706667,1.0,0.026491,1.0,0.018
213.0,ue[1],0,0.005,0.0094,0.026596,0.006,0.499333,0.706667,1.0,0.0,1.0,0.022
213.0,ue[2],0,0.007,0.0103,0.033981,0.001,0.49925,0.706667,1.0,0.0,1.0,0.018
213.0,ue[3],0,0.01,0.0101,0.049505,0.005,0.501583,0.706667,1.0,0.0,1.0,0.017
213.0,ue[4],0,0.014,0.0096,0.072917,0.004,0.501333,0.706667,1.0,0.132453,1.0,0.019
213.0,attacker[0],1,0.015,0.0173,0.043353,0.01,0.501,0.706667,1.0,0.185434,1.0,0.027
213.0,attacker[1],1,0.012,0.0161,0.037267,0.007,0.500417,0.706667,1.0,0.026491,1.0,0.029
213.0,attacker[2],1,0.017,0.016,0.053125,0.002,0.5005,0.706667,1.0,0.291397,1.0,0.025
214.0,ue[0],0,0.012,0.0106,0.056604,0.0,0.500667,0.71,1.0,0.0,1.0,0.018
214.0,ue[1],0,0.01,0.0094,0.053191,0.005,0.498917,0.71,1.0,0.0,1.0,0.022
214.0,ue[2],0,0.005,0.0091,0.027473,0.002,0.499333,0.71,1.0,0.0,1.0,0.018
214.0,ue[3],0,0.015,0.0109,0.068807,0.005,0.500417,0.71,1.0,0.117439,1.0,0.017
214.0,ue[4],0,0.007,0.0092,0.038043,0.007,0.49975,0.71,1.0,0.0,1.0,0.019
214.0,attacker[0],1,0.015,0.0175,0.042857,0.0,0.497833,0.71,1.0,0.117439,1.0,0.027
214.0,attacker[1],1,0.019,0.0161,0.059006,0.007,0.500417,0.71,1.0,0.296395,1.0,0.029
214.0,attacker[2],1,0.016,0.0157,0.050955,0.001,0.498917,0.71,1.0,0.162178,1.0,0.025
215.0,ue[0],0,0.007,0.0102,0.034314,0.005,0.49975,0.713333,1.0,0.0,1.0,0.018
215.0,ue[1],0,0.008,0.0092,0.043478,0.002,0.5,0.713333,1.0,0.0,1.0,0.022
215.0,ue[2],0,0.009,0.0091,0.049451,0.004,0.4995,0.713333,1.0,0.0,1.0,0.018
215.0,ue[3],0,0.01,0.0106,0.04717,0.005,0.50025,0.713333,1.0,0.0,1.0,0.017
215.0,ue[4],0,0.011,0.0095,0.057895,0.004,0.498333,0.713333,1.0,0.0,1.0,0.019
215.0,attacker[0],1,0.017,0.0175,0.048571,0.002,0.499333,0.713333,1.0,0.275,1.0,0.027
215.0,attacker[1],1,0.011,0.0156,0.035256,0.008,0.500167,0.713333,1.0,0.0,1.0,0.029
215.0,attacker[2],1,0.019,0.0162,0.058642,0.003,0.499083,0.713333,1.0,0.375,1.0,0.025
216.0,ue[0],0,0.013,0.0104,0.0625,0.006,0.499333,0.716667,1.0,0.067082,1.0,0.018
216.0,ue[1],0,0.006,0.0087,0.034483,0.002,0.499167,0.716667,1.0,0.0,1.0,0.022
216.0,ue[2],0,0.004,0.0082,0.02439,0.005,0.499917,0.716667,1.0,0.0,1.0,0.018
216.0,ue[3],0,0.01,0.0107,0.046729,0.0,0.498333,0.716667,1.0,0.0,1.0,0.017
216.0,ue[4],0,0.012,0.0098,0.061224,0.001,0.500583,0.716667,1.0,0.022361,1.0,0.019
216.0,attacker[0],1,0.014,0.0173,0.040462,0.003,0.498583,0.716667,1.0,0.111803,1.0,0.027
216.0,attacker[1],1,0.019,0.0151,0.062914,0.008,0.499167,0.716667,1.0,0.33541,1.0,0.029
216.0,attacker[2],1,0.014,0.0166,0.042169,0.005,0.499583,0.716667,1.0,0.111803,1.0,0.025
217.0,ue[0],0,0.01,0.0105,0.047619,0.003,0.500583,0.72,1.0,0.0,1.0,0.018
217.0,ue[1],0,0.01,0.0091,0.054945,0.004,0.500167,0.72,1.0,0.0,1.0,0.022
217.0,ue[2],0,0.012,0.008,0.075,0.008,0.5005,0.72,1.0,0.0,1.0,0.018
217.0,ue[3],0,0.007,0.0102,0.034314,0.003,0.498417,0.72,1.0,0.0,1.0,0.017
217.0,ue[4],0,0.008,0.0096,0.041667,0.004,0.499667,0.72,1.0,0.0,1.0,0.019
217.0,attacker[0],1,0.02,0.0178,0.05618,0.006,0.500667,0.72,1.0,0.31136,1.0,0.027
217.0,attacker[1],1,0.019,0.0158,0.060127,0.0,0.5025,0.72,1.0,0.268414,1.0,0.029
217.0,attacker[2],1,0.016,0.017,0.047059,0.002,0.498833,0.72,1.0,0.139575,1.0,0.025
218.0,ue[0],0,0.006,0.0102,0.029412,0.004,0.498667,0.723333,1.0,0.0,1.0,0.018
218.0,ue[1],0,0.013,0.0091,0.071429,0.003,0.50175,0.723333,1.0,0.069328,1.0,0.022
218.0,ue[2],0,0.008,0.008,0.05,0.004,0.502,0.723333,1.0,0.0,1.0,0.018
218.0,ue[3],0,0.012,0.0107,0.056075,0.005,0.498917,0.723333,1.0,0.018908,1.0,0.017
218.0,ue[4],0,0.01,0.01,0.05,0.002,0.4995,0.723333,1.0,0.0,1.0,0.019
218.0,attacker[0],1,0.017,0.0177,0.048023,0.003,0.501583,0.723333,1.0,0.271009,1.0,0.027
218.0,attacker[1],1,0.009,0.0152,0.029605,0.01,0.498833,0.723333,1.0,0.0,1.0,0.029
218.0,attacker[2],1,0.018,0.017,0.052941,0.002,0.500333,0.723333,1.0,0.321429,1.0,0.025
219.0,ue[0],0,0.012,0.0104,0.057692,0.006,0.4995,0.726667,1.0,0.0,1.0,0.018
219.0,ue[1],0,0.01,0.0091,0.054945,0.003,0.50175,0.726667,1.0,0.0,1.0,0.022
219.0,ue[2],0,0.013,0.008,0.08125,0.005,0.501083,0.726667,1.0,0.004893,1.0,0.018
219.0,ue[3],0,0.006,0.0105,0.028571,0.006,0.5,0.726667,1.0,0.0,1.0,0.017
219.0,ue[4],0,0.01,0.0105,0.047619,0.0,0.499833,0.726667,1.0,0.0,1.0,0.019
219.0,attacker[0],1,0.017,0.0173,0.049133,0.0,0.5,0.726667,1.0,0.161457,1.0,0.027
219.0,attacker[1],1,0.011,0.0144,0.038194,0.002,0.496833,0.726667,1.0,0.0,1.0,0.029
219.0,attacker[2],1,0.024,0.018,0.066667,0.006,0.502333,0.726667,1.0,0.435443,1.0,0.025
220.0,ue[0],0,0.006,0.0096,0.03125,0.006,0.499667,0.73,1.0,0.0,1.0,0.018
220.0,ue[1],0,0.011,0.0095,0.057895,0.001,0.500417,0.73,1.0,0.0,1.0,0.022
220.0,ue[2],0,0.012,0.0087,0.068966,0.001,0.50225,0.73,1.0,0.0,1.0,0.018
220.0,ue[3],0,0.012,0.0108,0.055556,0.006,0.499667,0.73,1.0,0.0,1.0,0.017
220.0,ue[4],0,0.011,0.0106,0.051887,0.001,0.50025,0.73,1.0,0.0,1.0,0.019
220.0,attacker[0],1,0.018,0.017,0.052941,0.001,0.50025,0.73,1.0,0.324372,1.0,0.027
220.0,attacker[1],1,0.014,0.0146,0.047945,0.003,0.498417,0.73,1.0,0.088465,1.0,0.029
220.0,attacker[2],1,0.016,0.0181,0.044199,0.008,0.502,0.73,1.0,0.206419,1.0,0.025
221.0,ue[0],0,0.015,0.0103,0.072816,0.009,0.500583,0.733333,1.0,0.126335,1.0,0.018
221.0,ue[1],0,0.012,0.0096,0.0625,0.001,0.50025,0.733333,1.0,0.0,1.0,0.022
221.0,ue[2],0,0.007,0.0085,0.041176,0.005,0.49925,0.733333,1.0,0.0,1.0,0.018
221.0,ue[3],0,0.01,0.0107,0.046729,0.002,0.501333,0.733333,1.0,0.0,1.0,0.017
221.0,ue[4],0,0.009,0.0102,0.044118,0.002,0.500333,0.733333,1.0,0.0,1.0,0.019
221.0,attacker[0],1,0.017,0.0175,0.048571,0.001,0.49975,0.733333,1.0,0.238633,1.0,0.027
221.0,attacker[1],1,0.017,0.015,0.056667,0.003,0.50125,0.733333,1.0,0.238633,1.0,0.029
221.0,attacker[2],1,0.015,0.0174,0.043103,0.001,0.498083,0.733333,1.0,0.126335,1.0,0.025
222.0,ue[0],0,0.006,0.0099,0.030303,0.009,0.50125,0.736667,1.0,0.0,1.0,0.018
222.0,ue[1],0,0.011,0.0096,0.057292,0.001,0.500083,0.736667,1.0,0.010737,1.0,0.022
222.0,ue[2],0,0.01,0.0087,0.057471,0.003,0.49875,0.736667,1.0,0.0,1.0,0.018
222.0,ue[3],0,0.006,0.0098,0.030612,0.004,0.499,0.736667,1.0,0.0,1.0,0.017
222.0,ue[4],0,0.006,0.0098,0.030612,0.003,0.498583,0.736667,1.0,0.0,1.0,0.019
222.0,attacker[0],1,0.012,0.0162,0.037037,0.005,0.498583,0.736667,1.0,0.053683,1.0,0.027
222.0,attacker[1],1,0.02,0.0151,0.066225,0.003,0.503583,0.736667,1.0,0.397253,1.0,0.029
222.0,attacker[2],1,0.015,0.017,0.044118,0.0,0.497833,0.736667,1.0,0.182522,1.0,0.025
223.0,ue[0],0,0.016,0.0103,0.07767,0.01,0.5,0.74,1.0,0.131536,1.0,0.018
223.0,ue[1],0,0.01,0.0101,0.049505,0.001,0.49975,0.74,1.0,0.0,1.0,0.022
223.0,ue[2],0,0.007,0.0087,0.04023,0.003,0.498917,0.74,1.0,0.0,1.0,0.018
223.0,ue[3],0,0.013,0.0101,0.064356,0.007,0.500083,0.74,1.0,0.0,1.0,0.017
223.0,ue[4],0,0.008,0.0092,0.043478,0.002,0.4985,0.74,1.0,0.0,1.0,0.019
223.0,attacker[0],1,0.02,0.0167,0.05988,0.008,0.499333,0.74,1.0,0.314543,1.0,0.027
223.0,attacker[1],1,0.013,0.0152,0.042763,0.007,0.50125,0.74,1.0,0.0,1.0,0.029
223.0,attacker[2],1,0.018,0.0171,0.052632,0.003,0.499083,0.74,1.0,0.223039,1.0,0.025
224.0,ue[0],0,0.015,0.0106,0.070755,0.001,0.50325,0.743333,1.0,0.066899,1.0,0.018
224.0,ue[1],0,0.008,0.0099,0.040404,0.002,0.498833,0.743333,1.0,0.0,1.0,0.022
224.0,ue[2],0,0.006,0.0088,0.034091,0.001,0.498417,0.743333,1.0,0.0,1.0,0.018
224.0,ue[3],0,0.018,0.0104,0.086538,0.005,0.503083,0.743333,1.0,0.167248,1.0,0.018
224.0,ue[4],0,0.003,0.0088,0.017045,0.005,0.498417,0.743333,1.0,0.0,1.0,0.019
224.0,attacker[0],1,0.016,0.0168,0.047619,0.004,0.501167,0.743333,1.0,0.100349,1.0,0.027
224.0,attacker[1],1,0.02,0.0153,0.065359,0.007,0.49975,0.743333,1.0,0.234148,1.0,0.029
224.0,attacker[2],1,0.018,0.0173,0.052023,0.0,0.501333,0.743333,1.0,0.167248,1.0,0.025
225.0,ue[0],0,0.006,0.0105,0.028571,0.009,0.499083,0.746667,1.0,0.0,1.0,0.018
225.0,ue[1],0,0.009,0.01,0.045,0.001,0.49875,0.746667,1.0,0.0,1.0,0.022
225.0,ue[2],0,0.014,0.0093,0.075269,0.008,0.501,0.746667,1.0,0.056152,1.0,0.018
225.0,ue[3],0,0.014,0.0108,0.064815,0.004,0.503167,0.746667,1.0,0.056152,1.0,0.018
225.0,ue[4],0,0.007,0.0084,0.041667,0.004,0.498667,0.746667,1.0,0.0,1.0,0.019
225.0,attacker[0],1,0.016,0.0167,0.047904,0.0,0.499833,0.746667,1.0,0.137829,1.0,0.027
225.0,attacker[1],1,0.013,0.0155,0.041935,0.007,0.499917,0.746667,1.0,0.015314,1.0,0.029
225.0,attacker[2],1,0.022,0.0176,0.0625,0.004,0.502,0.746667,1.0,0.382857,1.0,0.025
226.0,ue[0],0,0.014,0.0106,0.066038,0.008,0.498833,0.75,1.0,0.067574,1.0,0.018
226.0,ue[1],0,0.013,0.0107,0.060748,0.004,0.500667,0.75,1.0,0.013515,1.0,0.022
226.0,ue[2],0,0.009,0.0098,0.045918,0.005,0.501917,0.75,1.0,0.0,1.0,0.018
226.0,ue[3],0,0.007,0.0105,0.033333,0.007,0.499083,0.75,1.0,0.0,1.0,0.018
226.0,ue[4],0,0.012,0.0084,0.071429,0.005,0.501917,0.75,1.0,0.0,1.0,0.019
226.0,attacker[0],1,0.019,0.0172,0.055233,0.003,0.50075,0.75,1.0,0.337869,1.0,0.027
226.0,attacker[1],1,0.017,0.0153,0.055556,0.004,0.498667,0.75,1.0,0.229751,1.0,0.029
226.0,attacker[2],1,0.011,0.0173,0.031792,0.011,0.49975,0.75,1.0,0.0,1.0,0.025
227.0,ue[0],0,0.014,0.011,0.063636,0.0,0.500833,0.753333,1.0,0.04901,1.0,0.018
227.0,ue[1],0,0.011,0.0108,0.050926,0.002,0.5015,0.753333,1.0,0.0,1.0,0.022
227.0,ue[2],0,0.011,0.0097,0.056701,0.002,0.5005,0.753333,1.0,0.0,1.0,0.018
227.0,ue[3],0,0.009,0.0107,0.042056,0.002,0.4965,0.753333,1.0,0.0,1.0,0.018
227.0,ue[4],0,0.006,0.0082,0.036585,0.006,0.5015,0.753333,1.0,0.0,1.0,0.019
227.0,attacker[0],1,0.014,0.0166,0.042169,0.005,0.499583,0.753333,1.0,0.04901,1.0,0.027
227.0,attacker[1],1,0.01,0.0144,0.034722,0.007,0.499083,0.753333,1.0,0.0,1.0,0.029
227.0,attacker[2],1,0.026,0.0183,0.071038,0.015,0.499583,0.753333,1.0,0.476734,1.0,0.026
228.0,ue[0],0,0.009,0.0113,0.039823,0.005,0.499917,0.756667,1.0,0.0,1.0,0.018
228.0,ue[1],0,0.009,0.0104,0.043269,0.002,0.5,0.756667,1.0,0.0,1.0,0.022
228.0,ue[2],0,0.008,0.0097,0.041237,0.003,0.499917,0.756667,1.0,0.0,1.0,0.018
228.0,ue[3],0,0.01,0.0105,0.047619,0.001,0.49825,0.756667,1.0,0.0,1.0,0.018
228.0,ue[4],0,0.013,0.0085,0.076471,0.007,0.501083,0.756667,1.0,0.0,1.0,0.019
228.0,attacker[0],1,0.018,0.0167,0.053892,0.004,0.4995,0.756667,1.0,0.157267,1.0,0.027
228.0,attacker[1],1,0.015,0.015,0.05,0.005,0.497917,0.756667,1.0,0.052422,1.0,0.029
228.0,attacker[2],1,0.026,0.0183,0.071038,0.015,0.499583,0.756667,1.0,0.436852,1.0,0.026
229.0,ue[0],0,0.008,0.0109,0.036697,0.001,0.498583,0.76,1.0,0.0,1.0,0.018
229.0,ue[1],0,0.008,0.0102,0.039216,0.001,0.49875,0.76,1.0,0.0,1.0,0.022
229.0,ue[2],0,0.017,0.0101,0.084158,0.009,0.500583,0.76,1.0,0.143839,1.0,0.018
229.0,ue[3],0,0.011,0.011,0.05,0.001,0.50025,0.76,1.0,0.0,1.0,0.018
229.0,ue[4],0,0.01,0.0085,0.058824,0.003,0.501583,0.76,1.0,0.0,1.0,0.019
229.0,attacker[0],1,0.022,0.0172,0.063953,0.004,0.501833,0.76,1.0,0.335624,1.0,0.027
229.0,attacker[1],1,0.02,0.0159,0.062893,0.005,0.502083,0.76,1.0,0.25891,1.0,0.029
229.0,attacker[2],1,0.01,0.0165,0.030303,0.004,0.496167,0.76,1.0,0.0,1.0,0.026
230.0,ue[0],0,0.014,0.0117,0.059829,0.006,0.499333,0.763333,1.0,0.071657,1.0,0.018
230.0,ue[1],0,0.006,0.0097,0.030928,0.002,0.498,0.763333,1.0,0.0,1.0,0.022
230.0,ue[2],0,0.007,0.0096,0.036458,0.01,0.501333,0.763333,1.0,0.0,1.0,0.018
230.0,ue[3],0,0.002,0.01,0.01,0.009,0.498917,0.763333,1.0,0.0,1.0,0.018
230.0,ue[4],0,0.009,0.0083,0.054217,0.001,0.499583,0.763333,1.0,0.0,1.0,0.019
230.0,attacker[0],1,0.017,0.0171,0.049708,0.005,0.50125,0.763333,1.0,0.167199,1.0,0.027
230.0,attacker[1],1,0.018,0.0163,0.055215,0.002,0.5025,0.763333,1.0,0.199047,1.0,0.029
230.0,attacker[2],1,0.021,0.017,0.061765,0.011,0.49925,0.763333,1.0,0.294589,1.0,0.026
231.0,ue[0],0,0.007,0.0109,0.03211,0.007,0.500083,0.766667,1.0,0.0,1.0,0.018
231.0,ue[1],0,0.008,0.0093,0.043011,0.002,0.498833,0.766667,1.0,0.0,1.0,0.022
231.0,ue[2],0,0.01,0.0099,0.050505,0.003,0.49825,0.766667,1.0,0.0,1.0,0.018
231.0,ue[3],0,0.009,0.0099,0.045455,0.007,0.49775,0.766667,1.0,0.0,1.0,0.018
231.0,ue[4],0,0.009,0.0083,0.054217,0.0,0.499667,0.766667,1.0,0.0,1.0,0.019
231.0,attacker[0],1,0.019,0.0173,0.054913,0.002,0.5,0.766667,1.0,0.415636,1.0,0.027
231.0,attacker[1],1,0.015,0.0161,0.046584,0.003,0.50075,0.766667,1.0,0.204519,1.0,0.029
231.0,attacker[2],1,0.012,0.0167,0.035928,0.009,0.499917,0.766667,1.0,0.046182,1.0,0.026
232.0,ue[0],0,0.012,0.0115,0.052174,0.005,0.499583,0.77,1.0,0.022547,1.0,0.018
232.0,ue[1],0,0.004,0.0086,0.023256,0.004,0.499167,0.77,1.0,0.0,1.0,0.022
232.0,ue[2],0,0.01,0.0099,0.050505,0.0,0.499667,0.77,1.0,0.0,1.0,0.018
232.0,ue[3],0,0.008,0.0101,0.039604,0.001,0.500417,0.77,1.0,0.0,1.0,0.018
232.0,ue[4],0,0.004,0.0081,0.024691,0.005,0.497917,0.77,1.0,0.0,1.0,0.019
232.0,attacker[0],1,0.018,0.0179,0.050279,0.001,0.49975,0.77,1.0,0.239003,1.0,0.027
232.0,attacker[1],1,0.019,0.016,0.059375,0.004,0.499667,0.77,1.0,0.275079,1.0,0.029
232.0,attacker[2],1,0.016,0.0168,0.047619,0.004,0.4995,0.77,1.0,0.166851,1.0,0.026
233.0,ue[0],0,0.012,0.0111,0.054054,0.0,0.501167,0.773333,1.0,0.0,1.0,0.018
233.0,ue[1],0,0.011,0.0087,0.063218,0.007,0.500083,0.773333,1.0,0.0,1.0,0.022
233.0,ue[2],0,0.019,0.0111,0.085586,0.009,0.501583,0.773333,1.0,0.260846,1.0,0.019
233.0,ue[3],0,0.014,0.0102,0.068627,0.006,0.501833,0.773333,1.0,0.018199,1.0,0.018
233.0,ue[4],0,0.007,0.008,0.04375,0.003,0.498083,0.773333,1.0,0.0,1.0,0.019
233.0,attacker[0],1,0.01,0.0169,0.029586,0.008,0.497333,0.773333,1.0,0.0,1.0,0.027
233.0,attacker[1],1,0.017,0.0164,0.051829,0.002,0.500167,0.773333,1.0,0.163787,1.0,0.029
233.0,attacker[2],1,0.019,0.0169,0.056213,0.003,0.501583,0.773333,1.0,0.260846,1.0,0.026
234.0,ue[0],0,0.01,0.0106,0.04717,0.002,0.5,0.776667,1.0,0.0,1.0,0.018
234.0,ue[1],0,0.009,0.0088,0.051136,0.002,0.502,0.776667,1.0,0.0,1.0,0.022
234.0,ue[2],0,0.006,0.0111,0.027027,0.013,0.50175,0.776667,1.0,0.0,1.0,0.019
234.0,ue[3],0,0.014,0.0098,0.071429,0.0,0.503833,0.776667,1.0,0.103507,1.0,0.018
234.0,ue[4],0,0.008,0.0085,0.047059,0.001,0.500083,0.776667,1.0,0.0,1.0,0.019
234.0,attacker[0],1,0.019,0.0172,0.055233,0.009,0.49825,0.776667,1.0,0.347052,1.0,0.027
234.0,attacker[1],1,0.013,0.0157,0.041401,0.004,0.498833,0.776667,1.0,0.054798,1.0,0.029
234.0,attacker[2],1,0.016,0.0167,0.047904,0.003,0.500583,0.776667,1.0,0.200925,1.0,0.026
235.0,ue[0],0,0.01,0.011,0.045455,0.0,0.499833,0.78,1.0,0.0,1.0,0.018
235.0,ue[1],0,0.018,0.0097,0.092784,0.009,0.502917,0.78,1.0,0.070711,1.0,0.022
235.0,ue[2],0,0.02,0.0117,0.08547,0.014,0.5,0.78,1.0,0.127279,1.0,0.02
235.0,ue[3],0,0.006,0.009,0.033333,0.008,0.499833,0.78,1.0,0.0,1.0,0.018
235.0,ue[4],0,0.009,0.0087,0.051724,0.001,0.500917,0.78,1.0,0.0,1.0,0.019
235.0,attacker[0],1,0.015,0.0171,0.04386,0.004,0.500667,0.78,1.0,0.0,1.0,0.027
235.0,attacker[1],1,0.016,0.016,0.05,0.003,0.49875,0.78,1.0,0.014142,1.0,0.029
235.0,attacker[2],1,0.03,0.0175,0.085714,0.014,0.503667,0.78,1.0,0.410122,1.0,0.03
236.0,ue[0],0,0.01,0.0106,0.04717,0.0,0.499333,0.783333,1.0,0.0,1.0,0.018
236.0,ue[1],0,0.007,0.0091,0.038462,0.011,0.50225,0.783333,1.0,0.0,1.0,0.022
236.0,ue[2],0,0.014,0.0122,0.057377,0.006,0.502667,0.783333,1.0,0.0045,1.0,0.02
236.0,ue[3],0,0.013,0.0096,0.067708,0.007,0.49875,0.783333,1.0,0.0,1.0,0.018
236.0,ue[4],0,0.008,0.0083,0.048193,0.001,0.501083,0.783333,1.0,0.0,1.0,0.019
236.0,attacker[0],1,0.023,0.0175,0.065714,0.008,0.501667,0.783333,1.0,0.328526,1.0,0.027
236.0,attacker[1],1,0.022,0.0165,0.066667,0.006,0.501333,0.783333,1.0,0.292523,1.0,0.029
236.0,attacker[2],1,0.014,0.0178,0.039326,0.016,0.5025,0.783333,1.0,0.0045,1.0,0.03
237.0,ue[0],0,0.009,0.0101,0.044554,0.001,0.499417,0.786667,1.0,0.0,1.0,0.018
237.0,ue[1],0,0.01,0.009,0.055556,0.003,0.497917,0.786667,1.0,0.0,1.0,0.022
237.0,ue[2],0,0.009,0.012,0.0375,0.005,0.49825,0.786667,1.0,0.0,1.0,0.02
237.0,ue[3],0,0.009,0.0096,0.046875,0.004,0.499833,0.786667,1.0,0.0,1.0,0.018
237.0,ue[4],0,0.009,0.0086,0.052326,0.001,0.50025,0.786667,1.0,0.0,1.0,0.019
237.0,attacker[0],1,0.013,0.0174,0.037356,0.01,0.501667,0.786667,1.0,0.055629,1.0,0.027
237.0,attacker[1],1,0.015,0.017,0.044118,0.007,0.501583,0.786667,1.0,0.154524,1.0,0.029
237.0,attacker[2],1,0.021,0.0173,0.060694,0.007,0.497917,0.786667,1.0,0.451211,1.0,0.03
238.0,ue[0],0,0.007,0.0099,0.035354,0.002,0.499,0.79,1.0,0.0,1.0,0.018
238.0,ue[1],0,0.01,0.0091,0.054945,0.0,0.499333,0.79,1.0,0.0,1.0,0.022
238.0,ue[2],0,0.013,0.0125,0.052,0.004,0.498833,0.79,1.0,0.012149,1.0,0.02
238.0,ue[3],0,0.009,0.0095,0.047368,0.0,0.499,0.79,1.0,0.0,1.0,0.018
238.0,ue[4],0,0.012,0.0085,0.070588,0.003,0.501083,0.79,1.0,0.0,1.0,0.019
238.0,attacker[0],1,0.014,0.017,0.041176,0.001,0.49725,0.79,1.0,0.060746,1.0,0.027
238.0,attacker[1],1,0.016,0.0171,0.046784,0.001,0.49925,0.79,1.0,0.157939,1.0,0.029
238.0,attacker[2],1,0.021,0.018,0.058333,0.0,0.5005,0.79,1.0,0.400921,1.0,0.03
239.0,ue[0],0,0.014,0.0105,0.066667,0.007,0.500417,0.793333,1.0,0.059628,1.0,0.018
239.0,ue[1],0,0.012,0.0095,0.063158,0.002,0.499667,0.793333,1.0,0.0,1.0,0.022
239.0,ue[2],0,0.012,0.012,0.05,0.001,0.499083,0.793333,1.0,0.0,1.0,0.02
239.0,ue[3],0,0.008,0.0092,0.043478,0.001,0.499583,0.793333,1.0,0.0,1.0,0.018
239.0,ue[4],0,0.009,0.0084,0.053571,0.003,0.500917,0.793333,1.0,0.0,1.0,0.019
239.0,attacker[0],1,0.016,0.0164,0.04878,0.002,0.499,0.793333,1.0,0.178885,1.0,0.027
239.0,attacker[1],1,0.019,0.017,0.055882,0.003,0.499917,0.793333,1.0,0.357771,1.0,0.029
239.0,attacker[2],1,0.014,0.0184,0.038043,0.007,0.497917,0.793333,1.0,0.059628,1.0,0.03
240.0,ue[0],0,0.011,0.0102,0.053922,0.003,0.501917,0.796667,1.0,0.0,1.0,0.018
240.0,ue[1],0,0.008,0.0097,0.041237,0.004,0.5005,0.796667,1.0,0.0,1.0,0.022
240.0,ue[2],0,0.006,0.0119,0.02521,0.006,0.4985,0.796667,1.0,0.0,1.0,0.02
240.0,ue[3],0,0.013,0.0103,0.063107,0.005,0.500083,0.796667,1.0,0.0,1.0,0.018
240.0,ue[4],0,0.015,0.009,0.083333,0.006,0.501167,0.796667,1.0,0.031761,1.0,0.019
240.0,attacker[0],1,0.024,0.0171,0.070175,0.008,0.501667,0.796667,1.0,0.358443,1.0,0.027
240.0,attacker[1],1,0.018,0.017,0.052941,0.001,0.500417,0.796667,1.0,0.140655,1.0,0.029
240.0,attacker[2],1,0.018,0.0181,0.049724,0.004,0.498667,0.796667,1.0,0.140655,1.0,0.03
241.0,ue[0],0,0.009,0.0104,0.043269,0.002,0.5,0.8,1.0,0.0,1.0,0.018
241.0,ue[1],0,0.005,0.0094,0.026596,0.003,0.497917,0.8,1.0,0.0,1.0,0.022
241.0,ue[2],0,0.011,0.012,0.045833,0.005,0.498583,0.8,1.0,0.0,1.0,0.02
241.0,ue[3],0,0.01,0.0104,0.048077,0.003,0.501417,0.8,1.0,0.0,1.0,0.018
241.0,ue[4],0,0.013,0.0094,0.069149,0.002,0.502,0.8,1.0,0.122577,1.0,0.019
241.0,attacker[0],1,0.016,0.0168,0.047619,0.008,0.502833,0.8,1.0,0.318699,1.0,0.027
241.0,attacker[1],1,0.013,0.0168,0.03869,0.005,0.499417,0.8,1.0,0.122577,1.0,0.029
241.0,attacker[2],1,0.012,0.0181,0.033149,0.006,0.498167,0.8,1.0,0.057202,1.0,0.03
242.0,ue[0],0,0.009,0.0101,0.044554,0.0,0.499167,0.803333,1.0,0.0,1.0,0.018
242.0,ue[1],0,0.012,0.0102,0.058824,0.007,0.49925,0.803333,1.0,0.057884,1.0,0.022
242.0,ue[2],0,0.015,0.0125,0.06,0.004,0.501333,0.803333,1.0,0.212242,1.0,0.02
242.0,ue[3],0,0.004,0.01,0.02,0.006,0.4985,0.803333,1.0,0.0,1.0,0.018
242.0,ue[4],0,0.006,0.0096,0.03125,0.007,0.49875,0.803333,1.0,0.0,1.0,0.019
242.0,attacker[0],1,0.014,0.0164,0.042683,0.002,0.4985,0.803333,1.0,0.160789,1.0,0.027
242.0,attacker[1],1,0.012,0.0161,0.037267,0.001,0.497417,0.803333,1.0,0.057884,1.0,0.029
242.0,attacker[2],1,0.015,0.018,0.041667,0.003,0.497917,0.803333,1.0,0.212242,1.0,0.03
243.0,ue[0],0,0.011,0.01,0.055,0.002,0.499333,0.806667,1.0,0.0,1.0,0.018
243.0,ue[1],0,0.015,0.0106,0.070755,0.003,0.502583,0.806667,1.0,0.208514,1.0,0.022
243.0,ue[2],0,0.005,0.0111,0.022523,0.01,0.500167,0.806667,1.0,0.0,1.0,0.02
243.0,ue[3],0,0.007,0.0093,0.037634,0.003,0.497583,0.806667,1.0,0.0,1.0,0.018
243.0,ue[4],0,0.01,0.0099,0.050505,0.004,0.497833,0.806667,1.0,0.0,1.0,0.019
243.0,attacker[0],1,0.014,0.0168,0.041667,0.0,0.497667,0.806667,1.0,0.152911,1.0,0.027
243.0,attacker[1],1,0.016,0.016,0.05,0.004,0.498667,0.806667,1.0,0.264118,1.0,0.029
243.0,attacker[2],1,0.012,0.0173,0.034682,0.003,0.499417,0.806667,1.0,0.041703,1.0,0.03
244.0,ue[0],0,0.015,0.0105,0.071429,0.004,0.501667,0.81,1.0,0.07316,1.0,0.018
244.0,ue[1],0,0.014,0.0111,0.063063,0.001,0.503083,0.81,1.0,0.028138,1.0,0.022
244.0,ue[2],0,0.011,0.0116,0.047414,0.006,0.498667,0.81,1.0,0.0,1.0,0.02
244.0,ue[3],0,0.013,0.0092,0.070652,0.006,0.5005,0.81,1.0,0.0,1.0,0.018
244.0,ue[4],0,0.01,0.0101,0.049505,0.0,0.499333,0.81,1.0,0.0,1.0,0.019
244.0,attacker[0],1,0.024,0.0173,0.069364,0.01,0.5005,0.81,1.0,0.478352,1.0,0.027
244.0,attacker[1],1,0.009,0.0156,0.028846,0.007,0.499083,0.81,1.0,0.0,1.0,0.029
244.0,attacker[2],1,0.011,0.0168,0.032738,0.001,0.49825,0.81,1.0,0.0,1.0,0.03
245.0,ue[0],0,0.014,0.0109,0.06422,0.001,0.502417,0.813333,1.0,0.035921,1.0,0.018
245.0,ue[1],0,0.014,0.0107,0.065421,0.0,0.501667,0.813333,1.0,0.035921,1.0,0.022
245.0,ue[2],0,0.009,0.0105,0.042857,0.002,0.499833,0.813333,1.0,0.0,1.0,0.02
245.0,ue[3],0,0.009,0.0095,0.047368,0.004,0.502,0.813333,1.0,0.0,1.0,0.018
245.0,ue[4],0,0.008,0.01,0.04,0.002,0.499667,0.813333,1.0,0.0,1.0,0.019
245.0,attacker[0],1,0.017,0.0175,0.048571,0.007,0.502917,0.813333,1.0,0.179605,1.0,0.027
245.0,attacker[1],1,0.021,0.0161,0.065217,0.012,0.500667,0.813333,1.0,0.371184,1.0,0.029
245.0,attacker[2],1,0.014,0.0152,0.046053,0.003,0.49975,0.813333,1.0,0.035921,1.0,0.03
246.0,ue[0],0,0.01,0.0109,0.045872,0.004,0.500167,0.816667,1.0,0.0,1.0,0.018
246.0,ue[1],0,0.011,0.0111,0.04955,0.003,0.499417,0.816667,1.0,0.0,1.0,0.022
246.0,ue[2],0,0.011,0.0102,0.053922,0.002,0.499833,0.816667,1.0,0.0,1.0,0.02
246.0,ue[3],0,0.011,0.0093,0.05914,0.002,0.501,0.816667,1.0,0.0,1.0,0.018
246.0,ue[4],0,0.008,0.01,0.04,0.0,0.499667,0.816667,1.0,0.0,1.0,0.019
246.0,attacker[0],1,0.02,0.0172,0.05814,0.003,0.500583,0.816667,1.0,0.388397,1.0,0.027
246.0,attacker[1],1,0.017,0.0156,0.054487,0.004,0.503333,0.816667,1.0,0.227681,1.0,0.029
246.0,attacker[2],1,0.014,0.0152,0.046053,0.0,0.500667,0.816667,1.0,0.066965,1.0,0.03
247.0,ue[0],0,0.008,0.0108,0.037037,0.002,0.497833,0.82,1.0,0.0,1.0,0.018
247.0,ue[1],0,0.003,0.0104,0.014423,0.008,0.496333,0.82,1.0,0.0,1.0,0.022
247.0,ue[2],0,0.012,0.0105,0.057143,0.001,0.501583,0.82,1.0,0.024884,1.0,0.02
247.0,ue[3],0,0.008,0.0092,0.043478,0.003,0.499917,0.82,1.0,0.0,1.0,0.018
247.0,ue[4],0,0.009,0.01,0.045,0.001,0.499583,0.82,1.0,0.0,1.0,0.019
247.0,attacker[0],1,0.019,0.0178,0.053371,0.001,0.500583,0.82,1.0,0.30358,1.0,0.027
247.0,attacker[1],1,0.017,0.0158,0.053797,0.0,0.500833,0.82,1.0,0.223953,1.0,0.029
247.0,attacker[2],1,0.015,0.0146,0.05137,0.001,0.501083,0.82,1.0,0.144325,1.0,0.03
248.0,ue[0],0,0.011,0.0112,0.049107,0.003,0.49825,0.823333,1.0,0.0,1.0,0.018
248.0,ue[1],0,0.011,0.0105,0.052381,0.008,0.497,0.823333,1.0,0.0,1.0,0.022
248.0,ue[2],0,0.013,0.0105,0.061905,0.001,0.501083,0.823333,1.0,0.0,1.0,0.02
248.0,ue[3],0,0.011,0.0094,0.058511,0.003,0.49925,0.823333,1.0,0.0,1.0,0.018
248.0,ue[4],0,0.012,0.01,0.06,0.003,0.500917,0.823333,1.0,0.0,1.0,0.019
248.0,attacker[0],1,0.016,0.018,0.044444,0.003,0.498583,0.823333,1.0,0.154919,1.0,0.027
248.0,attacker[1],1,0.018,0.016,0.05625,0.001,0.500917,0.823333,1.0,0.292625,1.0,0.029
248.0,attacker[2],1,0.018,0.0143,0.062937,0.003,0.50175,0.823333,1.0,0.292625,1.0,0.03
249.0,ue[0],0,0.013,0.0111,0.058559,0.002,0.500667,0.826667,1.0,0.131685,1.0,0.018
249.0,ue[1],0,0.009,0.0102,0.044118,0.002,0.500333,0.826667,1.0,0.0,1.0,0.022
249.0,ue[2],0,0.012,0.0105,0.057143,0.001,0.500917,0.826667,1.0,0.061453,1.0,0.02
249.0,ue[3],0,0.009,0.0095,0.047368,0.002,0.500333,0.826667,1.0,0.0,1.0,0.018
249.0,ue[4],0,0.009,0.01,0.045,0.003,0.501083,0.826667,1.0,0.0,1.0,0.019
249.0,attacker[0],1,0.007,0.0171,0.020468,0.009,0.496417,0.826667,1.0,0.0,1.0,0.027
249.0,attacker[1],1,0.015,0.0156,0.048077,0.003,0.499083,0.826667,1.0,0.27215,1.0,0.029
249.0,attacker[2],1,0.015,0.0144,0.052083,0.003,0.501083,0.826667,1.0,0.27215,1.0,0.03
250.0,ue[0],0,0.009,0.0109,0.041284,0.004,0.500667,0.83,1.0,0.0,1.0,0.018
250.0,ue[1],0,0.009,0.0103,0.043689,0.0,0.500333,0.83,1.0,0.0,1.0,0.022
250.0,ue[2],0,0.008,0.0107,0.037383,0.004,0.499,0.83,1.0,0.0,1.0,0.02
250.0,ue[3],0,0.015,0.0097,0.07732,0.006,0.501,0.83,1.0,0.131314,1.0,0.018
250.0,ue[4],0,0.009,0.0094,0.047872,0.0,0.499667,0.83,1.0,0.0,1.0,0.019
250.0,attacker[0],1,0.015,0.0162,0.046296,0.008,0.496333,0.83,1.0,0.131314,1.0,0.027
250.0,attacker[1],1,0.014,0.0152,0.046053,0.001,0.498583,0.83,1.0,0.08129,1.0,0.029
250.0,attacker[2],1,0.02,0.0146,0.068493,0.005,0.500917,0.83,1.0,0.381436,1.0,0.03
251.0,ue[0],0,0.006,0.0106,0.028302,0.003,0.498417,0.833333,1.0,0.0,1.0,0.018
251.0,ue[1],0,0.013,0.0111,0.058559,0.004,0.501667,0.833333,1.0,0.019066,1.0,0.022
251.0,ue[2],0,0.007,0.0103,0.033981,0.001,0.497583,0.833333,1.0,0.0,1.0,0.02
251.0,ue[3],0,0.009,0.0096,0.046875,0.006,0.501333,0.833333,1.0,0.0,1.0,0.018
251.0,ue[4],0,0.005,0.0086,0.02907,0.004,0.4985,0.833333,1.0,0.0,1.0,0.019
251.0,attacker[0],1,0.022,0.0168,0.065476,0.007,0.50225,0.833333,1.0,0.293613,1.0,0.027
251.0,attacker[1],1,0.023,0.0162,0.070988,0.009,0.500917,0.833333,1.0,0.324118,1.0,0.029
251.0,attacker[2],1,0.014,0.0148,0.047297,0.006,0.5005,0.833333,1.0,0.049571,1.0,0.03
252.0,ue[0],0,0.006,0.0103,0.029126,0.0,0.4975,0.836667,1.0,0.0,1.0,0.018
252.0,ue[1],0,0.005,0.0104,0.024038,0.008,0.499667,0.836667,1.0,0.0,1.0,0.022
252.0,ue[2],0,0.01,0.0098,0.05102,0.003,0.49875,0.836667,1.0,0.0,1.0,0.02
252.0,ue[3],0,0.016,0.0108,0.074074,0.007,0.500417,0.836667,1.0,0.163233,1.0,0.018
252.0,ue[4],0,0.006,0.0086,0.034884,0.001,0.49775,0.836667,1.0,0.0,1.0,0.019
252.0,attacker[0],1,0.013,0.0167,0.038922,0.009,0.502417,0.836667,1.0,0.051302,1.0,0.027
252.0,attacker[1],1,0.017,0.0167,0.050898,0.006,0.502167,0.836667,1.0,0.200543,1.0,0.029
252.0,attacker[2],1,0.02,0.0153,0.065359,0.006,0.499667,0.836667,1.0,0.312474,1.0,0.03
253.0,ue[0],0,0.01,0.0102,0.04902,0.004,0.499333,0.84,1.0,0.0,1.0,0.018
253.0,ue[1],0,0.009,0.0098,0.045918,0.004,0.498333,0.84,1.0,0.0,1.0,0.022
253.0,ue[2],0,0.009,0.0102,0.044118,0.001,0.50025,0.84,1.0,0.0,1.0,0.02
253.0,ue[3],0,0.009,0.011,0.040909,0.007,0.50075,0.84,1.0,0.0,1.0,0.018
253.0,ue[4],0,0.008,0.0084,0.047619,0.002,0.499667,0.84,1.0,0.0,1.0,0.019
253.0,attacker[0],1,0.021,0.0174,0.060345,0.008,0.501167,0.84,1.0,0.371521,1.0,0.027
253.0,attacker[1],1,0.019,0.017,0.055882,0.002,0.500333,0.84,1.0,0.286602,1.0,0.029
253.0,attacker[2],1,0.013,0.0154,0.042208,0.007,0.500083,0.84,1.0,0.031845,1.0,0.03
254.0,ue[0],0,0.014,0.0101,0.069307,0.004,0.5025,0.843333,1.0,0.141716,1.0,0.018
254.0,ue[1],0,0.01,0.0094,0.053191,0.001,0.50025,0.843333,1.0,0.0,1.0,0.022
254.0,ue[2],0,0.007,0.0098,0.035714,0.002,0.499833,0.843333,1.0,0.0,1.0,0.02
254.0,ue[3],0,0.01,0.0107,0.046729,0.001,0.498083,0.843333,1.0,0.0,1.0,0.018
254.0,ue[4],0,0.01,0.0084,0.059524,0.002,0.501167,0.843333,1.0,0.0,1.0,0.019
254.0,attacker[0],1,0.012,0.0162,0.037037,0.009,0.499917,0.843333,1.0,0.022376,1.0,0.027
254.0,attacker[1],1,0.019,0.018,0.052778,0.0,0.5005,0.843333,1.0,0.440066,1.0,0.029
254.0,attacker[2],1,0.011,0.0154,0.035714,0.002,0.497,0.843333,1.0,0.0,1.0,0.03
255.0,ue[0],0,0.013,0.01,0.065,0.001,0.503083,0.846667,1.0,0.0,1.0,0.018
255.0,ue[1],0,0.008,0.0088,0.045455,0.002,0.5,0.846667,1.0,0.0,1.0,0.022
255.0,ue[2],0,0.008,0.0097,0.041237,0.001,0.499417,0.846667,1.0,0.0,1.0,0.02
255.0,ue[3],0,0.014,0.0112,0.0625,0.004,0.500333,0.846667,1.0,0.045785,1.0,0.018
255.0,ue[4],0,0.013,0.0089,0.073034,0.003,0.502583,0.846667,1.0,0.0,1.0,0.019
255.0,attacker[0],1,0.017,0.0162,0.052469,0.005,0.497917,0.846667,1.0,0.202762,1.0,0.027
255.0,attacker[1],1,0.02,0.0179,0.055866,0.001,0.499917,0.846667,1.0,0.359738,1.0,0.029
255.0,attacker[2],1,0.012,0.0152,0.039474,0.001,0.497917,0.846667,1.0,0.0,1.0,0.03
256.0,ue[0],0,0.013,0.0103,0.063107,0.0,0.5015,0.85,1.0,0.126387,1.0,0.018
256.0,ue[1],0,0.007,0.0084,0.041667,0.001,0.49975,0.85,1.0,0.0,1.0,0.022
256.0,ue[2],0,0.005,0.0091,0.027473,0.003,0.498917,0.85,1.0,0.0,1.0,0.02
256.0,ue[3],0,0.006,0.0107,0.028037,0.008,0.499167,0.85,1.0,0.0,1.0,0.018
256.0,ue[4],0,0.007,0.0088,0.039773,0.006,0.501,0.85,1.0,0.0,1.0,0.019
256.0,attacker[0],1,0.018,0.016,0.05625,0.001,0.501083,0.85,1.0,0.356181,1.0,0.027
256.0,attacker[1],1,0.014,0.0176,0.039773,0.006,0.499333,0.85,1.0,0.172345,1.0,0.029
256.0,attacker[2],1,0.012,0.015,0.04,0.0,0.498667,0.85,1.0,0.080428,1.0,0.03
257.0,ue[0],0,0.016,0.0111,0.072072,0.003,0.501083,0.853333,1.0,0.17056,1.0,0.018
257.0,ue[1],0,0.009,0.009,0.05,0.002,0.4995,0.853333,1.0,0.0,1.0,0.022
257.0,ue[2],0,0.014,0.0093,0.075269,0.009,0.50075,0.853333,1.0,0.0,1.0,0.02
257.0,ue[3],0,0.012,0.0111,0.054054,0.006,0.499,0.853333,1.0,0.0,1.0,0.018
257.0,ue[4],0,0.014,0.0093,0.075269,0.007,0.500083,0.853333,1.0,0.0,1.0,0.019
257.0,attacker[0],1,0.015,0.0156,0.048077,0.003,0.499917,0.853333,1.0,0.08528,1.0,0.027
257.0,attacker[1],1,0.015,0.0174,0.043103,0.001,0.497583,0.853333,1.0,0.08528,1.0,0.029
257.0,attacker[2],1,0.017,0.0152,0.055921,0.005,0.50125,0.853333,1.0,0.255841,1.0,0.03
258.0,ue[0],0,0.009,0.0109,0.041284,0.007,0.499583,0.856667,1.0,0.0,1.0,0.018
258.0,ue[1],0,0.006,0.0085,0.035294,0.003,0.499583,0.856667,1.0,0.0,1.0,0.022
258.0,ue[2],0,0.013,0.0093,0.069892,0.001,0.503417,0.856667,1.0,0.0254,1.0,0.02
258.0,ue[3],0,0.011,0.0111,0.04955,0.001,0.50075,0.856667,1.0,0.0,1.0,0.018
258.0,ue[4],0,0.011,0.0092,0.059783,0.003,0.50125,0.856667,1.0,0.0,1.0,0.019
258.0,attacker[0],1,0.014,0.0154,0.045455,0.001,0.499417,0.856667,1.0,0.0762,1.0,0.027
258.0,attacker[1],1,0.017,0.0173,0.049133,0.002,0.499167,0.856667,1.0,0.2286,1.0,0.029
258.0,attacker[2],1,0.019,0.0153,0.062092,0.002,0.503167,0.856667,1.0,0.3302,1.0,0.03
259.0,ue[0],0,0.01,0.0106,0.04717,0.001,0.49775,0.86,1.0,0.0,1.0,0.018
259.0,ue[1],0,0.018,0.0094,0.095745,0.012,0.502,0.86,1.0,0.318906,1.0,0.022
259.0,ue[2],0,0.008,0.0089,0.044944,0.005,0.50075,0.86,1.0,0.0,1.0,0.02
259.0,ue[3],0,0.006,0.0108,0.027778,0.005,0.498917,0.86,1.0,0.0,1.0,0.018
259.0,ue[4],0,0.014,0.0097,0.072165,0.003,0.500583,0.86,1.0,0.118808,1.0,0.019
259.0,attacker[0],1,0.013,0.016,0.040625,0.001,0.498417,0.86,1.0,0.068784,1.0,0.027
259.0,attacker[1],1,0.008,0.0166,0.024096,0.009,0.498083,0.86,1.0,0.0,1.0,0.029
259.0,attacker[2],1,0.016,0.0154,0.051948,0.003,0.501917,0.86,1.0,0.218857,1.0,0.03
260.0,ue[0],0,0.015,0.0112,0.066964,0.005,0.499917,0.863333,1.0,0.102854,1.0,0.018
260.0,ue[1],0,0.01,0.0095,0.052632,0.008,0.503333,0.863333,1.0,0.0,1.0,0.022
260.0,ue[2],0,0.008,0.0089,0.044944,0.0,0.498667,0.863333,1.0,0.0,1.0,0.02
260.0,ue[3],0,0.014,0.0107,0.065421,0.008,0.500167,0.863333,1.0,0.039559,1.0,0.018
260.0,ue[4],0,0.012,0.01,0.06,0.002,0.501167,0.863333,1.0,0.0,1.0,0.019
260.0,attacker[0],1,0.019,0.0164,0.057927,0.006,0.500167,0.863333,1.0,0.356034,1.0,0.027
260.0,attacker[1],1,0.014,0.0166,0.042169,0.006,0.497833,0.863333,1.0,0.039559,1.0,0.029
260.0,attacker[2],1,0.015,0.0149,0.050336,0.001,0.49975,0.863333,1.0,0.102854,1.0,0.03
261.0,ue[0],0,0.007,0.0113,0.030973,0.008,0.499667,0.866667,1.0,0.0,1.0,0.018
261.0,ue[1],0,0.008,0.009,0.044444,0.002,0.499,0.866667,1.0,0.0,1.0,0.022
261.0,ue[2],0,0.008,0.009,0.044444,0.0,0.498167,0.866667,1.0,0.0,1.0,0.02
261.0,ue[3],0,0.015,0.0113,0.066372,0.001,0.502417,0.866667,1.0,0.048625,1.0,0.018
261.0,ue[4],0,0.011,0.0106,0.051887,0.001,0.49925,0.866667,1.0,0.0,1.0,0.019
261.0,attacker[0],1,0.023,0.0165,0.069697,0.004,0.5035,0.866667,1.0,0.331537,1.0,0.027
261.0,attacker[1],1,0.017,0.016,0.053125,0.003,0.501083,0.866667,1.0,0.119353,1.0,0.029
261.0,attacker[2],1,0.02,0.0155,0.064516,0.005,0.500083,0.866667,1.0,0.225445,1.0,0.03
262.0,ue[0],0,0.011,0.0118,0.04661,0.004,0.498833,0.87,1.0,0.0,1.0,0.018
262.0,ue[1],0,0.011,0.0096,0.057292,0.003,0.499083,0.87,1.0,0.0,1.0,0.022
262.0,ue[2],0,0.007,0.0087,0.04023,0.001,0.498917,0.87,1.0,0.0,1.0,0.02
262.0,ue[3],0,0.008,0.0105,0.038095,0.007,0.500583,0.87,1.0,0.0,1.0,0.018
262.0,ue[4],0,0.012,0.0112,0.053571,0.001,0.499583,0.87,1.0,0.0,1.0,0.019
262.0,attacker[0],1,0.019,0.0171,0.055556,0.004,0.502833,0.87,1.0,0.32249,1.0,0.027
262.0,attacker[1],1,0.018,0.0161,0.055901,0.001,0.50225,0.87,1.0,0.272876,1.0,0.029
262.0,attacker[2],1,0.014,0.0149,0.04698,0.006,0.500167,0.87,1.0,0.074421,1.0,0.03
263.0,ue[0],0,0.009,0.0117,0.038462,0.002,0.499667,0.873333,1.0,0.0,1.0,0.018
263.0,ue[1],0,0.006,0.0093,0.032258,0.005,0.49825,0.873333,1.0,0.0,1.0,0.022
263.0,ue[2],0,0.007,0.0085,0.041176,0.0,0.4995,0.873333,1.0,0.0,1.0,0.02
263.0,ue[3],0,0.004,0.01,0.02,0.004,0.497167,0.873333,1.0,0.0,1.0,0.018
263.0,ue[4],0,0.007,0.0111,0.031532,0.005,0.498583,0.873333,1.0,0.0,1.0,0.019
263.0,attacker[0],1,0.018,0.0168,0.053571,0.001,0.500083,0.873333,1.0,0.228819,1.0,0.027
263.0,attacker[1],1,0.018,0.016,0.05625,0.0,0.5025,0.873333,1.0,0.228819,1.0,0.029
263.0,attacker[2],1,0.02,0.0156,0.064103,0.006,0.5,0.873333,1.0,0.295385,1.0,0.03
264.0,ue[0],0,0.015,0.0118,0.063559,0.006,0.5005,0.876667,1.0,0.117074,1.0,0.018
264.0,ue[1],0,0.01,0.0093,0.053763,0.004,0.499167,0.876667,1.0,0.0,1.0,0.022
264.0,ue[2],0,0.013,0.0091,0.071429,0.006,0.501167,0.876667,1.0,0.0,1.0,0.02
264.0,ue[3],0,0.014,0.0104,0.067308,0.01,0.498333,0.876667,1.0,0.050175,1.0,0.018
264.0,ue[4],0,0.007,0.0108,0.032407,0.0,0.497667,0.876667,1.0,0.0,1.0,0.019
264.0,attacker[0],1,0.016,0.0172,0.046512,0.002,0.498333,0.876667,1.0,0.183973,1.0,0.027
264.0,attacker[1],1,0.016,0.0157,0.050955,0.002,0.500333,0.876667,1.0,0.183973,1.0,0.029
264.0,attacker[2],1,0.015,0.016,0.046875,0.005,0.500583,0.876667,1.0,0.117074,1.0,0.03
265.0,ue[0],0,0.014,0.0119,0.058824,0.001,0.50275,0.88,1.0,0.0,1.0,0.018
265.0,ue[1],0,0.007,0.0092,0.038043,0.003,0.500083,0.88,1.0,0.0,1.0,0.022
265.0,ue[2],0,0.012,0.0095,0.063158,0.001,0.502583,0.88,1.0,0.0,1.0,0.02
265.0,ue[3],0,0.014,0.0104,0.067308,0.0,0.5025,0.88,1.0,0.0,1.0,0.018
265.0,ue[4],0,0.017,0.0112,0.075893,0.01,0.501,0.88,1.0,0.143512,1.0,0.019
265.0,attacker[0],1,0.02,0.0175,0.057143,0.004,0.499,0.88,1.0,0.300071,1.0,0.027
265.0,attacker[1],1,0.018,0.0155,0.058065,0.002,0.499667,0.88,1.0,0.195698,1.0,0.029
265.0,attacker[2],1,0.012,0.016,0.0375,0.003,0.49775,0.88,1.0,0.0,1.0,0.03
266.0,ue[0],0,0.011,0.0117,0.047009,0.003,0.500417,0.883333,1.0,0.0,1.0,0.018
266.0,ue[1],0,0.012,0.0097,0.061856,0.005,0.50025,0.883333,1.0,0.0,1.0,0.022
266.0,ue[2],0,0.012,0.0102,0.058824,0.0,0.5015,0.883333,1.0,0.0,1.0,0.02
266.0,ue[3],0,0.01,0.0108,0.046296,0.004,0.501667,0.883333,1.0,0.0,1.0,0.018
266.0,ue[4],0,0.01,0.0115,0.043478,0.007,0.502417,0.883333,1.0,0.0,1.0,0.019
266.0,attacker[0],1,0.015,0.0172,0.043605,0.005,0.499917,0.883333,1.0,0.188691,1.0,0.027
266.0,attacker[1],1,0.016,0.0157,0.050955,0.002,0.499833,0.883333,1.0,0.272554,1.0,0.029
266.0,attacker[2],1,0.016,0.0164,0.04878,0.004,0.498833,0.883333,1.0,0.272554,1.0,0.03
267.0,ue[0],0,0.007,0.0108,0.032407,0.004,0.498167,0.886667,1.0,0.0,1.0,0.018
267.0,ue[1],0,0.008,0.0096,0.041667,0.004,0.501167,0.886667,1.0,0.0,1.0,0.022
267.0,ue[2],0,0.009,0.0097,0.046392,0.003,0.499917,0.886667,1.0,0.0,1.0,0.02
267.0,ue[3],0,0.01,0.0106,0.04717,0.0,0.499667,0.886667,1.0,0.0,1.0,0.018
267.0,ue[4],0,0.01,0.0111,0.045045,0.0,0.499833,0.886667,1.0,0.0,1.0,0.019
267.0,attacker[0],1,0.016,0.0173,0.046243,0.001,0.49875,0.886667,1.0,0.112056,1.0,0.027
267.0,attacker[1],1,0.021,0.0163,0.064417,0.005,0.500583,0.886667,1.0,0.291345,1.0,0.029
267.0,attacker[2],1,0.022,0.0169,0.065089,0.006,0.501667,0.886667,1.0,0.327203,1.0,0.03
268.0,ue[0],0,0.022,0.0121,0.090909,0.015,0.500583,0.89,1.0,0.379646,1.0,0.022
268.0,ue[1],0,0.009,0.0099,0.045455,0.001,0.499417,0.89,1.0,0.0,1.0,0.022
268.0,ue[2],0,0.012,0.0096,0.0625,0.003,0.499083,0.89,1.0,0.0,1.0,0.02
268.0,ue[3],0,0.008,0.0103,0.038835,0.002,0.498167,0.89,1.0,0.0,1.0,0.018
268.0,ue[4],0,0.009,0.0109,0.041284,0.001,0.499083,0.89,1.0,0.0,1.0,0.019
268.0,attacker[0],1,0.019,0.0178,0.053371,0.003,0.50025,0.89,1.0,0.251315,1.0,0.027
268.0,attacker[1],1,0.013,0.0159,0.040881,0.008,0.500167,0.89,1.0,0.0,1.0,0.029
268.0,attacker[2],1,0.013,0.0163,0.039877,0.009,0.501583,0.89,1.0,0.0,1.0,0.03
269.0,ue[0],0,0.009,0.012,0.0375,0.013,0.502417,0.893333,1.0,0.0,1.0,0.022
269.0,ue[1],0,0.007,0.0088,0.039773,0.002,0.4995,0.893333,1.0,0.0,1.0,0.022
269.0,ue[2],0,0.012,0.01,0.06,0.0,0.5005,0.893333,1.0,0.0,1.0,0.02
269.0,ue[3],0,0.01,0.0107,0.046729,0.002,0.498833,0.893333,1.0,0.0,1.0,0.018
269.0,ue[4],0,0.014,0.0109,0.06422,0.005,0.499583,0.893333,1.0,0.0,1.0,0.019
269.0,attacker[0],1,0.022,0.0187,0.058824,0.003,0.50175,0.893333,1.0,0.253019,1.0,0.027
269.0,attacker[1],1,0.02,0.0171,0.05848,0.007,0.499083,0.893333,1.0,0.184403,1.0,0.029
269.0,attacker[2],1,0.023,0.017,0.067647,0.01,0.500667,0.893333,1.0,0.287326,1.0,0.03
270.0,ue[0],0,0.012,0.0117,0.051282,0.003,0.498583,0.896667,1.0,0.07698,1.0,0.022
270.0,ue[1],0,0.008,0.0086,0.046512,0.001,0.498917,0.896667,1.0,0.0,1.0,0.022
270.0,ue[2],0,0.007,0.0099,0.035354,0.005,0.49925,0.896667,1.0,0.0,1.0,0.02
270.0,ue[3],0,0.009,0.0102,0.044118,0.001,0.500083,0.896667,1.0,0.0,1.0,0.018
270.0,ue[4],0,0.011,0.0108,0.050926,0.003,0.501417,0.896667,1.0,0.0,1.0,0.019
270.0,attacker[0],1,0.013,0.0181,0.035912,0.009,0.500417,0.896667,1.0,0.15396,1.0,0.027
270.0,attacker[1],1,0.013,0.017,0.038235,0.007,0.499917,0.896667,1.0,0.15396,1.0,0.029
270.0,attacker[2],1,0.015,0.017,0.044118,0.008,0.501,0.896667,1.0,0.30792,1.0,0.03
271.0,ue[0],0,0.012,0.0122,0.04918,0.0,0.499667,0.9,1.0,0.0,1.0,0.022
271.0,ue[1],0,0.008,0.0086,0.046512,0.0,0.5,0.9,1.0,0.0,1.0,0.022
271.0,ue[2],0,0.008,0.0099,0.040404,0.001,0.49825,0.9,1.0,0.0,1.0,0.02
271.0,ue[3],0,0.009,0.0096,0.046875,0.0,0.499833,0.9,1.0,0.0,1.0,0.018
271.0,ue[4],0,0.009,0.0106,0.042453,0.002,0.4995,0.9,1.0,0.0,1.0,0.019
271.0,attacker[0],1,0.023,0.0181,0.063536,0.01,0.4995,0.9,1.0,0.31234,1.0,0.027
271.0,attacker[1],1,0.024,0.0177,0.067797,0.011,0.50025,0.9,1.0,0.344791,1.0,0.029
271.0,attacker[2],1,0.014,0.0164,0.042683,0.001,0.497583,0.9,1.0,0.020282,1.0,0.03
272.0,ue[0],0,0.01,0.0121,0.041322,0.002,0.498333,0.903333,1.0,0.0,1.0,0.022
272.0,ue[1],0,0.018,0.0093,0.096774,0.01,0.5025,0.903333,1.0,0.16843,1.0,0.022
272.0,ue[2],0,0.008,0.01,0.04,0.0,0.498833,0.903333,1.0,0.0,1.0,0.02
272.0,ue[3],0,0.007,0.0095,0.036842,0.002,0.4995,0.903333,1.0,0.0,1.0,0.018
272.0,ue[4],0,0.012,0.0106,0.056604,0.003,0.499583,0.903333,1.0,0.0,1.0,0.019
272.0,attacker[0],1,0.009,0.0171,0.026316,0.014,0.499,0.903333,1.0,0.0,1.0,0.027
272.0,attacker[1],1,0.014,0.0173,0.040462,0.01,0.501833,0.903333,1.0,0.033686,1.0,0.029
272.0,attacker[2],1,0.026,0.0176,0.073864,0.012,0.5015,0.903333,1.0,0.437919,1.0,0.03
273.0,ue[0],0,0.012,0.0124,0.048387,0.002,0.5,0.906667,1.0,0.031623,1.0,0.022
273.0,ue[1],0,0.013,0.01,0.065,0.005,0.503917,0.906667,1.0,0.094868,1.0,0.022
273.0,ue[2],0,0.011,0.0104,0.052885,0.003,0.50025,0.906667,1.0,0.0,1.0,0.02
273.0,ue[3],0,0.009,0.01,0.045,0.002,0.499333,0.906667,1.0,0.0,1.0,0.018
273.0,ue[4],0,0.007,0.0106,0.033019,0.005,0.499083,0.906667,1.0,0.0,1.0,0.019
273.0,attacker[0],1,0.013,0.0166,0.039157,0.004,0.495833,0.906667,1.0,0.094868,1.0,0.027
273.0,attacker[1],1,0.018,0.0173,0.052023,0.004,0.4985,0.906667,1.0,0.411096,1.0,0.029
273.0,attacker[2],1,0.009,0.0165,0.027273,0.017,0.500083,0.906667,1.0,0.0,1.0,0.03
274.0,ue[0],0,0.013,0.0122,0.053279,0.001,0.500583,0.91,1.0,0.030659,1.0,0.022
274.0,ue[1],0,0.012,0.0102,0.058824,0.001,0.500583,0.91,1.0,0.0,1.0,0.022
274.0,ue[2],0,0.009,0.01,0.045,0.002,0.501167,0.91,1.0,0.0,1.0,0.02
274.0,ue[3],0,0.011,0.0097,0.056701,0.002,0.500833,0.91,1.0,0.0,1.0,0.018
274.0,ue[4],0,0.01,0.0109,0.045872,0.003,0.498917,0.91,1.0,0.0,1.0,0.019
274.0,attacker[0],1,0.016,0.0166,0.048193,0.003,0.49975,0.91,1.0,0.275927,1.0,0.027
274.0,attacker[1],1,0.016,0.0173,0.046243,0.002,0.5,0.91,1.0,0.275927,1.0,0.029
274.0,attacker[2],1,0.014,0.0164,0.042683,0.005,0.496583,0.91,1.0,0.112415,1.0,0.03
275.0,ue[0],0,0.008,0.0116,0.034483,0.005,0.499583,0.913333,1.0,0.0,1.0,0.022
275.0,ue[1],0,0.006,0.0101,0.029703,0.006,0.498,0.913333,1.0,0.0,1.0,0.022
275.0,ue[2],0,0.005,0.0093,0.026882,0.004,0.499,0.913333,1.0,0.0,1.0,0.02
275.0,ue[3],0,0.007,0.009,0.038889,0.004,0.500333,0.913333,1.0,0.0,1.0,0.018
275.0,ue[4],0,0.014,0.0106,0.066038,0.004,0.501333,0.913333,1.0,0.08568,1.0,0.019
275.0,attacker[0],1,0.02,0.0166,0.060241,0.004,0.5015,0.913333,1.0,0.302136,1.0,0.027
275.0,attacker[1],1,0.014,0.0169,0.04142,0.002,0.498167,0.913333,1.0,0.08568,1.0,0.029
275.0,attacker[2],1,0.019,0.0171,0.055556,0.005,0.500083,0.913333,1.0,0.26606,1.0,0.03
276.0,ue[0],0,0.012,0.0117,0.051282,0.004,0.499167,0.916667,1.0,0.0,1.0,0.022
276.0,ue[1],0,0.007,0.0096,0.036458,0.001,0.496083,0.916667,1.0,0.0,1.0,0.022
276.0,ue[2],0,0.008,0.0089,0.044944,0.003,0.498583,0.916667,1.0,0.0,1.0,0.02
276.0,ue[3],0,0.012,0.0092,0.065217,0.005,0.50025,0.916667,1.0,0.0,1.0,0.018
276.0,ue[4],0,0.008,0.0104,0.038462,0.006,0.500667,0.916667,1.0,0.0,1.0,0.019
276.0,attacker[0],1,0.012,0.0163,0.03681,0.008,0.501667,0.916667,1.0,0.0,1.0,0.027
276.0,attacker[1],1,0.024,0.0177,0.067797,0.01,0.5015,0.916667,1.0,0.406164,1.0,0.029
276.0,attacker[2],1,0.019,0.0174,0.054598,0.0,0.501333,0.916667,1.0,0.225647,1.0,0.03
277.0,ue[0],0,0.013,0.0123,0.052846,0.001,0.50075,0.92,1.0,0.096309,1.0,0.022
277.0,ue[1],0,0.008,0.0096,0.041667,0.001,0.498583,0.92,1.0,0.0,1.0,0.022
277.0,ue[2],0,0.006,0.0086,0.034884,0.002,0.499333,0.92,1.0,0.0,1.0,0.02
277.0,ue[3],0,0.015,0.0097,0.07732,0.003,0.50225,0.92,1.0,0.192617,1.0,0.018
277.0,ue[4],0,0.006,0.01,0.03,0.002,0.498333,0.92,1.0,0.0,1.0,0.019
277.0,attacker[0],1,0.016,0.0163,0.04908,0.004,0.498833,0.92,1.0,0.240772,1.0,0.027
277.0,attacker[1],1,0.008,0.0164,0.02439,0.016,0.5,0.92,1.0,0.0,1.0,0.029
277.0,attacker[2],1,0.016,0.0168,0.047619,0.003,0.50175,0.92,1.0,0.240772,1.0,0.03
278.0,ue[0],0,0.01,0.0111,0.045045,0.003,0.50025,0.923333,1.0,0.0,1.0,0.022
278.0,ue[1],0,0.006,0.0093,0.032258,0.002,0.499333,0.923333,1.0,0.0,1.0,0.022
278.0,ue[2],0,0.008,0.0082,0.04878,0.002,0.499833,0.923333,1.0,0.0,1.0,0.02
278.0,ue[3],0,0.008,0.0097,0.041237,0.007,0.50075,0.923333,1.0,0.0,1.0,0.018
278.0,ue[4],0,0.009,0.01,0.045,0.003,0.498417,0.923333,1.0,0.0,1.0,0.019
278.0,attacker[0],1,0.019,0.0163,0.058282,0.003,0.50075,0.923333,1.0,0.393893,1.0,0.027
278.0,attacker[1],1,0.013,0.0164,0.039634,0.005,0.49625,0.923333,1.0,0.098473,1.0,0.029
278.0,attacker[2],1,0.015,0.017,0.044118,0.001,0.499083,0.923333,1.0,0.196946,1.0,0.03
279.0,ue[0],0,0.007,0.0109,0.03211,0.003,0.49875,0.926667,1.0,0.0,1.0,0.022
279.0,ue[1],0,0.01,0.0096,0.052083,0.004,0.5005,0.926667,1.0,0.0,1.0,0.022
279.0,ue[2],0,0.007,0.0077,0.045455,0.001,0.500583,0.926667,1.0,0.0,1.0,0.02
279.0,ue[3],0,0.006,0.0093,0.032258,0.002,0.497833,0.926667,1.0,0.0,1.0,0.018
279.0,ue[4],0,0.012,0.0098,0.061224,0.003,0.500583,0.926667,1.0,0.0508,1.0,0.019
279.0,attacker[0],1,0.013,0.0154,0.042208,0.006,0.5,0.926667,1.0,0.1016,1.0,0.027
279.0,attacker[1],1,0.016,0.016,0.05,0.003,0.499583,0.926667,1.0,0.254,1.0,0.029
279.0,attacker[2],1,0.017,0.0164,0.051829,0.002,0.499,0.926667,1.0,0.3048,1.0,0.03
280.0,ue[0],0,0.009,0.0106,0.042453,0.002,0.498167,0.93,1.0,0.0,1.0,0.022
280.0,ue[1],0,0.011,0.0099,0.055556,0.001,0.50175,0.93,1.0,0.0,1.0,0.022
280.0,ue[2],0,0.01,0.008,0.0625,0.003,0.500583,0.93,1.0,0.0,1.0,0.02
280.0,ue[3],0,0.011,0.0095,0.057895,0.005,0.498417,0.93,1.0,0.0,1.0,0.018
280.0,ue[4],0,0.009,0.0096,0.046875,0.003,0.501417,0.93,1.0,0.0,1.0,0.019
280.0,attacker[0],1,0.01,0.0151,0.033113,0.003,0.497917,0.93,1.0,0.0,1.0,0.027
280.0,attacker[1],1,0.017,0.0164,0.051829,0.001,0.50075,0.93,1.0,0.280056,1.0,0.029
280.0,attacker[2],1,0.019,0.0168,0.056548,0.002,0.500667,0.93,1.0,0.392078,1.0,0.03
281.0,ue[0],0,0.014,0.0108,0.064815,0.005,0.50075,0.933333,1.0,0.0,1.0,0.022
281.0,ue[1],0,0.009,0.01,0.045,0.002,0.501,0.933333,1.0,0.0,1.0,0.022
281.0,ue[2],0,0.01,0.0082,0.060976,0.0,0.5015,0.933333,1.0,0.0,1.0,0.02
281.0,ue[3],0,0.009,0.0095,0.047368,0.002,0.500167,0.933333,1.0,0.0,1.0,0.018
281.0,ue[4],0,0.012,0.0099,0.060606,0.003,0.50075,0.933333,1.0,0.0,1.0,0.019
281.0,attacker[0],1,0.02,0.0148,0.067568,0.01,0.4995,0.933333,1.0,0.209871,1.0,0.027
281.0,attacker[1],1,0.016,0.0156,0.051282,0.001,0.502083,0.933333,1.0,0.060629,1.0,0.029
281.0,attacker[2],1,0.025,0.0179,0.069832,0.006,0.503,0.933333,1.0,0.396422,1.0,0.03
282.0,ue[0],0,0.014,0.0112,0.0625,0.0,0.502667,0.936667,1.0,0.01768,1.0,0.022
282.0,ue[1],0,0.006,0.0088,0.034091,0.003,0.49925,0.936667,1.0,0.0,1.0,0.022
282.0,ue[2],0,0.008,0.0082,0.04878,0.002,0.500333,0.936667,1.0,0.0,1.0,0.02
282.0,ue[3],0,0.009,0.0097,0.046392,0.0,0.500333,0.936667,1.0,0.0,1.0,0.018
282.0,ue[4],0,0.008,0.0095,0.042105,0.004,0.5,0.936667,1.0,0.0,1.0,0.019
282.0,attacker[0],1,0.029,0.0168,0.08631,0.009,0.50525,0.936667,1.0,0.442011,1.0,0.029
282.0,attacker[1],1,0.015,0.0157,0.047771,0.001,0.500083,0.936667,1.0,0.045969,1.0,0.029
282.0,attacker[2],1,0.018,0.0171,0.052632,0.007,0.50225,0.936667,1.0,0.130835,1.0,0.03
283.0,ue[0],0,0.008,0.0108,0.037037,0.006,0.5005,0.94,1.0,0.0,1.0,0.022
283.0,ue[1],0,0.018,0.0093,0.096774,0.012,0.501,0.94,1.0,0.214606,1.0,0.022
283.0,ue[2],0,0.013,0.0084,0.077381,0.005,0.50075,0.94,1.0,0.0,1.0,0.02
283.0,ue[3],0,0.01,0.0098,0.05102,0.001,0.500417,0.94,1.0,0.0,1.0,0.018
283.0,ue[4],0,0.01,0.0098,0.05102,0.002,0.499,0.94,1.0,0.0,1.0,0.019
283.0,attacker[0],1,0.018,0.0173,0.052023,0.011,0.504583,0.94,1.0,0.214606,1.0,0.029
283.0,attacker[1],1,0.014,0.0153,0.045752,0.001,0.499083,0.94,1.0,0.012624,1.0,0.029
283.0,attacker[2],1,0.019,0.0181,0.052486,0.001,0.499083,0.94,1.0,0.265102,1.0,0.03
284.0,ue[0],0,0.009,0.0104,0.043269,0.001,0.498083,0.943333,1.0,0.0,1.0,0.022
284.0,ue[1],0,0.01,0.0091,0.054945,0.008,0.502667,0.943333,1.0,0.0,1.0,0.022
284.0,ue[2],0,0.008,0.0083,0.048193,0.005,0.500583,0.943333,1.0,0.0,1.0,0.02
284.0,ue[3],0,0.009,0.0096,0.046875,0.001,0.499917,0.943333,1.0,0.0,1.0,0.018
284.0,ue[4],0,0.01,0.0098,0.05102,0.0,0.500167,0.943333,1.0,0.0,1.0,0.019
284.0,attacker[0],1,0.011,0.0168,0.032738,0.007,0.497417,0.943333,1.0,0.0,1.0,0.029
284.0,attacker[1],1,0.013,0.015,0.043333,0.001,0.49875,0.943333,1.0,0.113796,1.0,0.029
284.0,attacker[2],1,0.019,0.0186,0.051075,0.0,0.499167,0.943333,1.0,0.477945,1.0,0.03
285.0,ue[0],0,0.013,0.0109,0.059633,0.004,0.4995,0.946667,1.0,0.0,1.0,0.022
285.0,ue[1],0,0.008,0.0093,0.043011,0.002,0.499,0.946667,1.0,0.0,1.0,0.022
285.0,ue[2],0,0.01,0.0088,0.056818,0.002,0.499333,0.946667,1.0,0.0,1.0,0.02
285.0,ue[3],0,0.005,0.0094,0.026596,0.004,0.498833,0.946667,1.0,0.0,1.0,0.018
285.0,ue[4],0,0.014,0.0098,0.071429,0.004,0.501,0.946667,1.0,0.0,1.0,0.019
285.0,attacker[0],1,0.022,0.017,0.064706,0.011,0.497083,0.946667,1.0,0.247918,1.0,0.029
285.0,attacker[1],1,0.025,0.0161,0.07764,0.012,0.502,0.946667,1.0,0.342363,1.0,0.029
285.0,attacker[2],1,0.016,0.0183,0.043716,0.003,0.498417,0.946667,1.0,0.059028,1.0,0.03
286.0,ue[0],0,0.006,0.0103,0.029126,0.007,0.499583,0.95,1.0,0.0,1.0,0.022
286.0,ue[1],0,0.006,0.0092,0.032609,0.002,0.497833,0.95,1.0,0.0,1.0,0.022
286.0,ue[2],0,0.009,0.0089,0.050562,0.001,0.499917,0.95,1.0,0.0,1.0,0.02
286.0,ue[3],0,0.011,0.0093,0.05914,0.006,0.499333,0.95,1.0,0.0,1.0,0.018
286.0,ue[4],0,0.015,0.0105,0.071429,0.001,0.502583,0.95,1.0,0.003035,1.0,0.019
286.0,attacker[0],1,0.03,0.0188,0.079787,0.008,0.503333,0.95,1.0,0.367215,1.0,0.03
286.0,attacker[1],1,0.017,0.0154,0.055195,0.008,0.5035,0.95,1.0,0.051592,1.0,0.029
286.0,attacker[2],1,0.025,0.0189,0.066138,0.009,0.500917,0.95,1.0,0.245822,1.0,0.03
287.0,ue[0],0,0.012,0.0102,0.058824,0.006,0.4995,0.953333,1.0,0.0,1.0,0.022
287.0,ue[1],0,0.01,0.0094,0.053191,0.004,0.498,0.953333,1.0,0.0,1.0,0.022
287.0,ue[2],0,0.013,0.0096,0.067708,0.004,0.500333,0.953333,1.0,0.0,1.0,0.02
287.0,ue[3],0,0.009,0.0087,0.051724,0.002,0.501,0.953333,1.0,0.0,1.0,0.018
287.0,ue[4],0,0.014,0.0113,0.061947,0.001,0.501583,0.953333,1.0,0.0,1.0,0.019
287.0,attacker[0],1,0.02,0.0192,0.052083,0.01,0.504,0.953333,1.0,0.315621,1.0,0.03
287.0,attacker[1],1,0.019,0.0165,0.057576,0.002,0.500333,0.953333,1.0,0.261898,1.0,0.029
287.0,attacker[2],1,0.016,0.0189,0.042328,0.009,0.50125,0.953333,1.0,0.10073,1.0,0.03
288.0,ue[0],0,0.01,0.0102,0.04902,0.002,0.500833,0.956667,1.0,0.0,1.0,0.022
288.0,ue[1],0,0.013,0.0101,0.064356,0.003,0.50175,0.956667,1.0,0.012427,1.0,0.022
288.0,ue[2],0,0.013,0.0101,0.064356,0.0,0.502,0.956667,1.0,0.012427,1.0,0.02
288.0,ue[3],0,0.009,0.0088,0.051136,0.0,0.500333,0.956667,1.0,0.0,1.0,0.018
288.0,ue[4],0,0.007,0.0111,0.031532,0.007,0.49875,0.956667,1.0,0.0,1.0,0.019
288.0,attacker[0],1,0.021,0.0194,0.054124,0.001,0.49975,0.956667,1.0,0.410104,1.0,0.03
288.0,attacker[1],1,0.015,0.0167,0.04491,0.004,0.499333,0.956667,1.0,0.111847,1.0,0.029
288.0,attacker[2],1,0.014,0.0188,0.037234,0.002,0.4975,0.956667,1.0,0.062137,1.0,0.03
289.0,ue[0],0,0.013,0.0108,0.060185,0.003,0.500583,0.96,1.0,0.045883,1.0,0.022
289.0,ue[1],0,0.006,0.0097,0.030928,0.007,0.50075,0.96,1.0,0.0,1.0,0.022
289.0,ue[2],0,0.01,0.0104,0.048077,0.003,0.500417,0.96,1.0,0.0,1.0,0.02
289.0,ue[3],0,0.007,0.0089,0.039326,0.002,0.499833,0.96,1.0,0.0,1.0,0.018
289.0,ue[4],0,0.013,0.0112,0.058036,0.006,0.497833,0.96,1.0,0.045883,1.0,0.019
289.0,attacker[0],1,0.021,0.0202,0.05198,0.0,0.4985,0.96,1.0,0.412948,1.0,0.03
289.0,attacker[1],1,0.012,0.0163,0.03681,0.003,0.496583,0.96,1.0,0.0,1.0,0.029
289.0,attacker[2],1,0.014,0.0185,0.037838,0.0,0.4975,0.96,1.0,0.091766,1.0,0.03
290.0,ue[0],0,0.005,0.0104,0.024038,0.008,0.499833,0.963333,1.0,0.0,1.0,0.022
290.0,ue[1],0,0.005,0.0091,0.027473,0.001,0.497917,0.963333,1.0,0.0,1.0,0.022
290.0,ue[2],0,0.007,0.0101,0.034653,0.003,0.498417,0.963333,1.0,0.0,1.0,0.02
290.0,ue[3],0,0.003,0.0081,0.018519,0.004,0.497667,0.963333,1.0,0.0,1.0,0.018
290.0,ue[4],0,0.007,0.011,0.031818,0.006,0.499,0.963333,1.0,0.0,1.0,0.019
290.0,attacker[0],1,0.022,0.0214,0.051402,0.001,0.498917,0.963333,1.0,0.346651,1.0,0.03
290.0,attacker[1],1,0.018,0.0164,0.054878,0.006,0.499,0.963333,1.0,0.227373,1.0,0.029
290.0,attacker[2],1,0.016,0.0182,0.043956,0.002,0.498333,0.963333,1.0,0.167734,1.0,0.03
291.0,ue[0],0,0.01,0.01,0.05,0.005,0.497917,0.966667,1.0,0.0,1.0,0.022
291.0,ue[1],0,0.008,0.009,0.044444,0.003,0.498417,0.966667,1.0,0.0,1.0,0.022
291.0,ue[2],0,0.009,0.01,0.045,0.002,0.498,0.966667,1.0,0.0,1.0,0.02
291.0,ue[3],0,0.012,0.0084,0.071429,0.009,0.499583,0.966667,1.0,0.0,1.0,0.018
291.0,ue[4],0,0.007,0.0105,0.033333,0.0,0.497833,0.966667,1.0,0.0,1.0,0.019
291.0,attacker[0],1,0.019,0.0213,0.044601,0.003,0.499917,0.966667,1.0,0.302118,1.0,0.03
291.0,attacker[1],1,0.016,0.0164,0.04878,0.002,0.500833,0.966667,1.0,0.16531,1.0,0.029
291.0,attacker[2],1,0.018,0.0175,0.051429,0.002,0.501167,0.966667,1.0,0.256515,1.0,0.03
292.0,ue[0],0,0.012,0.0098,0.061224,0.002,0.500833,0.97,1.0,0.0,1.0,0.022
292.0,ue[1],0,0.013,0.0097,0.06701,0.005,0.50125,0.97,1.0,0.0,1.0,0.022
292.0,ue[2],0,0.01,0.0102,0.04902,0.001,0.49975,0.97,1.0,0.0,1.0,0.02
292.0,ue[3],0,0.009,0.0084,0.053571,0.003,0.502083,0.97,1.0,0.0,1.0,0.018
292.0,ue[4],0,0.01,0.0107,0.046729,0.003,0.49975,0.97,1.0,0.0,1.0,0.019
292.0,attacker[0],1,0.016,0.02,0.04,0.003,0.498083,0.97,1.0,0.078433,1.0,0.03
292.0,attacker[1],1,0.023,0.0172,0.06686,0.007,0.50225,0.97,1.0,0.37125,1.0,0.029
292.0,attacker[2],1,0.02,0.0177,0.056497,0.002,0.502167,0.97,1.0,0.245757,1.0,0.03
293.0,ue[0],0,0.013,0.0103,0.063107,0.001,0.501583,0.973333,1.0,0.008065,1.0,0.022
293.0,ue[1],0,0.012,0.0091,0.065934,0.001,0.503083,0.973333,1.0,0.0,1.0,0.022
293.0,ue[2],0,0.008,0.0097,0.041237,0.002,0.500167,0.973333,1.0,0.0,1.0,0.02
293.0,ue[3],0,0.014,0.0088,0.079545,0.005,0.502083,0.973333,1.0,0.072583,1.0,0.018
293.0,ue[4],0,0.018,0.0115,0.078261,0.008,0.5025,0.973333,1.0,0.330656,1.0,0.019
293.0,attacker[0],1,0.016,0.0198,0.040404,0.0,0.497667,0.973333,1.0,0.201619,1.0,0.03
293.0,attacker[1],1,0.013,0.0171,0.038012,0.01,0.501333,0.973333,1.0,0.008065,1.0,0.029
293.0,attacker[2],1,0.009,0.0167,0.026946,0.011,0.49925,0.973333,1.0,0.0,1.0,0.03
294.0,ue[0],0,0.013,0.0107,0.060748,0.0,0.502,0.976667,1.0,0.0,1.0,0.022
294.0,ue[1],0,0.012,0.0093,0.064516,0.0,0.501667,0.976667,1.0,0.0,1.0,0.022
294.0,ue[2],0,0.012,0.0101,0.059406,0.004,0.500667,0.976667,1.0,0.0,1.0,0.02
294.0,ue[3],0,0.008,0.0087,0.045977,0.006,0.5015,0.976667,1.0,0.0,1.0,0.018
294.0,ue[4],0,0.014,0.0119,0.058824,0.004,0.504,0.976667,1.0,0.0,1.0,0.019
294.0,attacker[0],1,0.016,0.0203,0.039409,0.0,0.4985,0.976667,1.0,0.076038,1.0,0.03
294.0,attacker[1],1,0.025,0.0183,0.068306,0.012,0.5,0.976667,1.0,0.467088,1.0,0.029
294.0,attacker[2],1,0.014,0.0162,0.04321,0.005,0.49675,0.976667,1.0,0.0,1.0,0.03
295.0,ue[0],0,0.0,0.0094,0.0,0.013,0.497417,0.98,0.966667,0.0,0.0,0.022
295.0,ue[1],0,0.0,0.0085,0.0,0.012,0.4975,0.98,0.966667,0.0,0.0,0.022
295.0,ue[2],0,0.0,0.0091,0.0,0.012,0.4985,0.98,0.966667,0.0,0.0,0.02
295.0,ue[3],0,0.0,0.0082,0.0,0.008,0.496167,0.98,0.966667,0.0,0.0,0.018
295.0,ue[4],0,0.0,0.0105,0.0,0.014,0.497667,0.98,0.966667,0.0,0.0,0.019
295.0,attacker[0],1,0.0,0.0181,0.0,0.016,0.4955,0.98,0.966667,0.0,0.0,0.03
295.0,attacker[1],1,0.0,0.0158,0.0,0.025,0.497583,0.98,0.966667,0.0,0.0,0.029
295.0,attacker[2],1,0.0,0.0146,0.0,0.014,0.495667,0.98,0.966667,0.0,0.0,0.03
296.0,ue[0],0,0.0,0.0088,0.0,0.0,0.493667,0.983333,0.933333,0.0,0.0,0.022
296.0,ue[1],0,0.0,0.0079,0.0,0.0,0.493833,0.983333,0.933333,0.0,0.0,0.022
296.0,ue[2],0,0.0,0.0082,0.0,0.0,0.495,0.983333,0.933333,0.0,0.0,0.02
296.0,ue[3],0,0.0,0.0071,0.0,0.0,0.494833,0.983333,0.933333,0.0,0.0,0.018
296.0,ue[4],0,0.0,0.009,0.0,0.0,0.493,0.983333,0.933333,0.0,0.0,0.019
296.0,attacker[0],1,0.0,0.0151,0.0,0.0,0.492,0.983333,0.933333,0.0,0.0,0.03
296.0,attacker[1],1,0.0,0.0141,0.0,0.0,0.489833,0.983333,0.933333,0.0,0.0,0.029
296.0,attacker[2],1,0.0,0.0121,0.0,0.0,0.492833,0.983333,0.933333,0.0,0.0,0.03
297.0,ue[0],0,0.0,0.0076,0.0,0.0,0.495667,0.986667,0.9,0.0,0.0,0.022
297.0,ue[1],0,0.0,0.0069,0.0,0.0,0.496,0.986667,0.9,0.0,0.0,0.022
297.0,ue[2],0,0.0,0.0069,0.0,0.0,0.496667,0.986667,0.9,0.0,0.0,0.02
297.0,ue[3],0,0.0,0.0062,0.0,0.0,0.496333,0.986667,0.9,0.0,0.0,0.018
297.0,ue[4],0,0.0,0.0076,0.0,0.0,0.494667,0.986667,0.9,0.0,0.0,0.019
297.0,attacker[0],1,0.0,0.0131,0.0,0.0,0.494667,0.986667,0.9,0.0,0.0,0.03
297.0,attacker[1],1,0.0,0.0122,0.0,0.0,0.493667,0.986667,0.9,0.0,0.0,0.029
297.0,attacker[2],1,0.0,0.0105,0.0,0.0,0.496167,0.986667,0.9,0.0,0.0,0.03
298.0,ue[0],0,0.0,0.0066,0.0,0.0,0.497833,0.99,0.866667,0.0,0.0,0.022
298.0,ue[1],0,0.0,0.0056,0.0,0.0,0.498,0.99,0.866667,0.0,0.0,0.022
298.0,ue[2],0,0.0,0.0056,0.0,0.0,0.498,0.99,0.866667,0.0,0.0,0.02
298.0,ue[3],0,0.0,0.0053,0.0,0.0,0.498667,0.99,0.866667,0.0,0.0,0.018
298.0,ue[4],0,0.0,0.0069,0.0,0.0,0.497667,0.99,0.866667,0.0,0.0,0.019
298.0,attacker[0],1,0.0,0.011,0.0,0.0,0.497333,0.99,0.866667,0.0,0.0,0.03
298.0,attacker[1],1,0.0,0.0107,0.0,0.0,0.495833,0.99,0.866667,0.0,0.0,0.029
298.0,attacker[2],1,0.0,0.0091,0.0,0.0,0.497667,0.99,0.866667,0.0,0.0,0.03
299.0,ue[0],0,0.0,0.0053,0.0,0.0,0.5,0.993333,0.833333,0.0,0.0,0.022
299.0,ue[1],0,0.0,0.005,0.0,0.0,0.5,0.993333,0.833333,0.0,0.0,0.022
299.0,ue[2],0,0.0,0.0046,0.0,0.0,0.5,0.993333,0.833333,0.0,0.0,0.02
299.0,ue[3],0,0.0,0.0046,0.0,0.0,0.5,0.993333,0.833333,0.0,0.0,0.018
299.0,ue[4],0,0.0,0.0056,0.0,0.0,0.5,0.993333,0.833333,0.0,0.0,0.019
299.0,attacker[0],1,0.0,0.0089,0.0,0.0,0.5,0.993333,0.833333,0.0,0.0,0.03
299.0,attacker[1],1,0.0,0.0095,0.0,0.0,0.5,0.993333,0.833333,0.0,0.0,0.029
299.0,attacker[2],1,0.0,0.0077,0.0,0.0,0.5,0.993333,0.833333,0.0,0.0,0.03
