sim_time,node,is_attacker,f1_pkt_rate,f2_mean_rate,f3_burst_ratio,f4_rate_change,f5_rate_trend,f6_flow_duration,f7_activity_ratio,f8_cell_zscore,f9_consecutive,f10_peak_rate
756.0,attacker[1],1,0.0,0.0,0.0,0.0,0.5,1.0,0.0,0.0,0.0,0.025
1133.0,attacker[2],1,0.0,0.0,0.0,0.0,0.5,1.0,0.0,0.0,0.0,0.0
626.0,ue[3],0,0.0,0.0,0.0,0.0,0.5,1.0,0.0,0.0,0.0,0.018
5.0,attacker[2],1,0.01,0.008667,0.057692,0.004,0.501333,0.013333,0.833333,0.0,0.166667,0.021
1307.0,attacker[1],1,0.0,0.0,0.0,0.0,0.5,1.0,0.0,0.0,0.0,0.0
788.0,attacker[0],1,0.0,0.0,0.0,0.0,0.5,1.0,0.0,0.0,0.0,0.022
1406.0,attacker[2],1,0.0,0.0,0.0,0.0,0.5,1.0,0.0,0.0,0.0,0.0
36.0,ue[4],0,0.008,0.0092,0.043478,0.003,0.49975,0.116667,1.0,0.0,1.0,0.019
916.0,attacker[2],1,0.0,0.0,0.0,0.0,0.5,1.0,0.0,0.0,0.0,0.0
880.0,ue[4],0,0.0,0.0,0.0,0.0,0.5,1.0,0.0,0.0,0.0,0.0
1250.0,ue[0],0,0.0,0.0,0.0,0.0,0.5,1.0,0.0,0.0,0.0,0.0
1042.0,ue[3],0,0.0,0.0,0.0,0.0,0.5,1.0,0.0,0.0,0.0,0.0
519.0,ue[1],0,0.0,0.0,0.0,0.0,0.5,1.0,0.0,0.0,0.0,0.022
126.0,ue[0],0,0.009,0.0104,0.043269,0.004,0.5,0.416667,1.0,0.0,1.0,0.018
292.0,attacker[1],1,0.023,0.0172,0.06686,0.007,0.50225,0.97,1.0,0.37125,1.0,0.029
223.0,attacker[2],1,0.018,0.0171,0.052632,0.003,0.499083,0.74,1.0,0.223039,1.0,0.025
1069.0,attacker[0],1,0.0,0.0,0.0,0.0,0.5,1.0,0.0,0.0,0.0,0.0
1283.0,ue[2],0,0.0,0.0,0.0,0.0,0.5,1.0,0.0,0.0,0.0,0.0
401.0,ue[4],0,0.0,0.0,0.0,0.0,0.5,1.0,0.0,0.0,0.0,0.019
43.0,ue[0],0,0.009,0.0118,0.038136,0.001,0.498583,0.14,1.0,0.0,1.0,0.018
273.0,ue[1],0,0.013,0.01,0.065,0.005,0.503917,0.906667,1.0,0.094868,1.0,0.022
874.0,ue[3],0,0.0,0.0,0.0,0.0,0.5,1.0,0.0,0.0,0.0,0.0
982.0,ue[1],0,0.0,0.0,0.0,0.0,0.5,1.0,0.0,0.0,0.0,0.0
1244.0,ue[3],0,0.0,0.0,0.0,0.0,0.5,1.0,0.0,0.0,0.0,0.0
959.0,attacker[2],1,0.0,0.0,0.0,0.0,0.5,1.0,0.0,0.0,0.0,0.0
586.0,attacker[1],1,0.0,0.0,0.0,0.0,0.5,1.0,0.0,0.0,0.0,0.029
780.0,ue[3],0,0.0,0.0,0.0,0.0,0.5,1.0,0.0,0.0,0.0,0.014
1440.0,attacker[0],1,0.0,0.0,0.0,0.0,0.5,1.0,0.0,0.0,0.0,0.0
643.0,ue[3],0,0.0,0.0,0.0,0.0,0.5,1.0,0.0,0.0,0.0,0.018
644.0,attacker[2],1,0.0,0.0,0.0,0.0,0.5,1.0,0.0,0.0,0.0,0.03
150.0,ue[0],0,0.01,0.0115,0.043478,0.002,0.499167,0.496667,1.0,0.0,1.0,0.018
18.0,attacker[1],1,0.011,0.0157,0.035032,0.001,0.497083,0.056667,0.947368,0.0,0.6,0.029
976.0,ue[4],0,0.0,0.0,0.0,0.0,0.5,1.0,0.0,0.0,0.0,0.0
167.0,attacker[1],1,0.014,0.0159,0.044025,0.001,0.498583,0.553333,1.0,0.13364,1.0,0.029
525.0,attacker[1],1,0.0,0.0,0.0,0.0,0.5,1.0,0.0,0.0,0.0,0.029
1191.0,attacker[2],1,0.0,0.0,0.0,0.0,0.5,1.0,0.0,0.0,0.0,0.0
1018.0,ue[0],0,0.0,0.0,0.0,0.0,0.5,1.0,0.0,0.0,0.0,0.0
1339.0,attacker[0],1,0.0,0.0,0.0,0.0,0.5,1.0,0.0,0.0,0.0,0.0
1237.0,attacker[2],1,0.0,0.0,0.0,0.0,0.5,1.0,0.0,0.0,0.0,0.0
193.0,ue[1],0,0.009,0.0101,0.044554,0.002,0.499167,0.64,1.0,0.0,1.0,0.022
287.0,attacker[1],1,0.019,0.0165,0.057576,0.002,0.500333,0.953333,1.0,0.261898,1.0,0.029
1420.0,attacker[1],1,0.0,0.0,0.0,0.0,0.5,1.0,0.0,0.0,0.0,0.0
114.0,ue[3],0,0.009,0.0095,0.047368,0.0,0.4995,0.376667,1.0,0.0,1.0,0.017
96.0,attacker[2],1,0.019,0.0154,0.061688,0.001,0.50325,0.316667,1.0,0.335423,1.0,0.025
1037.0,ue[4],0,0.0,0.0,0.0,0.0,0.5,1.0,0.0,0.0,0.0,0.0
332.0,ue[3],0,0.0,0.0,0.0,0.0,0.5,1.0,0.0,0.0,0.0,0.018
687.0,ue[1],0,0.0,0.0,0.0,0.0,0.5,1.0,0.0,0.0,0.0,0.018
1027.0,attacker[2],1,0.0,0.0,0.0,0.0,0.5,1.0,0.0,0.0,0.0,0.0
910.0,ue[1],0,0.0,0.0,0.0,0.0,0.5,1.0,0.0,0.0,0.0,0.0
935.0,attacker[1],1,0.0,0.0,0.0,0.0,0.5,1.0,0.0,0.0,0.0,0.0
806.0,ue[1],0,0.0,0.0,0.0,0.0,0.5,1.0,0.0,0.0,0.0,0.0
784.0,ue[0],0,0.0,0.0,0.0,0.0,0.5,1.0,0.0,0.0,0.0,0.013
62.0,ue[2],0,0.017,0.0096,0.088542,0.008,0.501833,0.203333,1.0,0.193124,1.0,0.018
545.0,ue[3],0,0.0,0.0,0.0,0.0,0.5,1.0,0.0,0.0,0.0,0.018
185.0,attacker[2],1,0.012,0.0176,0.034091,0.01,0.498833,0.613333,1.0,0.0,1.0,0.025
1083.0,ue[0],0,0.0,0.0,0.0,0.0,0.5,1.0,0.0,0.0,0.0,0.0
837.0,ue[2],0,0.0,0.0,0.0,0.0,0.5,1.0,0.0,0.0,0.0,0.0
60.0,ue[1],0,0.013,0.0093,0.069892,0.008,0.4995,0.196667,1.0,0.242779,1.0,0.022
317.0,attacker[0],1,0.0,0.0,0.0,0.0,0.5,1.0,0.233333,0.0,0.0,0.03
658.0,ue[1],0,0.0,0.0,0.0,0.0,0.5,1.0,0.0,0.0,0.0,0.018
960.0,attacker[1],1,0.0,0.0,0.0,0.0,0.5,1.0,0.0,0.0,0.0,0.0
31.0,attacker[2],1,0.016,0.0172,0.046512,0.001,0.498417,0.1,1.0,0.163557,1.0,0.024
769.0,ue[2],0,0.0,0.0,0.0,0.0,0.5,1.0,0.0,0.0,0.0,0.013
1402.0,ue[1],0,0.0,0.0,0.0,0.0,0.5,1.0,0.0,0.0,0.0,0.0
1013.0,ue[4],0,0.0,0.0,0.0,0.0,0.5,1.0,0.0,0.0,0.0,0.0
555.0,attacker[0],1,0.0,0.0,0.0,0.0,0.5,1.0,0.0,0.0,0.0,0.03
987.0,ue[4],0,0.0,0.0,0.0,0.0,0.5,1.0,0.0,0.0,0.0,0.0
497.0,attacker[2],1,0.0,0.0,0.0,0.0,0.5,1.0,0.0,0.0,0.0,0.03
1040.0,ue[3],0,0.0,0.0,0.0,0.0,0.5,1.0,0.0,0.0,0.0,0.0
872.0,ue[4],0,0.0,0.0,0.0,0.0,0.5,1.0,0.0,0.0,0.0,0.0
816.0,attacker[1],1,0.0,0.0,0.0,0.0,0.5,1.0,0.0,0.0,0.0,0.0
494.0,ue[3],0,0.0,0.0,0.0,0.0,0.5,1.0,0.0,0.0,0.0,0.018
374.0,ue[3],0,0.0,0.0,0.0,0.0,0.5,1.0,0.0,0.0,0.0,0.018
634.0,ue[0],0,0.0,0.0,0.0,0.0,0.5,1.0,0.0,0.0,0.0,0.022
1028.0,ue[3],0,0.0,0.0,0.0,0.0,0.5,1.0,0.0,0.0,0.0,0.0
1404.0,attacker[2],1,0.0,0.0,0.0,0.0,0.5,1.0,0.0,0.0,0.0,0.0
2.0,attacker[1],1,0.029,0.012333,0.117568,0.021,0.5,0.003333,0.666667,0.449645,0.066667,0.029
1366.0,ue[2],0,0.0,0.0,0.0,0.0,0.5,1.0,0.0,0.0,0.0,0.0
611.0,ue[2],0,0.0,0.0,0.0,0.0,0.5,1.0,0.0,0.0,0.0,0.02
1475.0,ue[0],0,0.0,0.0,0.0,0.0,0.5,1.0,0.0,0.0,0.0,0.0
104.0,ue[4],0,0.008,0.0109,0.036697,0.001,0.497917,0.343333,1.0,0.0,1.0,0.019
1335.0,ue[3],0,0.0,0.0,0.0,0.0,0.5,1.0,0.0,0.0,0.0,0.0
1110.0,ue[2],0,0.0,0.0,0.0,0.0,0.5,1.0,0.0,0.0,0.0,0.0
19.0,ue[1],0,0.015,0.0107,0.070093,0.008,0.4995,0.06,1.0,0.136067,0.666667,0.017
1100.0,ue[0],0,0.0,0.0,0.0,0.0,0.5,1.0,0.0,0.0,0.0,0.0
269.0,ue[0],0,0.009,0.012,0.0375,0.013,0.502417,0.893333,1.0,0.0,1.0,0.022
107.0,ue[4],0,0.006,0.0101,0.029703,0.0,0.498,0.353333,1.0,0.0,1.0,0.019
840.0,attacker[0],1,0.0,0.0,0.0,0.0,0.5,1.0,0.0,0.0,0.0,0.0
1252.0,ue[1],0,0.0,0.0,0.0,0.0,0.5,1.0,0.0,0.0,0.0,0.0
907.0,attacker[1],1,0.0,0.0,0.0,0.0,0.5,1.0,0.0,0.0,0.0,0.0
1142.0,attacker[1],1,0.0,0.0,0.0,0.0,0.5,1.0,0.0,0.0,0.0,0.0
341.0,ue[0],0,0.0,0.0,0.0,0.0,0.5,1.0,0.0,0.0,0.0,0.022
1440.0,attacker[2],1,0.0,0.0,0.0,0.0,0.5,1.0,0.0,0.0,0.0,0.0
1200.0,attacker[2],1,0.0,0.0,0.0,0.0,0.5,1.0,0.0,0.0,0.0,0.0
1389.0,attacker[1],1,0.0,0.0,0.0,0.0,0.5,1.0,0.0,0.0,0.0,0.0
1456.0,ue[0],0,0.0,0.0,0.0,0.0,0.5,1.0,0.0,0.0,0.0,0.0
302.0,attacker[2],1,0.0,0.0043,0.0,0.0,0.5,1.0,0.766667,0.0,0.0,0.03
1233.0,attacker[0],1,0.0,0.0,0.0,0.0,0.5,1.0,0.0,0.0,0.0,0.0
975.0,ue[2],0,0.0,0.0,0.0,0.0,0.5,1.0,0.0,0.0,0.0,0.0
1308.0,ue[1],0,0.0,0.0,0.0,0.0,0.5,1.0,0.0,0.0,0.0,0.0
406.0,attacker[1],1,0.0,0.0,0.0,0.0,0.5,1.0,0.0,0.0,0.0,0.029
1020.0,ue[1],0,0.0,0.0,0.0,0.0,0.5,1.0,0.0,0.0,0.0,0.0
694.0,attacker[1],1,0.0,0.0,0.0,0.0,0.5,1.0,0.0,0.0,0.0,0.025
1278.0,attacker[0],1,0.0,0.0,0.0,0.0,0.5,1.0,0.0,0.0,0.0,0.0
659.0,attacker[2],1,0.0,0.0,0.0,0.0,0.5,1.0,0.0,0.0,0.0,0.03
1377.0,ue[3],0,0.0,0.0,0.0,0.0,0.5,1.0,0.0,0.0,0.0,0.0
489.0,attacker[1],1,0.0,0.0,0.0,0.0,0.5,1.0,0.0,0.0,0.0,0.029
144.0,attacker[1],1,0.02,0.0203,0.049261,0.005,0.49875,0.476667,1.0,0.357683,1.0,0.029
468.0,attacker[1],1,0.0,0.0,0.0,0.0,0.5,1.0,0.0,0.0,0.0,0.029
1062.0,attacker[1],1,0.0,0.0,0.0,0.0,0.5,1.0,0.0,0.0,0.0,0.0
652.0,attacker[1],1,0.0,0.0,0.0,0.0,0.5,1.0,0.0,0.0,0.0,0.025
1119.0,ue[1],0,0.0,0.0,0.0,0.0,0.5,1.0,0.0,0.0,0.0,0.0
460.0,ue[3],0,0.0,0.0,0.0,0.0,0.5,1.0,0.0,0.0,0.0,0.018
381.0,ue[0],0,0.0,0.0,0.0,0.0,0.5,1.0,0.0,0.0,0.0,0.022
1310.0,attacker[1],1,0.0,0.0,0.0,0.0,0.5,1.0,0.0,0.0,0.0,0.0
1261.0,ue[2],0,0.0,0.0,0.0,0.0,0.5,1.0,0.0,0.0,0.0,0.0
1350.0,ue[0],0,0.0,0.0,0.0,0.0,0.5,1.0,0.0,0.0,0.0,0.0
869.0,attacker[0],1,0.0,0.0,0.0,0.0,0.5,1.0,0.0,0.0,0.0,0.0
455.0,ue[1],0,0.0,0.0,0.0,0.0,0.5,1.0,0.0,0.0,0.0,0.022
687.0,ue[0],0,0.0,0.0,0.0,0.0,0.5,1.0,0.0,0.0,0.0,0.022
270.0,attacker[2],1,0.015,0.017,0.044118,0.008,0.501,0.896667,1.0,0.30792,1.0,0.03
1036.0,attacker[1],1,0.0,0.0,0.0,0.0,0.5,1.0,0.0,0.0,0.0,0.0
532.0,ue[3],0,0.0,0.0,0.0,0.0,0.5,1.0,0.0,0.0,0.0,0.018
712.0,ue[4],0,0.0,0.0,0.0,0.0,0.5,1.0,0.0,0.0,0.0,0.018
397.0,ue[0],0,0.0,0.0,0.0,0.0,0.5,1.0,0.0,0.0,0.0,0.022
371.0,attacker[1],1,0.0,0.0,0.0,0.0,0.5,1.0,0.0,0.0,0.0,0.029
1287.0,ue[1],0,0.0,0.0,0.0,0.0,0.5,1.0,0.0,0.0,0.0,0.0
411.0,ue[2],0,0.0,0.0,0.0,0.0,0.5,1.0,0.0,0.0,0.0,0.02
354.0,attacker[0],1,0.0,0.0,0.0,0.0,0.5,1.0,0.0,0.0,0.0,0.03
758.0,attacker[0],1,0.0,0.0,0.0,0.0,0.5,1.0,0.0,0.0,0.0,0.03
100.0,ue[3],0,0.005,0.009,0.027778,0.002,0.499833,0.33,1.0,0.0,1.0,0.017
745.0,ue[1],0,0.0,0.0,0.0,0.0,0.5,1.0,0.0,0.0,0.0,0.018
214.0,ue[2],0,0.005,0.0091,0.027473,0.002,0.499333,0.71,1.0,0.0,1.0,0.018
14.0,attacker[0],1,0.015,0.0179,0.041899,0.005,0.49825,0.043333,0.933333,0.199448,0.466667,0.023
1038.0,ue[0],0,0.0,0.0,0.0,0.0,0.5,1.0,0.0,0.0,0.0,0.0
244.0,attacker[1],1,0.009,0.0156,0.028846,0.007,0.499083,0.81,1.0,0.0,1.0,0.029
943.0,ue[4],0,0.0,0.0,0.0,0.0,0.5,1.0,0.0,0.0,0.0,0.0
1118.0,attacker[0],1,0.0,0.0,0.0,0.0,0.5,1.0,0.0,0.0,0.0,0.0
8.0,attacker[0],1,0.019,0.013444,0.070661,0.014,0.497,0.023333,0.888889,0.160806,0.266667,0.02
1356.0,attacker[1],1,0.0,0.0,0.0,0.0,0.5,1.0,0.0,0.0,0.0,0.0
480.0,ue[1],0,0.0,0.0,0.0,0.0,0.5,1.0,0.0,0.0,0.0,0.022
447.0,ue[1],0,0.0,0.0,0.0,0.0,0.5,1.0,0.0,0.0,0.0,0.022
749.0,attacker[2],1,0.0,0.0,0.0,0.0,0.5,1.0,0.0,0.0,0.0,0.026
47.0,ue[0],0,0.004,0.0103,0.019417,0.002,0.497333,0.153333,1.0,0.0,1.0,0.018
149.0,ue[4],0,0.011,0.0114,0.048246,0.004,0.499,0.493333,1.0,0.0,1.0,0.019
1462.0,ue[1],0,0.0,0.0,0.0,0.0,0.5,1.0,0.0,0.0,0.0,0.0
1148.0,ue[2],0,0.0,0.0,0.0,0.0,0.5,1.0,0.0,0.0,0.0,0.0
1259.0,ue[1],0,0.0,0.0,0.0,0.0,0.5,1.0,0.0,0.0,0.0,0.0
1130.0,attacker[0],1,0.0,0.0,0.0,0.0,0.5,1.0,0.0,0.0,0.0,0.0
623.0,attacker[1],1,0.0,0.0,0.0,0.0,0.5,1.0,0.0,0.0,0.0,0.029
108.0,attacker[1],1,0.023,0.0169,0.068047,0.001,0.504583,0.356667,1.0,0.385387,1.0,0.029
1433.0,ue[0],0,0.0,0.0,0.0,0.0,0.5,1.0,0.0,0.0,0.0,0.0
574.0,attacker[2],1,0.0,0.0,0.0,0.0,0.5,1.0,0.0,0.0,0.0,0.03
855.0,ue[0],0,0.0,0.0,0.0,0.0,0.5,1.0,0.0,0.0,0.0,0.0
609.0,ue[4],0,0.0,0.0,0.0,0.0,0.5,1.0,0.0,0.0,0.0,0.018
1157.0,attacker[2],1,0.0,0.0,0.0,0.0,0.5,1.0,0.0,0.0,0.0,0.0
259.0,ue[3],0,0.006,0.0108,0.027778,0.005,0.498917,0.86,1.0,0.0,1.0,0.018
895.0,attacker[0],1,0.0,0.0,0.0,0.0,0.5,1.0,0.0,0.0,0.0,0.0
1291.0,attacker[2],1,0.0,0.0,0.0,0.0,0.5,1.0,0.0,0.0,0.0,0.0
1457.0,ue[1],0,0.0,0.0,0.0,0.0,0.5,1.0,0.0,0.0,0.0,0.0
870.0,attacker[2],1,0.0,0.0,0.0,0.0,0.5,1.0,0.0,0.0,0.0,0.0
561.0,attacker[0],1,0.0,0.0,0.0,0.0,0.5,1.0,0.0,0.0,0.0,0.03
879.0,ue[0],0,0.0,0.0,0.0,0.0,0.5,1.0,0.0,0.0,0.0,0.0
1143.0,attacker[0],1,0.0,0.0,0.0,0.0,0.5,1.0,0.0,0.0,0.0,0.0
1259.0,ue[0],0,0.0,0.0,0.0,0.0,0.5,1.0,0.0,0.0,0.0,0.0
551.0,attacker[2],1,0.0,0.0,0.0,0.0,0.5,1.0,0.0,0.0,0.0,0.03
462.0,attacker[0],1,0.0,0.0,0.0,0.0,0.5,1.0,0.0,0.0,0.0,0.03
1407.0,attacker[1],1,0.0,0.0,0.0,0.0,0.5,1.0,0.0,0.0,0.0,0.0
280.0,ue[3],0,0.011,0.0095,0.057895,0.005,0.498417,0.93,1.0,0.0,1.0,0.018
429.0,ue[0],0,0.0,0.0,0.0,0.0,0.5,1.0,0.0,0.0,0.0,0.022
1462.0,attacker[2],1,0.0,0.0,0.0,0.0,0.5,1.0,0.0,0.0,0.0,0.0
216.0,attacker[1],1,0.019,0.0151,0.062914,0.008,0.499167,0.716667,1.0,0.33541,1.0,0.029
437.0,ue[1],0,0.0,0.0,0.0,0.0,0.5,1.0,0.0,0.0,0.0,0.022
908.0,ue[2],0,0.0,0.0,0.0,0.0,0.5,1.0,0.0,0.0,0.0,0.0
360.0,ue[4],0,0.0,0.0,0.0,0.0,0.5,1.0,0.0,0.0,0.0,0.019
780.0,ue[4],0,0.0,0.0,0.0,0.0,0.5,1.0,0.0,0.0,0.0,0.018
379.0,attacker[0],1,0.0,0.0,0.0,0.0,0.5,1.0,0.0,0.0,0.0,0.03
811.0,ue[3],0,0.0,0.0,0.0,0.0,0.5,1.0,0.0,0.0,0.0,0.0
833.0,ue[3],0,0.0,0.0,0.0,0.0,0.5,1.0,0.0,0.0,0.0,0.0
734.0,ue[4],0,0.0,0.0,0.0,0.0,0.5,1.0,0.0,0.0,0.0,0.018
222.0,ue[0],0,0.006,0.0099,0.030303,0.009,0.50125,0.736667,1.0,0.0,1.0,0.018
476.0,ue[3],0,0.0,0.0,0.0,0.0,0.5,1.0,0.0,0.0,0.0,0.018
355.0,attacker[1],1,0.0,0.0,0.0,0.0,0.5,1.0,0.0,0.0,0.0,0.029
568.0,ue[0],0,0.0,0.0,0.0,0.0,0.5,1.0,0.0,0.0,0.0,0.022
1367.0,attacker[1],1,0.0,0.0,0.0,0.0,0.5,1.0,0.0,0.0,0.0,0.0
354.0,attacker[1],1,0.0,0.0,0.0,0.0,0.5,1.0,0.0,0.0,0.0,0.029
1269.0,attacker[2],1,0.0,0.0,0.0,0.0,0.5,1.0,0.0,0.0,0.0,0.0
262.0,attacker[0],1,0.019,0.0171,0.055556,0.004,0.502833,0.87,1.0,0.32249,1.0,0.027
502.0,ue[2],0,0.0,0.0,0.0,0.0,0.5,1.0,0.0,0.0,0.0,0.02
1098.0,ue[0],0,0.0,0.0,0.0,0.0,0.5,1.0,0.0,0.0,0.0,0.0
1092.0,ue[2],0,0.0,0.0,0.0,0.0,0.5,1.0,0.0,0.0,0.0,0.0
837.0,ue[1],0,0.0,0.0,0.0,0.0,0.5,1.0,0.0,0.0,0.0,0.0
794.0,attacker[2],1,0.0,0.0,0.0,0.0,0.5,1.0,0.0,0.0,0.0,0.014
134.0,attacker[2],1,0.018,0.0167,0.053892,0.0,0.500167,0.443333,1.0,0.251351,1.0,0.025
430.0,ue[3],0,0.0,0.0,0.0,0.0,0.5,1.0,0.0,0.0,0.0,0.018
1440.0,attacker[1],1,0.0,0.0,0.0,0.0,0.5,1.0,0.0,0.0,0.0,0.0
252.0,ue[3],0,0.016,0.0108,0.074074,0.007,0.500417,0.836667,1.0,0.163233,1.0,0.018
1155.0,attacker[0],1,0.0,0.0,0.0,0.0,0.5,1.0,0.0,0.0,0.0,0.0
1084.0,attacker[0],1,0.0,0.0,0.0,0.0,0.5,1.0,0.0,0.0,0.0,0.0
702.0,attacker[2],1,0.0,0.0,0.0,0.0,0.5,1.0,0.0,0.0,0.0,0.03
510.0,ue[2],0,0.0,0.0,0.0,0.0,0.5,1.0,0.0,0.0,0.0,0.02
1428.0,ue[0],0,0.0,0.0,0.0,0.0,0.5,1.0,0.0,0.0,0.0,0.0
981.0,ue[4],0,0.0,0.0,0.0,0.0,0.5,1.0,0.0,0.0,0.0,0.0
1419.0,ue[3],0,0.0,0.0,0.0,0.0,0.5,1.0,0.0,0.0,0.0,0.0
198.0,ue[0],0,0.012,0.0115,0.052174,0.005,0.49775,0.656667,1.0,0.0,1.0,0.018
174.0,ue[4],0,0.011,0.0103,0.053398,0.0,0.501167,0.576667,1.0,0.020851,1.0,0.019
1030.0,ue[4],0,0.0,0.0,0.0,0.0,0.5,1.0,0.0,0.0,0.0,0.0
1269.0,ue[0],0,0.0,0.0,0.0,0.0,0.5,1.0,0.0,0.0,0.0,0.0
766.0,attacker[1],1,0.0,0.0,0.0,0.0,0.5,1.0,0.0,0.0,0.0,0.025
772.0,attacker[0],1,0.0,0.0,0.0,0.0,0.5,1.0,0.0,0.0,0.0,0.03
536.0,ue[3],0,0.0,0.0,0.0,0.0,0.5,1.0,0.0,0.0,0.0,0.018
895.0,ue[1],0,0.0,0.0,0.0,0.0,0.5,1.0,0.0,0.0,0.0,0.0
293.0,attacker[1],1,0.013,0.0171,0.038012,0.01,0.501333,0.973333,1.0,0.008065,1.0,0.029
913.0,ue[3],0,0.0,0.0,0.0,0.0,0.5,1.0,0.0,0.0,0.0,0.0
684.0,attacker[2],1,0.0,0.0,0.0,0.0,0.5,1.0,0.0,0.0,0.0,0.03
366.0,ue[1],0,0.0,0.0,0.0,0.0,0.5,1.0,0.0,0.0,0.0,0.022
1037.0,ue[1],0,0.0,0.0,0.0,0.0,0.5,1.0,0.0,0.0,0.0,0.0
1354.0,attacker[1],1,0.0,0.0,0.0,0.0,0.5,1.0,0.0,0.0,0.0,0.0
715.0,attacker[0],1,0.0,0.0,0.0,0.0,0.5,1.0,0.0,0.0,0.0,0.03
66.0,ue[1],0,0.01,0.0109,0.045872,0.001,0.499083,0.216667,1.0,0.0,1.0,0.022
1264.0,ue[4],0,0.0,0.0,0.0,0.0,0.5,1.0,0.0,0.0,0.0,0.0
1465.0,ue[3],0,0.0,0.0,0.0,0.0,0.5,1.0,0.0,0.0,0.0,0.0
1364.0,ue[1],0,0.0,0.0,0.0,0.0,0.5,1.0,0.0,0.0,0.0,0.0
220.0,ue[4],0,0.011,0.0106,0.051887,0.001,0.50025,0.73,1.0,0.0,1.0,0.019
1154.0,ue[1],0,0.0,0.0,0.0,0.0,0.5,1.0,0.0,0.0,0.0,0.0
1329.0,attacker[1],1,0.0,0.0,0.0,0.0,0.5,1.0,0.0,0.0,0.0,0.0
1161.0,ue[3],0,0.0,0.0,0.0,0.0,0.5,1.0,0.0,0.0,0.0,0.0
1482.0,attacker[1],1,0.0,0.0,0.0,0.0,0.5,1.0,0.0,0.0,0.0,0.0
188.0,attacker[0],1,0.012,0.0176,0.034091,0.003,0.496583,0.623333,1.0,0.085395,1.0,0.027
461.0,ue[4],0,0.0,0.0,0.0,0.0,0.5,1.0,0.0,0.0,0.0,0.019
1416.0,ue[3],0,0.0,0.0,0.0,0.0,0.5,1.0,0.0,0.0,0.0,0.0
361.0,ue[0],0,0.0,0.0,0.0,0.0,0.5,1.0,0.0,0.0,0.0,0.022
766.0,ue[1],0,0.0,0.0,0.0,0.0,0.5,1.0,0.0,0.0,0.0,0.018
141.0,ue[3],0,0.008,0.0097,0.041237,0.003,0.49825,0.466667,1.0,0.0,1.0,0.017
1392.0,attacker[0],1,0.0,0.0,0.0,0.0,0.5,1.0,0.0,0.0,0.0,0.0
742.0,ue[3],0,0.0,0.0,0.0,0.0,0.5,1.0,0.0,0.0,0.0,0.016
63.0,ue[4],0,0.006,0.0095,0.031579,0.0,0.4975,0.206667,1.0,0.0,1.0,0.019
282.0,ue[1],0,0.006,0.0088,0.034091,0.003,0.49925,0.936667,1.0,0.0,1.0,0.022
1192.0,ue[0],0,0.0,0.0,0.0,0.0,0.5,1.0,0.0,0.0,0.0,0.0
1072.0,ue[1],0,0.0,0.0,0.0,0.0,0.5,1.0,0.0,0.0,0.0,0.0
332.0,ue[0],0,0.0,0.0,0.0,0.0,0.5,1.0,0.0,0.0,0.0,0.022
467.0,attacker[2],1,0.0,0.0,0.0,0.0,0.5,1.0,0.0,0.0,0.0,0.03
704.0,attacker[0],1,0.0,0.0,0.0,0.0,0.5,1.0,0.0,0.0,0.0,0.03
230.0,attacker[2],1,0.021,0.017,0.061765,0.011,0.49925,0.763333,1.0,0.294589,1.0,0.026
969.0,attacker[2],1,0.0,0.0,0.0,0.0,0.5,1.0,0.0,0.0,0.0,0.0
802.0,ue[1],0,0.0,0.0,0.0,0.0,0.5,1.0,0.0,0.0,0.0,0.0
1292.0,attacker[1],1,0.0,0.0,0.0,0.0,0.5,1.0,0.0,0.0,0.0,0.0
1468.0,ue[1],0,0.0,0.0,0.0,0.0,0.5,1.0,0.0,0.0,0.0,0.0
813.0,ue[3],0,0.0,0.0,0.0,0.0,0.5,1.0,0.0,0.0,0.0,0.0
1174.0,ue[1],0,0.0,0.0,0.0,0.0,0.5,1.0,0.0,0.0,0.0,0.0
1473.0,ue[4],0,0.0,0.0,0.0,0.0,0.5,1.0,0.0,0.0,0.0,0.0
192.0,ue[3],0,0.009,0.0084,0.053571,0.002,0.501167,0.636667,1.0,0.0,1.0,0.017
1128.0,attacker[2],1,0.0,0.0,0.0,0.0,0.5,1.0,0.0,0.0,0.0,0.0
861.0,ue[4],0,0.0,0.0,0.0,0.0,0.5,1.0,0.0,0.0,0.0,0.0
1157.0,ue[4],0,0.0,0.0,0.0,0.0,0.5,1.0,0.0,0.0,0.0,0.0
1391.0,ue[1],0,0.0,0.0,0.0,0.0,0.5,1.0,0.0,0.0,0.0,0.0
1191.0,ue[3],0,0.0,0.0,0.0,0.0,0.5,1.0,0.0,0.0,0.0,0.0
1093.0,attacker[0],1,0.0,0.0,0.0,0.0,0.5,1.0,0.0,0.0,0.0,0.0
814.0,ue[4],0,0.0,0.0,0.0,0.0,0.5,1.0,0.0,0.0,0.0,0.0
869.0,attacker[2],1,0.0,0.0,0.0,0.0,0.5,1.0,0.0,0.0,0.0,0.0
1148.0,ue[1],0,0.0,0.0,0.0,0.0,0.5,1.0,0.0,0.0,0.0,0.0
1323.0,ue[2],0,0.0,0.0,0.0,0.0,0.5,1.0,0.0,0.0,0.0,0.0
1210.0,attacker[0],1,0.0,0.0,0.0,0.0,0.5,1.0,0.0,0.0,0.0,0.0
938.0,attacker[1],1,0.0,0.0,0.0,0.0,0.5,1.0,0.0,0.0,0.0,0.0
419.0,ue[2],0,0.0,0.0,0.0,0.0,0.5,1.0,0.0,0.0,0.0,0.02
139.0,ue[2],0,0.004,0.0098,0.020408,0.009,0.499083,0.46,1.0,0.0,1.0,0.018
1204.0,ue[3],0,0.0,0.0,0.0,0.0,0.5,1.0,0.0,0.0,0.0,0.0
1189.0,ue[1],0,0.0,0.0,0.0,0.0,0.5,1.0,0.0,0.0,0.0,0.0
1167.0,ue[1],0,0.0,0.0,0.0,0.0,0.5,1.0,0.0,0.0,0.0,0.0
958.0,ue[4],0,0.0,0.0,0.0,0.0,0.5,1.0,0.0,0.0,0.0,0.0
446.0,ue[3],0,0.0,0.0,0.0,0.0,0.5,1.0,0.0,0.0,0.0,0.018
1335.0,attacker[0],1,0.0,0.0,0.0,0.0,0.5,1.0,0.0,0.0,0.0,0.0
51.0,ue[2],0,0.01,0.0101,0.049505,0.002,0.501667,0.166667,1.0,0.0,1.0,0.018
1353.0,ue[3],0,0.0,0.0,0.0,0.0,0.5,1.0,0.0,0.0,0.0,0.0
33.0,attacker[0],1,0.013,0.0168,0.03869,0.001,0.50025,0.106667,1.0,0.0,1.0,0.027
145.0,attacker[0],1,0.019,0.0153,0.062092,0.001,0.500417,0.48,1.0,0.159132,1.0,0.027
2.0,ue[2],0,0.013,0.007,0.092857,0.008,0.5,0.003333,1.0,0.0,0.1,0.013
1486.0,ue[4],0,0.0,0.0,0.0,0.0,0.5,1.0,0.0,0.0,0.0,0.0
102.0,ue[3],0,0.007,0.0085,0.041176,0.0,0.500333,0.336667,1.0,0.0,1.0,0.017
192.0,attacker[2],1,0.014,0.0149,0.04698,0.002,0.499833,0.636667,1.0,0.179033,1.0,0.025
876.0,attacker[2],1,0.0,0.0,0.0,0.0,0.5,1.0,0.0,0.0,0.0,0.0
1087.0,ue[3],0,0.0,0.0,0.0,0.0,0.5,1.0,0.0,0.0,0.0,0.0
777.0,ue[0],0,0.0,0.0,0.0,0.0,0.5,1.0,0.0,0.0,0.0,0.014
1075.0,attacker[0],1,0.0,0.0,0.0,0.0,0.5,1.0,0.0,0.0,0.0,0.0
452.0,ue[1],0,0.0,0.0,0.0,0.0,0.5,1.0,0.0,0.0,0.0,0.022
1218.0,ue[1],0,0.0,0.0,0.0,0.0,0.5,1.0,0.0,0.0,0.0,0.0
1372.0,ue[4],0,0.0,0.0,0.0,0.0,0.5,1.0,0.0,0.0,0.0,0.0
1140.0,ue[2],0,0.0,0.0,0.0,0.0,0.5,1.0,0.0,0.0,0.0,0.0
1150.0,attacker[2],1,0.0,0.0,0.0,0.0,0.5,1.0,0.0,0.0,0.0,0.0
407.0,ue[4],0,0.0,0.0,0.0,0.0,0.5,1.0,0.0,0.0,0.0,0.019
1479.0,attacker[2],1,0.0,0.0,0.0,0.0,0.5,1.0,0.0,0.0,0.0,0.0
1322.0,ue[3],0,0.0,0.0,0.0,0.0,0.5,1.0,0.0,0.0,0.0,0.0
1292.0,ue[0],0,0.0,0.0,0.0,0.0,0.5,1.0,0.0,0.0,0.0,0.0
1318.0,ue[4],0,0.0,0.0,0.0,0.0,0.5,1.0,0.0,0.0,0.0,0.0
472.0,ue[2],0,0.0,0.0,0.0,0.0,0.5,1.0,0.0,0.0,0.0,0.02
860.0,attacker[0],1,0.0,0.0,0.0,0.0,0.5,1.0,0.0,0.0,0.0,0.0
921.0,ue[1],0,0.0,0.0,0.0,0.0,0.5,1.0,0.0,0.0,0.0,0.0
684.0,ue[0],0,0.0,0.0,0.0,0.0,0.5,1.0,0.0,0.0,0.0,0.022
964.0,ue[3],0,0.0,0.0,0.0,0.0,0.5,1.0,0.0,0.0,0.0,0.0
1277.0,ue[2],0,0.0,0.0,0.0,0.0,0.5,1.0,0.0,0.0,0.0,0.0
147.0,ue[3],0,0.01,0.0109,0.045872,0.002,0.499167,0.486667,1.0,0.0,1.0,0.017
861.0,ue[2],0,0.0,0.0,0.0,0.0,0.5,1.0,0.0,0.0,0.0,0.0
135.0,ue[4],0,0.008,0.0095,0.042105,0.002,0.500833,0.446667,1.0,0.0,1.0,0.019
406.0,ue[3],0,0.0,0.0,0.0,0.0,0.5,1.0,0.0,0.0,0.0,0.018
1268.0,ue[3],0,0.0,0.0,0.0,0.0,0.5,1.0,0.0,0.0,0.0,0.0
1426.0,ue[2],0,0.0,0.0,0.0,0.0,0.5,1.0,0.0,0.0,0.0,0.0
390.0,attacker[0],1,0.0,0.0,0.0,0.0,0.5,1.0,0.0,0.0,0.0,0.03
124.0,attacker[1],1,0.02,0.0177,0.056497,0.006,0.499833,0.41,1.0,0.227357,1.0,0.029
854.0,ue[0],0,0.0,0.0,0.0,0.0,0.5,1.0,0.0,0.0,0.0,0.0
113.0,attacker[1],1,0.015,0.0155,0.048387,0.002,0.5,0.373333,1.0,0.176601,1.0,0.029
752.0,ue[4],0,0.0,0.0,0.0,0.0,0.5,1.0,0.0,0.0,0.0,0.018
401.0,ue[3],0,0.0,0.0,0.0,0.0,0.5,1.0,0.0,0.0,0.0,0.018
221.0,attacker[0],1,0.017,0.0175,0.048571,0.001,0.49975,0.733333,1.0,0.238633,1.0,0.027
274.0,attacker[1],1,0.016,0.0173,0.046243,0.002,0.5,0.91,1.0,0.275927,1.0,0.029
1486.0,ue[3],0,0.0,0.0,0.0,0.0,0.5,1.0,0.0,0.0,0.0,0.0
714.0,ue[4],0,0.0,0.0,0.0,0.0,0.5,1.0,0.0,0.0,0.0,0.018
361.0,ue[3],0,0.0,0.0,0.0,0.0,0.5,1.0,0.0,0.0,0.0,0.018
119.0,ue[0],0,0.01,0.0092,0.054348,0.001,0.500083,0.393333,1.0,0.0,1.0,0.018
86.0,ue[3],0,0.012,0.0119,0.05042,0.003,0.499917,0.283333,1.0,0.016064,1.0,0.016
1113.0,ue[1],0,0.0,0.0,0.0,0.0,0.5,1.0,0.0,0.0,0.0,0.0
424.0,ue[2],0,0.0,0.0,0.0,0.0,0.5,1.0,0.0,0.0,0.0,0.02
761.0,ue[2],0,0.0,0.0,0.0,0.0,0.5,1.0,0.0,0.0,0.0,0.013
1440.0,ue[0],0,0.0,0.0,0.0,0.0,0.5,1.0,0.0,0.0,0.0,0.0
1497.0,attacker[1],1,0.0,0.0,0.0,0.0,0.5,1.0,0.0,0.0,0.0,0.0
644.0,ue[1],0,0.0,0.0,0.0,0.0,0.5,1.0,0.0,0.0,0.0,0.02
708.0,ue[0],0,0.0,0.0,0.0,0.0,0.5,1.0,0.0,0.0,0.0,0.022
1271.0,ue[4],0,0.0,0.0,0.0,0.0,0.5,1.0,0.0,0.0,0.0,0.0
314.0,attacker[0],1,0.0,0.0,0.0,0.0,0.5,1.0,0.333333,0.0,0.0,0.03
1053.0,ue[1],0,0.0,0.0,0.0,0.0,0.5,1.0,0.0,0.0,0.0,0.0
1104.0,attacker[1],1,0.0,0.0,0.0,0.0,0.5,1.0,0.0,0.0,0.0,0.0
58.0,attacker[2],1,0.011,0.0152,0.036184,0.004,0.4975,0.19,1.0,0.064509,1.0,0.025
54.0,attacker[1],1,0.017,0.0153,0.055556,0.005,0.500083,0.176667,1.0,0.23816,1.0,0.029
247.0,ue[4],0,0.009,0.01,0.045,0.001,0.499583,0.82,1.0,0.0,1.0,0.019
1059.0,attacker[1],1,0.0,0.0,0.0,0.0,0.5,1.0,0.0,0.0,0.0,0.0
690.0,attacker[0],1,0.0,0.0,0.0,0.0,0.5,1.0,0.0,0.0,0.0,0.03
25.0,attacker[1],1,0.021,0.0179,0.058659,0.002,0.501,0.08,0.961538,0.210522,0.833333,0.029
1107.0,ue[2],0,0.0,0.0,0.0,0.0,0.5,1.0,0.0,0.0,0.0,0.0
368.0,ue[0],0,0.0,0.0,0.0,0.0,0.5,1.0,0.0,0.0,0.0,0.022
1429.0,ue[2],0,0.0,0.0,0.0,0.0,0.5,1.0,0.0,0.0,0.0,0.0
1078.0,ue[4],0,0.0,0.0,0.0,0.0,0.5,1.0,0.0,0.0,0.0,0.0
812.0,attacker[0],1,0.0,0.0,0.0,0.0,0.5,1.0,0.0,0.0,0.0,0.0
263.0,attacker[0],1,0.018,0.0168,0.053571,0.001,0.500083,0.873333,1.0,0.228819,1.0,0.027
205.0,attacker[0],1,0.017,0.016,0.053125,0.004,0.497833,0.68,1.0,0.30924,1.0,0.027
814.0,attacker[0],1,0.0,0.0,0.0,0.0,0.5,1.0,0.0,0.0,0.0,0.0
975.0,attacker[1],1,0.0,0.0,0.0,0.0,0.5,1.0,0.0,0.0,0.0,0.0
69.0,ue[2],0,0.004,0.0113,0.017699,0.004,0.495333,0.226667,1.0,0.0,1.0,0.018
544.0,attacker[1],1,0.0,0.0,0.0,0.0,0.5,1.0,0.0,0.0,0.0,0.029
276.0,ue[4],0,0.008,0.0104,0.038462,0.006,0.500667,0.916667,1.0,0.0,1.0,0.019
1215.0,attacker[1],1,0.0,0.0,0.0,0.0,0.5,1.0,0.0,0.0,0.0,0.0
680.0,attacker[0],1,0.0,0.0,0.0,0.0,0.5,1.0,0.0,0.0,0.0,0.03
1318.0,attacker[1],1,0.0,0.0,0.0,0.0,0.5,1.0,0.0,0.0,0.0,0.0
339.0,attacker[2],1,0.0,0.0,0.0,0.0,0.5,1.0,0.0,0.0,0.0,0.03
759.0,attacker[0],1,0.0,0.0,0.0,0.0,0.5,1.0,0.0,0.0,0.0,0.03
309.0,attacker[1],1,0.0,0.0,0.0,0.0,0.5,1.0,0.5,0.0,0.0,0.029
857.0,attacker[0],1,0.0,0.0,0.0,0.0,0.5,1.0,0.0,0.0,0.0,0.0
741.0,attacker[2],1,0.0,0.0,0.0,0.0,0.5,1.0,0.0,0.0,0.0,0.026
679.0,attacker[0],1,0.0,0.0,0.0,0.0,0.5,1.0,0.0,0.0,0.0,0.03
844.0,attacker[1],1,0.0,0.0,0.0,0.0,0.5,1.0,0.0,0.0,0.0,0.0
117.0,ue[2],0,0.013,0.0103,0.063107,0.004,0.500167,0.386667,1.0,0.0,1.0,0.018
1454.0,attacker[1],1,0.0,0.0,0.0,0.0,0.5,1.0,0.0,0.0,0.0,0.0
1039.0,ue[3],0,0.0,0.0,0.0,0.0,0.5,1.0,0.0,0.0,0.0,0.0
164.0,ue[3],0,0.011,0.0108,0.050926,0.003,0.499917,0.543333,1.0,0.0,1.0,0.017
407.0,ue[1],0,0.0,0.0,0.0,0.0,0.5,1.0,0.0,0.0,0.0,0.022
1096.0,ue[0],0,0.0,0.0,0.0,0.0,0.5,1.0,0.0,0.0,0.0,0.0
362.0,ue[4],0,0.0,0.0,0.0,0.0,0.5,1.0,0.0,0.0,0.0,0.019
509.0,attacker[1],1,0.0,0.0,0.0,0.0,0.5,1.0,0.0,0.0,0.0,0.029
758.0,ue[2],0,0.0,0.0,0.0,0.0,0.5,1.0,0.0,0.0,0.0,0.013
301.0,ue[1],0,0.0,0.0037,0.0,0.0,0.5,1.0,0.766667,0.0,0.0,0.022
907.0,ue[2],0,0.0,0.0,0.0,0.0,0.5,1.0,0.0,0.0,0.0,0.0
688.0,ue[3],0,0.0,0.0,0.0,0.0,0.5,1.0,0.0,0.0,0.0,0.018
388.0,ue[3],0,0.0,0.0,0.0,0.0,0.5,1.0,0.0,0.0,0.0,0.018
1135.0,ue[1],0,0.0,0.0,0.0,0.0,0.5,1.0,0.0,0.0,0.0,0.0
1032.0,attacker[0],1,0.0,0.0,0.0,0.0,0.5,1.0,0.0,0.0,0.0,0.0
380.0,attacker[2],1,0.0,0.0,0.0,0.0,0.5,1.0,0.0,0.0,0.0,0.03
1285.0,ue[3],0,0.0,0.0,0.0,0.0,0.5,1.0,0.0,0.0,0.0,0.0
1045.0,attacker[2],1,0.0,0.0,0.0,0.0,0.5,1.0,0.0,0.0,0.0,0.0
1067.0,ue[3],0,0.0,0.0,0.0,0.0,0.5,1.0,0.0,0.0,0.0,0.0
1347.0,attacker[0],1,0.0,0.0,0.0,0.0,0.5,1.0,0.0,0.0,0.0,0.0
484.0,ue[0],0,0.0,0.0,0.0,0.0,0.5,1.0,0.0,0.0,0.0,0.022
633.0,attacker[0],1,0.0,0.0,0.0,0.0,0.5,1.0,0.0,0.0,0.0,0.03
1430.0,ue[2],0,0.0,0.0,0.0,0.0,0.5,1.0,0.0,0.0,0.0,0.0
1439.0,ue[4],0,0.0,0.0,0.0,0.0,0.5,1.0,0.0,0.0,0.0,0.0
1365.0,attacker[2],1,0.0,0.0,0.0,0.0,0.5,1.0,0.0,0.0,0.0,0.0
1322.0,ue[2],0,0.0,0.0,0.0,0.0,0.5,1.0,0.0,0.0,0.0,0.0
1415.0,attacker[1],1,0.0,0.0,0.0,0.0,0.5,1.0,0.0,0.0,0.0,0.0
1406.0,attacker[0],1,0.0,0.0,0.0,0.0,0.5,1.0,0.0,0.0,0.0,0.0
543.0,ue[4],0,0.0,0.0,0.0,0.0,0.5,1.0,0.0,0.0,0.0,0.019
663.0,ue[3],0,0.0,0.0,0.0,0.0,0.5,1.0,0.0,0.0,0.0,0.018
1093.0,ue[1],0,0.0,0.0,0.0,0.0,0.5,1.0,0.0,0.0,0.0,0.0
458.0,attacker[1],1,0.0,0.0,0.0,0.0,0.5,1.0,0.0,0.0,0.0,0.029
781.0,ue[1],0,0.0,0.0,0.0,0.0,0.5,1.0,0.0,0.0,0.0,0.018
1385.0,ue[0],0,0.0,0.0,0.0,0.0,0.5,1.0,0.0,0.0,0.0,0.0
1329.0,ue[3],0,0.0,0.0,0.0,0.0,0.5,1.0,0.0,0.0,0.0,0.0
1106.0,ue[0],0,0.0,0.0,0.0,0.0,0.5,1.0,0.0,0.0,0.0,0.0
1005.0,attacker[1],1,0.0,0.0,0.0,0.0,0.5,1.0,0.0,0.0,0.0,0.0
269.0,attacker[2],1,0.023,0.017,0.067647,0.01,0.500667,0.893333,1.0,0.287326,1.0,0.03
677.0,ue[2],0,0.0,0.0,0.0,0.0,0.5,1.0,0.0,0.0,0.0,0.02
40.0,ue[0],0,0.01,0.0113,0.044248,0.004,0.4995,0.13,1.0,0.0,1.0,0.018
1107.0,ue[3],0,0.0,0.0,0.0,0.0,0.5,1.0,0.0,0.0,0.0,0.0
1252.0,ue[4],0,0.0,0.0,0.0,0.0,0.5,1.0,0.0,0.0,0.0,0.0
90.0,attacker[1],1,0.027,0.0171,0.078947,0.011,0.50275,0.296667,1.0,0.455445,1.0,0.029
526.0,attacker[1],1,0.0,0.0,0.0,0.0,0.5,1.0,0.0,0.0,0.0,0.029
111.0,ue[1],0,0.007,0.0091,0.038462,0.001,0.498583,0.366667,1.0,0.0,1.0,0.022
96.0,ue[4],0,0.016,0.0097,0.082474,0.008,0.501333,0.316667,1.0,0.196627,1.0,0.019
1332.0,attacker[2],1,0.0,0.0,0.0,0.0,0.5,1.0,0.0,0.0,0.0,0.0
1176.0,attacker[2],1,0.0,0.0,0.0,0.0,0.5,1.0,0.0,0.0,0.0,0.0
901.0,ue[2],0,0.0,0.0,0.0,0.0,0.5,1.0,0.0,0.0,0.0,0.0
308.0,attacker[0],1,0.0,0.0,0.0,0.0,0.5,1.0,0.533333,0.0,0.0,0.03
496.0,ue[0],0,0.0,0.0,0.0,0.0,0.5,1.0,0.0,0.0,0.0,0.022
1225.0,ue[3],0,0.0,0.0,0.0,0.0,0.5,1.0,0.0,0.0,0.0,0.0
95.0,attacker[1],1,0.024,0.0179,0.067039,0.01,0.501167,0.313333,1.0,0.320903,1.0,0.029
1272.0,ue[3],0,0.0,0.0,0.0,0.0,0.5,1.0,0.0,0.0,0.0,0.0
725.0,ue[1],0,0.0,0.0,0.0,0.0,0.5,1.0,0.0,0.0,0.0,0.018
98.0,attacker[0],1,0.016,0.0149,0.053691,0.004,0.501833,0.323333,1.0,0.159117,1.0,0.027
1354.0,ue[0],0,0.0,0.0,0.0,0.0,0.5,1.0,0.0,0.0,0.0,0.0
766.0,ue[0],0,0.0,0.0,0.0,0.0,0.5,1.0,0.0,0.0,0.0,0.022
843.0,attacker[2],1,0.0,0.0,0.0,0.0,0.5,1.0,0.0,0.0,0.0,0.0
970.0,ue[0],0,0.0,0.0,0.0,0.0,0.5,1.0,0.0,0.0,0.0,0.0
463.0,ue[4],0,0.0,0.0,0.0,0.0,0.5,1.0,0.0,0.0,0.0,0.019
1122.0,ue[0],0,0.0,0.0,0.0,0.0,0.5,1.0,0.0,0.0,0.0,0.0
1352.0,ue[4],0,0.0,0.0,0.0,0.0,0.5,1.0,0.0,0.0,0.0,0.0
891.0,ue[4],0,0.0,0.0,0.0,0.0,0.5,1.0,0.0,0.0,0.0,0.0
991.0,ue[4],0,0.0,0.0,0.0,0.0,0.5,1.0,0.0,0.0,0.0,0.0
5.0,ue[4],0,0.01,0.012,0.041667,0.004,0.5,0.013333,1.0,0.0,0.2,0.019
997.0,ue[1],0,0.0,0.0,0.0,0.0,0.5,1.0,0.0,0.0,0.0,0.0
1408.0,ue[1],0,0.0,0.0,0.0,0.0,0.5,1.0,0.0,0.0,0.0,0.0
182.0,ue[2],0,0.011,0.01,0.055,0.003,0.499083,0.603333,1.0,0.0,1.0,0.018
1471.0,ue[3],0,0.0,0.0,0.0,0.0,0.5,1.0,0.0,0.0,0.0,0.0
1366.0,attacker[2],1,0.0,0.0,0.0,0.0,0.5,1.0,0.0,0.0,0.0,0.0
626.0,ue[2],0,0.0,0.0,0.0,0.0,0.5,1.0,0.0,0.0,0.0,0.02
599.0,ue[4],0,0.0,0.0,0.0,0.0,0.5,1.0,0.0,0.0,0.0,0.019
55.0,ue[1],0,0.006,0.0115,0.026087,0.001,0.497083,0.18,1.0,0.0,1.0,0.022
379.0,ue[2],0,0.0,0.0,0.0,0.0,0.5,1.0,0.0,0.0,0.0,0.02
421.0,ue[1],0,0.0,0.0,0.0,0.0,0.5,1.0,0.0,0.0,0.0,0.022
874.0,attacker[2],1,0.0,0.0,0.0,0.0,0.5,1.0,0.0,0.0,0.0,0.0
601.0,ue[1],0,0.0,0.0,0.0,0.0,0.5,1.0,0.0,0.0,0.0,0.02
783.0,attacker[1],1,0.0,0.0,0.0,0.0,0.5,1.0,0.0,0.0,0.0,0.025
158.0,ue[3],0,0.011,0.0102,0.053922,0.003,0.501583,0.523333,1.0,0.0,1.0,0.017
1132.0,attacker[0],1,0.0,0.0,0.0,0.0,0.5,1.0,0.0,0.0,0.0,0.0
917.0,ue[2],0,0.0,0.0,0.0,0.0,0.5,1.0,0.0,0.0,0.0,0.0
70.0,ue[2],0,0.008,0.0114,0.035088,0.004,0.496833,0.23,1.0,0.0,1.0,0.018
324.0,ue[0],0,0.0,0.0,0.0,0.0,0.5,1.0,0.0,0.0,0.0,0.022
198.0,ue[2],0,0.003,0.0087,0.017241,0.009,0.49825,0.656667,1.0,0.0,1.0,0.018
988.0,attacker[1],1,0.0,0.0,0.0,0.0,0.5,1.0,0.0,0.0,0.0,0.0
786.0,ue[4],0,0.0,0.0,0.0,0.0,0.5,1.0,0.0,0.0,0.0,0.018
536.0,attacker[1],1,0.0,0.0,0.0,0.0,0.5,1.0,0.0,0.0,0.0,0.029
162.0,ue[4],0,0.009,0.0098,0.045918,0.005,0.497083,0.536667,1.0,0.0,1.0,0.019
104.0,ue[2],0,0.006,0.009,0.033333,0.005,0.498083,0.343333,1.0,0.0,1.0,0.018
978.0,ue[1],0,0.0,0.0,0.0,0.0,0.5,1.0,0.0,0.0,0.0,0.0
1254.0,ue[2],0,0.0,0.0,0.0,0.0,0.5,1.0,0.0,0.0,0.0,0.0
719.0,attacker[1],1,0.0,0.0,0.0,0.0,0.5,1.0,0.0,0.0,0.0,0.025
107.0,attacker[0],1,0.015,0.0164,0.045732,0.0,0.497833,0.353333,1.0,0.131122,1.0,0.027
1151.0,attacker[2],1,0.0,0.0,0.0,0.0,0.5,1.0,0.0,0.0,0.0,0.0
1092.0,attacker[2],1,0.0,0.0,0.0,0.0,0.5,1.0,0.0,0.0,0.0,0.0
524.0,attacker[2],1,0.0,0.0,0.0,0.0,0.5,1.0,0.0,0.0,0.0,0.03
69.0,attacker[2],1,0.024,0.0183,0.065574,0.003,0.500917,0.226667,1.0,0.415987,1.0,0.025
364.0,ue[0],0,0.0,0.0,0.0,0.0,0.5,1.0,0.0,0.0,0.0,0.022
782.0,ue[3],0,0.0,0.0,0.0,0.0,0.5,1.0,0.0,0.0,0.0,0.014
772.0,ue[4],0,0.0,0.0,0.0,0.0,0.5,1.0,0.0,0.0,0.0,0.018
1157.0,ue[3],0,0.0,0.0,0.0,0.0,0.5,1.0,0.0,0.0,0.0,0.0
69.0,ue[3],0,0.009,0.0098,0.045918,0.0,0.499333,0.226667,1.0,0.0,1.0,0.015
278.0,ue[4],0,0.009,0.01,0.045,0.003,0.498417,0.923333,1.0,0.0,1.0,0.019
572.0,attacker[0],1,0.0,0.0,0.0,0.0,0.5,1.0,0.0,0.0,0.0,0.03
229.0,ue[4],0,0.01,0.0085,0.058824,0.003,0.501583,0.76,1.0,0.0,1.0,0.019
743.0,ue[4],0,0.0,0.0,0.0,0.0,0.5,1.0,0.0,0.0,0.0,0.018
1448.0,ue[1],0,0.0,0.0,0.0,0.0,0.5,1.0,0.0,0.0,0.0,0.0
664.0,ue[0],0,0.0,0.0,0.0,0.0,0.5,1.0,0.0,0.0,0.0,0.022
433.0,ue[2],0,0.0,0.0,0.0,0.0,0.5,1.0,0.0,0.0,0.0,0.02
744.0,ue[1],0,0.0,0.0,0.0,0.0,0.5,1.0,0.0,0.0,0.0,0.018
1376.0,ue[1],0,0.0,0.0,0.0,0.0,0.5,1.0,0.0,0.0,0.0,0.0
908.0,ue[1],0,0.0,0.0,0.0,0.0,0.5,1.0,0.0,0.0,0.0,0.0
600.0,attacker[0],1,0.0,0.0,0.0,0.0,0.5,1.0,0.0,0.0,0.0,0.03
284.0,attacker[1],1,0.013,0.015,0.043333,0.001,0.49875,0.943333,1.0,0.113796,1.0,0.029
947.0,ue[4],0,0.0,0.0,0.0,0.0,0.5,1.0,0.0,0.0,0.0,0.0
463.0,attacker[0],1,0.0,0.0,0.0,0.0,0.5,1.0,0.0,0.0,0.0,0.03
56.0,attacker[2],1,0.019,0.0169,0.056213,0.004,0.501333,0.183333,1.0,0.288675,1.0,0.025
796.0,attacker[1],1,0.0,0.0,0.0,0.0,0.5,1.0,0.0,0.0,0.0,0.0
724.0,ue[4],0,0.0,0.0,0.0,0.0,0.5,1.0,0.0,0.0,0.0,0.018
482.0,ue[1],0,0.0,0.0,0.0,0.0,0.5,1.0,0.0,0.0,0.0,0.022
520.0,ue[3],0,0.0,0.0,0.0,0.0,0.5,1.0,0.0,0.0,0.0,0.018
1029.0,attacker[1],1,0.0,0.0,0.0,0.0,0.5,1.0,0.0,0.0,0.0,0.0
1385.0,ue[4],0,0.0,0.0,0.0,0.0,0.5,1.0,0.0,0.0,0.0,0.0
88.0,ue[3],0,0.009,0.0108,0.041667,0.003,0.498417,0.29,1.0,0.0,1.0,0.016
1364.0,ue[0],0,0.0,0.0,0.0,0.0,0.5,1.0,0.0,0.0,0.0,0.0
1052.0,ue[0],0,0.0,0.0,0.0,0.0,0.5,1.0,0.0,0.0,0.0,0.0
654.0,ue[3],0,0.0,0.0,0.0,0.0,0.5,1.0,0.0,0.0,0.0,0.018
862.0,ue[4],0,0.0,0.0,0.0,0.0,0.5,1.0,0.0,0.0,0.0,0.0
924.0,attacker[2],1,0.0,0.0,0.0,0.0,0.5,1.0,0.0,0.0,0.0,0.0
1063.0,attacker[1],1,0.0,0.0,0.0,0.0,0.5,1.0,0.0,0.0,0.0,0.0
768.0,ue[1],0,0.0,0.0,0.0,0.0,0.5,1.0,0.0,0.0,0.0,0.018
1378.0,attacker[0],1,0.0,0.0,0.0,0.0,0.5,1.0,0.0,0.0,0.0,0.0
218.0,ue[4],0,0.01,0.01,0.05,0.002,0.4995,0.723333,1.0,0.0,1.0,0.019
901.0,ue[3],0,0.0,0.0,0.0,0.0,0.5,1.0,0.0,0.0,0.0,0.0
663.0,ue[1],0,0.0,0.0,0.0,0.0,0.5,1.0,0.0,0.0,0.0,0.018
772.0,ue[0],0,0.0,0.0,0.0,0.0,0.5,1.0,0.0,0.0,0.0,0.014
1394.0,ue[3],0,0.0,0.0,0.0,0.0,0.5,1.0,0.0,0.0,0.0,0.0
639.0,attacker[1],1,0.0,0.0,0.0,0.0,0.5,1.0,0.0,0.0,0.0,0.025
1234.0,ue[2],0,0.0,0.0,0.0,0.0,0.5,1.0,0.0,0.0,0.0,0.0
1266.0,attacker[0],1,0.0,0.0,0.0,0.0,0.5,1.0,0.0,0.0,0.0,0.0
1074.0,attacker[1],1,0.0,0.0,0.0,0.0,0.5,1.0,0.0,0.0,0.0,0.0
532.0,ue[0],0,0.0,0.0,0.0,0.0,0.5,1.0,0.0,0.0,0.0,0.022
522.0,ue[3],0,0.0,0.0,0.0,0.0,0.5,1.0,0.0,0.0,0.0,0.018
517.0,ue[2],0,0.0,0.0,0.0,0.0,0.5,1.0,0.0,0.0,0.0,0.02
507.0,ue[3],0,0.0,0.0,0.0,0.0,0.5,1.0,0.0,0.0,0.0,0.018
407.0,attacker[2],1,0.0,0.0,0.0,0.0,0.5,1.0,0.0,0.0,0.0,0.03
168.0,ue[1],0,0.006,0.0091,0.032967,0.0,0.498,0.556667,1.0,0.0,1.0,0.022
817.0,attacker[1],1,0.0,0.0,0.0,0.0,0.5,1.0,0.0,0.0,0.0,0.0
34.0,ue[2],0,0.005,0.0103,0.024272,0.002,0.496333,0.11,1.0,0.0,1.0,0.018
446.0,attacker[0],1,0.0,0.0,0.0,0.0,0.5,1.0,0.0,0.0,0.0,0.03
45.0,ue[0],0,0.005,0.0117,0.021368,0.012,0.500167,0.146667,1.0,0.0,1.0,0.018
1367.0,ue[0],0,0.0,0.0,0.0,0.0,0.5,1.0,0.0,0.0,0.0,0.0
1357.0,ue[1],0,0.0,0.0,0.0,0.0,0.5,1.0,0.0,0.0,0.0,0.0
1284.0,ue[2],0,0.0,0.0,0.0,0.0,0.5,1.0,0.0,0.0,0.0,0.0
902.0,attacker[0],1,0.0,0.0,0.0,0.0,0.5,1.0,0.0,0.0,0.0,0.0
312.0,attacker[1],1,0.0,0.0,0.0,0.0,0.5,1.0,0.4,0.0,0.0,0.029
169.0,ue[4],0,0.014,0.0101,0.069307,0.007,0.499583,0.56,1.0,0.134508,1.0,0.019
856.0,attacker[0],1,0.0,0.0,0.0,0.0,0.5,1.0,0.0,0.0,0.0,0.0
354.0,attacker[2],1,0.0,0.0,0.0,0.0,0.5,1.0,0.0,0.0,0.0,0.03
902.0,ue[0],0,0.0,0.0,0.0,0.0,0.5,1.0,0.0,0.0,0.0,0.0
716.0,ue[1],0,0.0,0.0,0.0,0.0,0.5,1.0,0.0,0.0,0.0,0.018
1009.0,attacker[1],1,0.0,0.0,0.0,0.0,0.5,1.0,0.0,0.0,0.0,0.0
235.0,ue[4],0,0.009,0.0087,0.051724,0.001,0.500917,0.78,1.0,0.0,1.0,0.019
8.0,attacker[2],1,0.019,0.011444,0.08301,0.005,0.50125,0.023333,0.888889,0.160806,0.266667,0.021
441.0,attacker[1],1,0.0,0.0,0.0,0.0,0.5,1.0,0.0,0.0,0.0,0.029
559.0,attacker[0],1,0.0,0.0,0.0,0.0,0.5,1.0,0.0,0.0,0.0,0.03
281.0,ue[1],0,0.009,0.01,0.045,0.002,0.501,0.933333,1.0,0.0,1.0,0.022
51.0,ue[1],0,0.009,0.0114,0.039474,0.007,0.498917,0.166667,1.0,0.0,1.0,0.022
409.0,attacker[0],1,0.0,0.0,0.0,0.0,0.5,1.0,0.0,0.0,0.0,0.03
1241.0,ue[1],0,0.0,0.0,0.0,0.0,0.5,1.0,0.0,0.0,0.0,0.0
834.0,ue[1],0,0.0,0.0,0.0,0.0,0.5,1.0,0.0,0.0,0.0,0.0
1446.0,attacker[1],1,0.0,0.0,0.0,0.0,0.5,1.0,0.0,0.0,0.0,0.0
71.0,attacker[0],1,0.019,0.017,0.055882,0.004,0.501,0.233333,1.0,0.273205,1.0,0.027
521.0,attacker[2],1,0.0,0.0,0.0,0.0,0.5,1.0,0.0,0.0,0.0,0.03
401.0,ue[2],0,0.0,0.0,0.0,0.0,0.5,1.0,0.0,0.0,0.0,0.02
378.0,ue[3],0,0.0,0.0,0.0,0.0,0.5,1.0,0.0,0.0,0.0,0.018
1043.0,ue[2],0,0.0,0.0,0.0,0.0,0.5,1.0,0.0,0.0,0.0,0.0
1348.0,ue[2],0,0.0,0.0,0.0,0.0,0.5,1.0,0.0,0.0,0.0,0.0
33.0,attacker[2],1,0.021,0.0176,0.059659,0.009,0.499083,0.106667,1.0,0.227456,1.0,0.024
1008.0,ue[2],0,0.0,0.0,0.0,0.0,0.5,1.0,0.0,0.0,0.0,0.0
760.0,attacker[2],1,0.0,0.0,0.0,0.0,0.5,1.0,0.0,0.0,0.0,0.026
1248.0,attacker[0],1,0.0,0.0,0.0,0.0,0.5,1.0,0.0,0.0,0.0,0.0
66.0,ue[4],0,0.011,0.0087,0.063218,0.001,0.50225,0.216667,1.0,0.0,1.0,0.019
1028.0,attacker[0],1,0.0,0.0,0.0,0.0,0.5,1.0,0.0,0.0,0.0,0.0
1139.0,ue[2],0,0.0,0.0,0.0,0.0,0.5,1.0,0.0,0.0,0.0,0.0
1222.0,ue[4],0,0.0,0.0,0.0,0.0,0.5,1.0,0.0,0.0,0.0,0.0
95.0,ue[1],0,0.005,0.0104,0.024038,0.001,0.497583,0.313333,1.0,0.0,1.0,0.022
46.0,ue[3],0,0.013,0.0111,0.058559,0.004,0.499333,0.15,1.0,0.004556,1.0,0.015
470.0,ue[0],0,0.0,0.0,0.0,0.0,0.5,1.0,0.0,0.0,0.0,0.022
303.0,attacker[1],1,0.0,0.0025,0.0,0.0,0.5,1.0,0.7,0.0,0.0,0.029
327.0,ue[4],0,0.0,0.0,0.0,0.0,0.5,1.0,0.0,0.0,0.0,0.019
368.0,ue[4],0,0.0,0.0,0.0,0.0,0.5,1.0,0.0,0.0,0.0,0.019
653.0,ue[2],0,0.0,0.0,0.0,0.0,0.5,1.0,0.0,0.0,0.0,0.02
301.0,attacker[2],1,0.0,0.0043,0.0,0.0,0.5,1.0,0.766667,0.0,0.0,0.03
1261.0,ue[4],0,0.0,0.0,0.0,0.0,0.5,1.0,0.0,0.0,0.0,0.0
392.0,ue[1],0,0.0,0.0,0.0,0.0,0.5,1.0,0.0,0.0,0.0,0.022
543.0,attacker[2],1,0.0,0.0,0.0,0.0,0.5,1.0,0.0,0.0,0.0,0.03
146.0,ue[2],0,0.008,0.0091,0.043956,0.0,0.498833,0.483333,1.0,0.0,1.0,0.018
1406.0,ue[2],0,0.0,0.0,0.0,0.0,0.5,1.0,0.0,0.0,0.0,0.0
969.0,ue[0],0,0.0,0.0,0.0,0.0,0.5,1.0,0.0,0.0,0.0,0.0
511.0,attacker[2],1,0.0,0.0,0.0,0.0,0.5,1.0,0.0,0.0,0.0,0.03
1196.0,attacker[0],1,0.0,0.0,0.0,0.0,0.5,1.0,0.0,0.0,0.0,0.0
1194.0,ue[3],0,0.0,0.0,0.0,0.0,0.5,1.0,0.0,0.0,0.0,0.0
259.0,ue[0],0,0.01,0.0106,0.04717,0.001,0.49775,0.86,1.0,0.0,1.0,0.018
764.0,attacker[1],1,0.0,0.0,0.0,0.0,0.5,1.0,0.0,0.0,0.0,0.025
856.0,ue[3],0,0.0,0.0,0.0,0.0,0.5,1.0,0.0,0.0,0.0,0.0
767.0,ue[1],0,0.0,0.0,0.0,0.0,0.5,1.0,0.0,0.0,0.0,0.018
92.0,ue[4],0,0.013,0.0089,0.073034,0.005,0.500583,0.303333,1.0,0.0,1.0,0.019
147.0,ue[1],0,0.007,0.0083,0.042169,0.003,0.497417,0.486667,1.0,0.0,1.0,0.022
1042.0,ue[0],0,0.0,0.0,0.0,0.0,0.5,1.0,0.0,0.0,0.0,0.0
749.0,attacker[0],1,0.0,0.0,0.0,0.0,0.5,1.0,0.0,0.0,0.0,0.03
697.0,ue[4],0,0.0,0.0,0.0,0.0,0.5,1.0,0.0,0.0,0.0,0.018
1264.0,ue[3],0,0.0,0.0,0.0,0.0,0.5,1.0,0.0,0.0,0.0,0.0
989.0,ue[2],0,0.0,0.0,0.0,0.0,0.5,1.0,0.0,0.0,0.0,0.0
1210.0,ue[0],0,0.0,0.0,0.0,0.0,0.5,1.0,0.0,0.0,0.0,0.0
384.0,ue[4],0,0.0,0.0,0.0,0.0,0.5,1.0,0.0,0.0,0.0,0.019
1483.0,ue[3],0,0.0,0.0,0.0,0.0,0.5,1.0,0.0,0.0,0.0,0.0
750.0,ue[4],0,0.0,0.0,0.0,0.0,0.5,1.0,0.0,0.0,0.0,0.018
104.0,ue[1],0,0.009,0.0094,0.047872,0.005,0.497917,0.343333,1.0,0.0,1.0,0.022
353.0,attacker[2],1,0.0,0.0,0.0,0.0,0.5,1.0,0.0,0.0,0.0,0.03
1014.0,ue[4],0,0.0,0.0,0.0,0.0,0.5,1.0,0.0,0.0,0.0,0.0
939.0,ue[3],0,0.0,0.0,0.0,0.0,0.5,1.0,0.0,0.0,0.0,0.0
399.0,ue[3],0,0.0,0.0,0.0,0.0,0.5,1.0,0.0,0.0,0.0,0.018
1386.0,ue[2],0,0.0,0.0,0.0,0.0,0.5,1.0,0.0,0.0,0.0,0.0
1083.0,ue[1],0,0.0,0.0,0.0,0.0,0.5,1.0,0.0,0.0,0.0,0.0
1000.0,ue[2],0,0.0,0.0,0.0,0.0,0.5,1.0,0.0,0.0,0.0,0.0
1021.0,ue[0],0,0.0,0.0,0.0,0.0,0.5,1.0,0.0,0.0,0.0,0.0
1053.0,attacker[2],1,0.0,0.0,0.0,0.0,0.5,1.0,0.0,0.0,0.0,0.0
890.0,ue[3],0,0.0,0.0,0.0,0.0,0.5,1.0,0.0,0.0,0.0,0.0
148.0,attacker[0],1,0.023,0.0168,0.068452,0.011,0.50025,0.49,1.0,0.397612,1.0,0.027
169.0,ue[0],0,0.003,0.0102,0.014706,0.011,0.498917,0.56,1.0,0.0,1.0,0.018
903.0,ue[1],0,0.0,0.0,0.0,0.0,0.5,1.0,0.0,0.0,0.0,0.0
853.0,ue[0],0,0.0,0.0,0.0,0.0,0.5,1.0,0.0,0.0,0.0,0.0
1018.0,attacker[0],1,0.0,0.0,0.0,0.0,0.5,1.0,0.0,0.0,0.0,0.0
9.0,attacker[2],1,0.018,0.0121,0.07438,0.001,0.50225,0.026667,0.9,0.183597,0.3,0.021
694.0,attacker[2],1,0.0,0.0,0.0,0.0,0.5,1.0,0.0,0.0,0.0,0.03
607.0,attacker[1],1,0.0,0.0,0.0,0.0,0.5,1.0,0.0,0.0,0.0,0.029
414.0,ue[3],0,0.0,0.0,0.0,0.0,0.5,1.0,0.0,0.0,0.0,0.018
68.0,ue[4],0,0.009,0.0087,0.051724,0.003,0.49925,0.223333,1.0,0.0,1.0,0.019
1171.0,ue[2],0,0.0,0.0,0.0,0.0,0.5,1.0,0.0,0.0,0.0,0.0
180.0,attacker[1],1,0.011,0.0148,0.037162,0.005,0.499417,0.596667,1.0,0.0,1.0,0.029
450.0,ue[2],0,0.0,0.0,0.0,0.0,0.5,1.0,0.0,0.0,0.0,0.02
403.0,attacker[1],1,0.0,0.0,0.0,0.0,0.5,1.0,0.0,0.0,0.0,0.029
1445.0,ue[4],0,0.0,0.0,0.0,0.0,0.5,1.0,0.0,0.0,0.0,0.0
409.0,ue[0],0,0.0,0.0,0.0,0.0,0.5,1.0,0.0,0.0,0.0,0.022
1164.0,attacker[1],1,0.0,0.0,0.0,0.0,0.5,1.0,0.0,0.0,0.0,0.0
208.0,ue[3],0,0.007,0.0101,0.034653,0.005,0.499917,0.69,1.0,0.0,1.0,0.017
792.0,attacker[2],1,0.0,0.0,0.0,0.0,0.5,1.0,0.0,0.0,0.0,0.014
658.0,ue[3],0,0.0,0.0,0.0,0.0,0.5,1.0,0.0,0.0,0.0,0.018
195.0,ue[3],0,0.013,0.0093,0.069892,0.001,0.501917,0.646667,1.0,0.024681,1.0,0.017
601.0,attacker[0],1,0.0,0.0,0.0,0.0,0.5,1.0,0.0,0.0,0.0,0.03
405.0,ue[4],0,0.0,0.0,0.0,0.0,0.5,1.0,0.0,0.0,0.0,0.019
1076.0,ue[3],0,0.0,0.0,0.0,0.0,0.5,1.0,0.0,0.0,0.0,0.0
829.0,ue[0],0,0.0,0.0,0.0,0.0,0.5,1.0,0.0,0.0,0.0,0.0
1061.0,ue[0],0,0.0,0.0,0.0,0.0,0.5,1.0,0.0,0.0,0.0,0.0
1022.0,ue[3],0,0.0,0.0,0.0,0.0,0.5,1.0,0.0,0.0,0.0,0.0
1150.0,attacker[1],1,0.0,0.0,0.0,0.0,0.5,1.0,0.0,0.0,0.0,0.0
199.0,ue[4],0,0.009,0.0115,0.03913,0.005,0.499917,0.66,1.0,0.0,1.0,0.019
878.0,ue[1],0,0.0,0.0,0.0,0.0,0.5,1.0,0.0,0.0,0.0,0.0
1071.0,attacker[1],1,0.0,0.0,0.0,0.0,0.5,1.0,0.0,0.0,0.0,0.0
270.0,ue[2],0,0.007,0.0099,0.035354,0.005,0.49925,0.896667,1.0,0.0,1.0,0.02
1075.0,attacker[2],1,0.0,0.0,0.0,0.0,0.5,1.0,0.0,0.0,0.0,0.0
784.0,attacker[1],1,0.0,0.0,0.0,0.0,0.5,1.0,0.0,0.0,0.0,0.025
891.0,ue[3],0,0.0,0.0,0.0,0.0,0.5,1.0,0.0,0.0,0.0,0.0
1113.0,ue[2],0,0.0,0.0,0.0,0.0,0.5,1.0,0.0,0.0,0.0,0.0
77.0,ue[3],0,0.015,0.0098,0.076531,0.006,0.501,0.253333,1.0,0.097307,1.0,0.016
1015.0,ue[4],0,0.0,0.0,0.0,0.0,0.5,1.0,0.0,0.0,0.0,0.0
450.0,attacker[0],1,0.0,0.0,0.0,0.0,0.5,1.0,0.0,0.0,0.0,0.03
107.0,ue[3],0,0.005,0.0076,0.032895,0.006,0.4995,0.353333,1.0,0.0,1.0,0.017
1148.0,ue[0],0,0.0,0.0,0.0,0.0,0.5,1.0,0.0,0.0,0.0,0.0
9.0,ue[4],0,0.014,0.0116,0.060345,0.008,0.499333,0.026667,1.0,0.0,0.333333,0.019
1445.0,ue[3],0,0.0,0.0,0.0,0.0,0.5,1.0,0.0,0.0,0.0,0.0
1296.0,attacker[2],1,0.0,0.0,0.0,0.0,0.5,1.0,0.0,0.0,0.0,0.0
1.0,attacker[0],1,0.01,0.005,0.1,0.01,0.5,0.0,0.5,0.159724,0.033333,0.01
647.0,ue[1],0,0.0,0.0,0.0,0.0,0.5,1.0,0.0,0.0,0.0,0.02
52.0,ue[4],0,0.008,0.0102,0.039216,0.005,0.499417,0.17,1.0,0.0,1.0,0.019
1363.0,ue[1],0,0.0,0.0,0.0,0.0,0.5,1.0,0.0,0.0,0.0,0.0
1009.0,attacker[0],1,0.0,0.0,0.0,0.0,0.5,1.0,0.0,0.0,0.0,0.0
1459.0,attacker[1],1,0.0,0.0,0.0,0.0,0.5,1.0,0.0,0.0,0.0,0.0
442.0,attacker[1],1,0.0,0.0,0.0,0.0,0.5,1.0,0.0,0.0,0.0,0.029
1031.0,ue[3],0,0.0,0.0,0.0,0.0,0.5,1.0,0.0,0.0,0.0,0.0
627.0,ue[1],0,0.0,0.0,0.0,0.0,0.5,1.0,0.0,0.0,0.0,0.02
677.0,attacker[1],1,0.0,0.0,0.0,0.0,0.5,1.0,0.0,0.0,0.0,0.025
128.0,ue[4],0,0.009,0.0101,0.044554,0.004,0.496333,0.423333,1.0,0.0,1.0,0.019
1012.0,ue[3],0,0.0,0.0,0.0,0.0,0.5,1.0,0.0,0.0,0.0,0.0
149.0,ue[2],0,0.013,0.0102,0.063725,0.004,0.5,0.493333,1.0,0.07783,1.0,0.018
31.0,ue[3],0,0.012,0.0112,0.053571,0.003,0.499083,0.1,1.0,0.0,1.0,0.015
10.0,ue[3],0,0.01,0.0102,0.04902,0.003,0.501083,0.03,1.0,0.0,0.366667,0.014
937.0,ue[0],0,0.0,0.0,0.0,0.0,0.5,1.0,0.0,0.0,0.0,0.0
1407.0,attacker[0],1,0.0,0.0,0.0,0.0,0.5,1.0,0.0,0.0,0.0,0.0
1311.0,attacker[1],1,0.0,0.0,0.0,0.0,0.5,1.0,0.0,0.0,0.0,0.0
221.0,ue[0],0,0.015,0.0103,0.072816,0.009,0.500583,0.733333,1.0,0.126335,1.0,0.018
549.0,ue[2],0,0.0,0.0,0.0,0.0,0.5,1.0,0.0,0.0,0.0,0.02
1452.0,attacker[2],1,0.0,0.0,0.0,0.0,0.5,1.0,0.0,0.0,0.0,0.0
896.0,ue[3],0,0.0,0.0,0.0,0.0,0.5,1.0,0.0,0.0,0.0,0.0
80.0,attacker[1],1,0.019,0.0189,0.050265,0.004,0.502,0.263333,1.0,0.194519,1.0,0.029
1381.0,ue[2],0,0.0,0.0,0.0,0.0,0.5,1.0,0.0,0.0,0.0,0.0
717.0,attacker[2],1,0.0,0.0,0.0,0.0,0.5,1.0,0.0,0.0,0.0,0.03
839.0,ue[2],0,0.0,0.0,0.0,0.0,0.5,1.0,0.0,0.0,0.0,0.0
175.0,ue[4],0,0.006,0.0097,0.030928,0.005,0.499583,0.58,1.0,0.0,1.0,0.019
1392.0,ue[2],0,0.0,0.0,0.0,0.0,0.5,1.0,0.0,0.0,0.0,0.0
1352.0,attacker[2],1,0.0,0.0,0.0,0.0,0.5,1.0,0.0,0.0,0.0,0.0
1010.0,attacker[0],1,0.0,0.0,0.0,0.0,0.5,1.0,0.0,0.0,0.0,0.0
478.0,attacker[2],1,0.0,0.0,0.0,0.0,0.5,1.0,0.0,0.0,0.0,0.03
1482.0,attacker[2],1,0.0,0.0,0.0,0.0,0.5,1.0,0.0,0.0,0.0,0.0
284.0,attacker[0],1,0.011,0.0168,0.032738,0.007,0.497417,0.943333,1.0,0.0,1.0,0.029
591.0,ue[3],0,0.0,0.0,0.0,0.0,0.5,1.0,0.0,0.0,0.0,0.018
957.0,ue[2],0,0.0,0.0,0.0,0.0,0.5,1.0,0.0,0.0,0.0,0.0
507.0,attacker[1],1,0.0,0.0,0.0,0.0,0.5,1.0,0.0,0.0,0.0,0.029
173.0,ue[4],0,0.011,0.0105,0.052381,0.005,0.498583,0.573333,1.0,0.0,1.0,0.019
908.0,attacker[2],1,0.0,0.0,0.0,0.0,0.5,1.0,0.0,0.0,0.0,0.0
1084.0,ue[2],0,0.0,0.0,0.0,0.0,0.5,1.0,0.0,0.0,0.0,0.0
1093.0,ue[0],0,0.0,0.0,0.0,0.0,0.5,1.0,0.0,0.0,0.0,0.0
1282.0,ue[0],0,0.0,0.0,0.0,0.0,0.5,1.0,0.0,0.0,0.0,0.0
1089.0,attacker[2],1,0.0,0.0,0.0,0.0,0.5,1.0,0.0,0.0,0.0,0.0
42.0,ue[0],0,0.01,0.0115,0.043478,0.003,0.49925,0.136667,1.0,0.0,1.0,0.018
127.0,attacker[1],1,0.015,0.0175,0.042857,0.007,0.501583,0.42,1.0,0.160351,1.0,0.029
971.0,attacker[0],1,0.0,0.0,0.0,0.0,0.5,1.0,0.0,0.0,0.0,0.0
667.0,ue[4],0,0.0,0.0,0.0,0.0,0.5,1.0,0.0,0.0,0.0,0.018
1035.0,ue[0],0,0.0,0.0,0.0,0.0,0.5,1.0,0.0,0.0,0.0,0.0
1260.0,ue[3],0,0.0,0.0,0.0,0.0,0.5,1.0,0.0,0.0,0.0,0.0
492.0,attacker[0],1,0.0,0.0,0.0,0.0,0.5,1.0,0.0,0.0,0.0,0.03
1390.0,ue[2],0,0.0,0.0,0.0,0.0,0.5,1.0,0.0,0.0,0.0,0.0
923.0,ue[4],0,0.0,0.0,0.0,0.0,0.5,1.0,0.0,0.0,0.0,0.0
1095.0,ue[2],0,0.0,0.0,0.0,0.0,0.5,1.0,0.0,0.0,0.0,0.0
13.0,attacker[1],1,0.014,0.0185,0.037838,0.01,0.502167,0.04,0.928571,0.103407,0.433333,0.029
1099.0,ue[4],0,0.0,0.0,0.0,0.0,0.5,1.0,0.0,0.0,0.0,0.0
130.0,ue[3],0,0.011,0.0105,0.052381,0.001,0.500083,0.43,1.0,0.0,1.0,0.017
275.0,ue[2],0,0.005,0.0093,0.026882,0.004,0.499,0.913333,1.0,0.0,1.0,0.02
328.0,ue[3],0,0.0,0.0,0.0,0.0,0.5,1.0,0.0,0.0,0.0,0.018
84.0,attacker[2],1,0.011,0.0152,0.036184,0.004,0.497,0.276667,1.0,0.0,1.0,0.025
1278.0,ue[1],0,0.0,0.0,0.0,0.0,0.5,1.0,0.0,0.0,0.0,0.0
493.0,attacker[0],1,0.0,0.0,0.0,0.0,0.5,1.0,0.0,0.0,0.0,0.03
1295.0,ue[3],0,0.0,0.0,0.0,0.0,0.5,1.0,0.0,0.0,0.0,0.0
1310.0,ue[4],0,0.0,0.0,0.0,0.0,0.5,1.0,0.0,0.0,0.0,0.0
1181.0,attacker[2],1,0.0,0.0,0.0,0.0,0.5,1.0,0.0,0.0,0.0,0.0
260.0,attacker[1],1,0.014,0.0166,0.042169,0.006,0.497833,0.863333,1.0,0.039559,1.0,0.029
185.0,ue[3],0,0.011,0.0081,0.067901,0.006,0.5,0.613333,1.0,0.0,1.0,0.017
334.0,attacker[2],1,0.0,0.0,0.0,0.0,0.5,1.0,0.0,0.0,0.0,0.03
880.0,ue[1],0,0.0,0.0,0.0,0.0,0.5,1.0,0.0,0.0,0.0,0.0
1456.0,ue[2],0,0.0,0.0,0.0,0.0,0.5,1.0,0.0,0.0,0.0,0.0
642.0,ue[1],0,0.0,0.0,0.0,0.0,0.5,1.0,0.0,0.0,0.0,0.02
1049.0,ue[2],0,0.0,0.0,0.0,0.0,0.5,1.0,0.0,0.0,0.0,0.0
1143.0,ue[2],0,0.0,0.0,0.0,0.0,0.5,1.0,0.0,0.0,0.0,0.0
657.0,attacker[1],1,0.0,0.0,0.0,0.0,0.5,1.0,0.0,0.0,0.0,0.025
909.0,ue[0],0,0.0,0.0,0.0,0.0,0.5,1.0,0.0,0.0,0.0,0.0
1073.0,attacker[2],1,0.0,0.0,0.0,0.0,0.5,1.0,0.0,0.0,0.0,0.0
268.0,attacker[0],1,0.019,0.0178,0.053371,0.003,0.50025,0.89,1.0,0.251315,1.0,0.027
742.0,attacker[1],1,0.0,0.0,0.0,0.0,0.5,1.0,0.0,0.0,0.0,0.025
594.0,ue[1],0,0.0,0.0,0.0,0.0,0.5,1.0,0.0,0.0,0.0,0.02
785.0,ue[4],0,0.0,0.0,0.0,0.0,0.5,1.0,0.0,0.0,0.0,0.018
898.0,ue[4],0,0.0,0.0,0.0,0.0,0.5,1.0,0.0,0.0,0.0,0.0
1311.0,attacker[0],1,0.0,0.0,0.0,0.0,0.5,1.0,0.0,0.0,0.0,0.0
683.0,attacker[2],1,0.0,0.0,0.0,0.0,0.5,1.0,0.0,0.0,0.0,0.03
592.0,attacker[0],1,0.0,0.0,0.0,0.0,0.5,1.0,0.0,0.0,0.0,0.03
845.0,attacker[0],1,0.0,0.0,0.0,0.0,0.5,1.0,0.0,0.0,0.0,0.0
227.0,ue[4],0,0.006,0.0082,0.036585,0.006,0.5015,0.753333,1.0,0.0,1.0,0.019
1450.0,ue[4],0,0.0,0.0,0.0,0.0,0.5,1.0,0.0,0.0,0.0,0.0
460.0,ue[4],0,0.0,0.0,0.0,0.0,0.5,1.0,0.0,0.0,0.0,0.019
807.0,attacker[0],1,0.0,0.0,0.0,0.0,0.5,1.0,0.0,0.0,0.0,0.0
1470.0,attacker[1],1,0.0,0.0,0.0,0.0,0.5,1.0,0.0,0.0,0.0,0.0
960.0,ue[1],0,0.0,0.0,0.0,0.0,0.5,1.0,0.0,0.0,0.0,0.0
1450.0,ue[0],0,0.0,0.0,0.0,0.0,0.5,1.0,0.0,0.0,0.0,0.0
850.0,ue[2],0,0.0,0.0,0.0,0.0,0.5,1.0,0.0,0.0,0.0,0.0
983.0,attacker[1],1,0.0,0.0,0.0,0.0,0.5,1.0,0.0,0.0,0.0,0.0
1199.0,ue[3],0,0.0,0.0,0.0,0.0,0.5,1.0,0.0,0.0,0.0,0.0
1144.0,attacker[0],1,0.0,0.0,0.0,0.0,0.5,1.0,0.0,0.0,0.0,0.0
93.0,ue[3],0,0.009,0.0099,0.045455,0.001,0.498417,0.306667,1.0,0.0,1.0,0.016
407.0,attacker[1],1,0.0,0.0,0.0,0.0,0.5,1.0,0.0,0.0,0.0,0.029
20.0,ue[1],0,0.013,0.0109,0.059633,0.002,0.502,0.063333,1.0,0.050489,0.7,0.017
1319.0,ue[1],0,0.0,0.0,0.0,0.0,0.5,1.0,0.0,0.0,0.0,0.0
255.0,attacker[2],1,0.012,0.0152,0.039474,0.001,0.497917,0.846667,1.0,0.0,1.0,0.03
79.0,attacker[1],1,0.023,0.0187,0.061497,0.005,0.502083,0.26,1.0,0.445625,1.0,0.029
1469.0,ue[0],0,0.0,0.0,0.0,0.0,0.5,1.0,0.0,0.0,0.0,0.0
1449.0,ue[1],0,0.0,0.0,0.0,0.0,0.5,1.0,0.0,0.0,0.0,0.0
156.0,ue[4],0,0.012,0.0089,0.067416,0.007,0.499417,0.516667,1.0,0.023094,1.0,0.019
840.0,ue[0],0,0.0,0.0,0.0,0.0,0.5,1.0,0.0,0.0,0.0,0.0
686.0,ue[2],0,0.0,0.0,0.0,0.0,0.5,1.0,0.0,0.0,0.0,0.02
1263.0,ue[4],0,0.0,0.0,0.0,0.0,0.5,1.0,0.0,0.0,0.0,0.0
1470.0,attacker[2],1,0.0,0.0,0.0,0.0,0.5,1.0,0.0,0.0,0.0,0.0
569.0,ue[3],0,0.0,0.0,0.0,0.0,0.5,1.0,0.0,0.0,0.0,0.018
537.0,attacker[1],1,0.0,0.0,0.0,0.0,0.5,1.0,0.0,0.0,0.0,0.029
1220.0,ue[4],0,0.0,0.0,0.0,0.0,0.5,1.0,0.0,0.0,0.0,0.0
576.0,ue[1],0,0.0,0.0,0.0,0.0,0.5,1.0,0.0,0.0,0.0,0.02
1177.0,ue[4],0,0.0,0.0,0.0,0.0,0.5,1.0,0.0,0.0,0.0,0.0
1063.0,ue[3],0,0.0,0.0,0.0,0.0,0.5,1.0,0.0,0.0,0.0,0.0
1394.0,attacker[2],1,0.0,0.0,0.0,0.0,0.5,1.0,0.0,0.0,0.0,0.0
151.0,ue[0],0,0.01,0.0112,0.044643,0.0,0.5,0.5,1.0,0.0,1.0,0.018
1279.0,attacker[1],1,0.0,0.0,0.0,0.0,0.5,1.0,0.0,0.0,0.0,0.0
6.0,ue[1],0,0.009,0.009429,0.047727,0.008,0.502167,0.016667,1.0,0.0,0.233333,0.017
1483.0,attacker[1],1,0.0,0.0,0.0,0.0,0.5,1.0,0.0,0.0,0.0,0.0
189.0,ue[2],0,0.009,0.0106,0.042453,0.003,0.499583,0.626667,1.0,0.0,1.0,0.018
928.0,ue[3],0,0.0,0.0,0.0,0.0,0.5,1.0,0.0,0.0,0.0,0.0
924.0,ue[4],0,0.0,0.0,0.0,0.0,0.5,1.0,0.0,0.0,0.0,0.0
1332.0,ue[4],0,0.0,0.0,0.0,0.0,0.5,1.0,0.0,0.0,0.0,0.0
536.0,ue[4],0,0.0,0.0,0.0,0.0,0.5,1.0,0.0,0.0,0.0,0.019
1371.0,ue[2],0,0.0,0.0,0.0,0.0,0.5,1.0,0.0,0.0,0.0,0.0
480.0,attacker[2],1,0.0,0.0,0.0,0.0,0.5,1.0,0.0,0.0,0.0,0.03
527.0,attacker[1],1,0.0,0.0,0.0,0.0,0.5,1.0,0.0,0.0,0.0,0.029
1218.0,attacker[0],1,0.0,0.0,0.0,0.0,0.5,1.0,0.0,0.0,0.0,0.0
1085.0,ue[2],0,0.0,0.0,0.0,0.0,0.5,1.0,0.0,0.0,0.0,0.0
1438.0,attacker[2],1,0.0,0.0,0.0,0.0,0.5,1.0,0.0,0.0,0.0,0.0
1410.0,ue[3],0,0.0,0.0,0.0,0.0,0.5,1.0,0.0,0.0,0.0,0.0
1321.0,attacker[1],1,0.0,0.0,0.0,0.0,0.5,1.0,0.0,0.0,0.0,0.0
1458.0,ue[0],0,0.0,0.0,0.0,0.0,0.5,1.0,0.0,0.0,0.0,0.0
468.0,attacker[0],1,0.0,0.0,0.0,0.0,0.5,1.0,0.0,0.0,0.0,0.03
1352.0,attacker[0],1,0.0,0.0,0.0,0.0,0.5,1.0,0.0,0.0,0.0,0.0
890.0,ue[1],0,0.0,0.0,0.0,0.0,0.5,1.0,0.0,0.0,0.0,0.0
153.0,attacker[0],1,0.011,0.0147,0.037415,0.0,0.499,0.506667,1.0,0.007586,1.0,0.027
600.0,ue[2],0,0.0,0.0,0.0,0.0,0.5,1.0,0.0,0.0,0.0,0.02
295.0,ue[4],0,0.0,0.0105,0.0,0.014,0.497667,0.98,0.966667,0.0,0.0,0.019
1146.0,attacker[1],1,0.0,0.0,0.0,0.0,0.5,1.0,0.0,0.0,0.0,0.0
319.0,ue[1],0,0.0,0.0,0.0,0.0,0.5,1.0,0.166667,0.0,0.0,0.022
1307.0,ue[4],0,0.0,0.0,0.0,0.0,0.5,1.0,0.0,0.0,0.0,0.0
106.0,ue[4],0,0.006,0.0104,0.028846,0.007,0.499917,0.35,1.0,0.0,1.0,0.019
123.0,ue[1],0,0.008,0.0093,0.043011,0.002,0.498167,0.406667,1.0,0.0,1.0,0.022
396.0,attacker[2],1,0.0,0.0,0.0,0.0,0.5,1.0,0.0,0.0,0.0,0.03
1100.0,ue[4],0,0.0,0.0,0.0,0.0,0.5,1.0,0.0,0.0,0.0,0.0
1067.0,attacker[0],1,0.0,0.0,0.0,0.0,0.5,1.0,0.0,0.0,0.0,0.0
409.0,ue[4],0,0.0,0.0,0.0,0.0,0.5,1.0,0.0,0.0,0.0,0.019
1065.0,attacker[0],1,0.0,0.0,0.0,0.0,0.5,1.0,0.0,0.0,0.0,0.0
1038.0,attacker[2],1,0.0,0.0,0.0,0.0,0.5,1.0,0.0,0.0,0.0,0.0
142.0,ue[2],0,0.011,0.0101,0.054455,0.003,0.500583,0.47,1.0,0.0,1.0,0.018
50.0,ue[0],0,0.011,0.0096,0.057292,0.002,0.501333,0.163333,1.0,0.0,1.0,0.018
1025.0,ue[3],0,0.0,0.0,0.0,0.0,0.5,1.0,0.0,0.0,0.0,0.0
207.0,ue[3],0,0.012,0.01,0.06,0.003,0.50075,0.686667,1.0,0.05595,1.0,0.017
774.0,ue[3],0,0.0,0.0,0.0,0.0,0.5,1.0,0.0,0.0,0.0,0.015
565.0,ue[2],0,0.0,0.0,0.0,0.0,0.5,1.0,0.0,0.0,0.0,0.02
810.0,ue[1],0,0.0,0.0,0.0,0.0,0.5,1.0,0.0,0.0,0.0,0.0
412.0,ue[2],0,0.0,0.0,0.0,0.0,0.5,1.0,0.0,0.0,0.0,0.02
271.0,ue[2],0,0.008,0.0099,0.040404,0.001,0.49825,0.9,1.0,0.0,1.0,0.02
404.0,ue[0],0,0.0,0.0,0.0,0.0,0.5,1.0,0.0,0.0,0.0,0.022
12.0,attacker[2],1,0.015,0.0162,0.046296,0.002,0.499167,0.036667,0.923077,0.021567,0.4,0.021
1157.0,ue[1],0,0.0,0.0,0.0,0.0,0.5,1.0,0.0,0.0,0.0,0.0
817.0,ue[3],0,0.0,0.0,0.0,0.0,0.5,1.0,0.0,0.0,0.0,0.0
1076.0,attacker[0],1,0.0,0.0,0.0,0.0,0.5,1.0,0.0,0.0,0.0,0.0
866.0,attacker[0],1,0.0,0.0,0.0,0.0,0.5,1.0,0.0,0.0,0.0,0.0
1381.0,ue[4],0,0.0,0.0,0.0,0.0,0.5,1.0,0.0,0.0,0.0,0.0
617.0,ue[3],0,0.0,0.0,0.0,0.0,0.5,1.0,0.0,0.0,0.0,0.018
648.0,ue[4],0,0.0,0.0,0.0,0.0,0.5,1.0,0.0,0.0,0.0,0.018
955.0,ue[4],0,0.0,0.0,0.0,0.0,0.5,1.0,0.0,0.0,0.0,0.0
1312.0,ue[2],0,0.0,0.0,0.0,0.0,0.5,1.0,0.0,0.0,0.0,0.0
507.0,ue[0],0,0.0,0.0,0.0,0.0,0.5,1.0,0.0,0.0,0.0,0.022
70.0,ue[1],0,0.009,0.0114,0.039474,0.002,0.498833,0.23,1.0,0.0,1.0,0.022
413.0,ue[4],0,0.0,0.0,0.0,0.0,0.5,1.0,0.0,0.0,0.0,0.019
275.0,ue[4],0,0.014,0.0106,0.066038,0.004,0.501333,0.913333,1.0,0.08568,1.0,0.019
1467.0,ue[4],0,0.0,0.0,0.0,0.0,0.5,1.0,0.0,0.0,0.0,0.0
1152.0,attacker[0],1,0.0,0.0,0.0,0.0,0.5,1.0,0.0,0.0,0.0,0.0
40.0,attacker[2],1,0.018,0.0171,0.052632,0.002,0.501,0.13,1.0,0.235811,1.0,0.024
491.0,ue[1],0,0.0,0.0,0.0,0.0,0.5,1.0,0.0,0.0,0.0,0.022
808.0,attacker[1],1,0.0,0.0,0.0,0.0,0.5,1.0,0.0,0.0,0.0,0.0
842.0,ue[0],0,0.0,0.0,0.0,0.0,0.5,1.0,0.0,0.0,0.0,0.0
712.0,ue[3],0,0.0,0.0,0.0,0.0,0.5,1.0,0.0,0.0,0.0,0.018
1236.0,attacker[2],1,0.0,0.0,0.0,0.0,0.5,1.0,0.0,0.0,0.0,0.0
579.0,attacker[0],1,0.0,0.0,0.0,0.0,0.5,1.0,0.0,0.0,0.0,0.03
1188.0,ue[0],0,0.0,0.0,0.0,0.0,0.5,1.0,0.0,0.0,0.0,0.0
1094.0,ue[4],0,0.0,0.0,0.0,0.0,0.5,1.0,0.0,0.0,0.0,0.0
444.0,ue[2],0,0.0,0.0,0.0,0.0,0.5,1.0,0.0,0.0,0.0,0.02
964.0,attacker[2],1,0.0,0.0,0.0,0.0,0.5,1.0,0.0,0.0,0.0,0.0
391.0,ue[1],0,0.0,0.0,0.0,0.0,0.5,1.0,0.0,0.0,0.0,0.022
1408.0,ue[3],0,0.0,0.0,0.0,0.0,0.5,1.0,0.0,0.0,0.0,0.0
893.0,attacker[2],1,0.0,0.0,0.0,0.0,0.5,1.0,0.0,0.0,0.0,0.0
1210.0,attacker[2],1,0.0,0.0,0.0,0.0,0.5,1.0,0.0,0.0,0.0,0.0
1347.0,ue[2],0,0.0,0.0,0.0,0.0,0.5,1.0,0.0,0.0,0.0,0.0
619.0,attacker[2],1,0.0,0.0,0.0,0.0,0.5,1.0,0.0,0.0,0.0,0.03
91.0,attacker[2],1,0.012,0.0146,0.041096,0.0,0.497333,0.3,1.0,0.10695,1.0,0.025
1000.0,attacker[0],1,0.0,0.0,0.0,0.0,0.5,1.0,0.0,0.0,0.0,0.0
488.0,attacker[0],1,0.0,0.0,0.0,0.0,0.5,1.0,0.0,0.0,0.0,0.03
391.0,ue[0],0,0.0,0.0,0.0,0.0,0.5,1.0,0.0,0.0,0.0,0.022
1368.0,attacker[1],1,0.0,0.0,0.0,0.0,0.5,1.0,0.0,0.0,0.0,0.0
894.0,ue[1],0,0.0,0.0,0.0,0.0,0.5,1.0,0.0,0.0,0.0,0.0
1102.0,attacker[1],1,0.0,0.0,0.0,0.0,0.5,1.0,0.0,0.0,0.0,0.0
1175.0,ue[1],0,0.0,0.0,0.0,0.0,0.5,1.0,0.0,0.0,0.0,0.0
1068.0,attacker[0],1,0.0,0.0,0.0,0.0,0.5,1.0,0.0,0.0,0.0,0.0
584.0,ue[1],0,0.0,0.0,0.0,0.0,0.5,1.0,0.0,0.0,0.0,0.02
452.0,ue[2],0,0.0,0.0,0.0,0.0,0.5,1.0,0.0,0.0,0.0,0.02
709.0,ue[3],0,0.0,0.0,0.0,0.0,0.5,1.0,0.0,0.0,0.0,0.018
356.0,attacker[2],1,0.0,0.0,0.0,0.0,0.5,1.0,0.0,0.0,0.0,0.03
581.0,attacker[1],1,0.0,0.0,0.0,0.0,0.5,1.0,0.0,0.0,0.0,0.029
352.0,attacker[0],1,0.0,0.0,0.0,0.0,0.5,1.0,0.0,0.0,0.0,0.03
270.0,ue[1],0,0.008,0.0086,0.046512,0.001,0.498917,0.896667,1.0,0.0,1.0,0.022
9.0,attacker[1],1,0.014,0.0166,0.042169,0.008,0.499167,0.026667,0.9,0.0,0.3,0.029
1477.0,attacker[0],1,0.0,0.0,0.0,0.0,0.5,1.0,0.0,0.0,0.0,0.0
1222.0,ue[1],0,0.0,0.0,0.0,0.0,0.5,1.0,0.0,0.0,0.0,0.0
1236.0,attacker[1],1,0.0,0.0,0.0,0.0,0.5,1.0,0.0,0.0,0.0,0.0
471.0,attacker[0],1,0.0,0.0,0.0,0.0,0.5,1.0,0.0,0.0,0.0,0.03
1464.0,ue[1],0,0.0,0.0,0.0,0.0,0.5,1.0,0.0,0.0,0.0,0.0
73.0,ue[1],0,0.006,0.0098,0.030612,0.007,0.500417,0.24,1.0,0.0,1.0,0.022
724.0,ue[0],0,0.0,0.0,0.0,0.0,0.5,1.0,0.0,0.0,0.0,0.022
219.0,attacker[2],1,0.024,0.018,0.066667,0.006,0.502333,0.726667,1.0,0.435443,1.0,0.025
62.0,ue[0],0,0.003,0.0103,0.014563,0.013,0.50025,0.203333,1.0,0.0,1.0,0.018
1165.0,attacker[0],1,0.0,0.0,0.0,0.0,0.5,1.0,0.0,0.0,0.0,0.0
427.0,ue[1],0,0.0,0.0,0.0,0.0,0.5,1.0,0.0,0.0,0.0,0.022
898.0,ue[2],0,0.0,0.0,0.0,0.0,0.5,1.0,0.0,0.0,0.0,0.0
345.0,ue[1],0,0.0,0.0,0.0,0.0,0.5,1.0,0.0,0.0,0.0,0.022
1280.0,ue[4],0,0.0,0.0,0.0,0.0,0.5,1.0,0.0,0.0,0.0,0.0
1159.0,ue[3],0,0.0,0.0,0.0,0.0,0.5,1.0,0.0,0.0,0.0,0.0
893.0,ue[1],0,0.0,0.0,0.0,0.0,0.5,1.0,0.0,0.0,0.0,0.0
298.0,ue[2],0,0.0,0.0056,0.0,0.0,0.498,0.99,0.866667,0.0,0.0,0.02
60.0,attacker[2],1,0.008,0.0149,0.026846,0.013,0.49975,0.196667,1.0,0.0,1.0,0.025
1392.0,attacker[1],1,0.0,0.0,0.0,0.0,0.5,1.0,0.0,0.0,0.0,0.0
525.0,attacker[0],1,0.0,0.0,0.0,0.0,0.5,1.0,0.0,0.0,0.0,0.03
287.0,attacker[2],1,0.016,0.0189,0.042328,0.009,0.50125,0.953333,1.0,0.10073,1.0,0.03
732.0,ue[1],0,0.0,0.0,0.0,0.0,0.5,1.0,0.0,0.0,0.0,0.018
659.0,ue[1],0,0.0,0.0,0.0,0.0,0.5,1.0,0.0,0.0,0.0,0.018
718.0,attacker[0],1,0.0,0.0,0.0,0.0,0.5,1.0,0.0,0.0,0.0,0.03
195.0,attacker[0],1,0.017,0.0169,0.050296,0.001,0.501083,0.646667,1.0,0.287941,1.0,0.027
1023.0,ue[0],0,0.0,0.0,0.0,0.0,0.5,1.0,0.0,0.0,0.0,0.0
491.0,attacker[2],1,0.0,0.0,0.0,0.0,0.5,1.0,0.0,0.0,0.0,0.03
388.0,attacker[0],1,0.0,0.0,0.0,0.0,0.5,1.0,0.0,0.0,0.0,0.03
701.0,ue[4],0,0.0,0.0,0.0,0.0,0.5,1.0,0.0,0.0,0.0,0.018
514.0,attacker[1],1,0.0,0.0,0.0,0.0,0.5,1.0,0.0,0.0,0.0,0.029
1056.0,ue[0],0,0.0,0.0,0.0,0.0,0.5,1.0,0.0,0.0,0.0,0.0
559.0,ue[2],0,0.0,0.0,0.0,0.0,0.5,1.0,0.0,0.0,0.0,0.02
611.0,attacker[0],1,0.0,0.0,0.0,0.0,0.5,1.0,0.0,0.0,0.0,0.03
685.0,ue[3],0,0.0,0.0,0.0,0.0,0.5,1.0,0.0,0.0,0.0,0.018
1470.0,attacker[0],1,0.0,0.0,0.0,0.0,0.5,1.0,0.0,0.0,0.0,0.0
469.0,ue[4],0,0.0,0.0,0.0,0.0,0.5,1.0,0.0,0.0,0.0,0.019
1030.0,ue[1],0,0.0,0.0,0.0,0.0,0.5,1.0,0.0,0.0,0.0,0.0
1438.0,ue[3],0,0.0,0.0,0.0,0.0,0.5,1.0,0.0,0.0,0.0,0.0
751.0,ue[4],0,0.0,0.0,0.0,0.0,0.5,1.0,0.0,0.0,0.0,0.018
1443.0,ue[1],0,0.0,0.0,0.0,0.0,0.5,1.0,0.0,0.0,0.0,0.0
1003.0,ue[3],0,0.0,0.0,0.0,0.0,0.5,1.0,0.0,0.0,0.0,0.0
326.0,attacker[0],1,0.0,0.0,0.0,0.0,0.5,1.0,0.0,0.0,0.0,0.03
767.0,ue[0],0,0.0,0.0,0.0,0.0,0.5,1.0,0.0,0.0,0.0,0.022
378.0,ue[1],0,0.0,0.0,0.0,0.0,0.5,1.0,0.0,0.0,0.0,0.022
762.0,ue[3],0,0.0,0.0,0.0,0.0,0.5,1.0,0.0,0.0,0.0,0.015
1475.0,ue[4],0,0.0,0.0,0.0,0.0,0.5,1.0,0.0,0.0,0.0,0.0
896.0,ue[2],0,0.0,0.0,0.0,0.0,0.5,1.0,0.0,0.0,0.0,0.0
699.0,ue[1],0,0.0,0.0,0.0,0.0,0.5,1.0,0.0,0.0,0.0,0.018
400.0,ue[0],0,0.0,0.0,0.0,0.0,0.5,1.0,0.0,0.0,0.0,0.022
209.0,ue[0],0,0.01,0.0088,0.056818,0.001,0.499583,0.693333,1.0,0.0,1.0,0.018
591.0,attacker[2],1,0.0,0.0,0.0,0.0,0.5,1.0,0.0,0.0,0.0,0.03
106.0,attacker[0],1,0.015,0.0169,0.044379,0.001,0.497917,0.35,1.0,0.154919,1.0,0.027
730.0,ue[1],0,0.0,0.0,0.0,0.0,0.5,1.0,0.0,0.0,0.0,0.018
61.0,ue[3],0,0.012,0.0105,0.057143,0.003,0.500083,0.2,1.0,0.0,1.0,0.015
522.0,ue[4],0,0.0,0.0,0.0,0.0,0.5,1.0,0.0,0.0,0.0,0.019
950.0,ue[2],0,0.0,0.0,0.0,0.0,0.5,1.0,0.0,0.0,0.0,0.0
43.0,attacker[0],1,0.019,0.018,0.052778,0.001,0.501417,0.14,1.0,0.202546,1.0,0.027
23.0,ue[2],0,0.016,0.0123,0.065041,0.01,0.499333,0.073333,1.0,0.145696,0.8,0.018
77.0,ue[0],0,0.01,0.0099,0.050505,0.001,0.498083,0.253333,1.0,0.0,1.0,0.018
1323.0,attacker[2],1,0.0,0.0,0.0,0.0,0.5,1.0,0.0,0.0,0.0,0.0
1223.0,attacker[1],1,0.0,0.0,0.0,0.0,0.5,1.0,0.0,0.0,0.0,0.0
1139.0,attacker[2],1,0.0,0.0,0.0,0.0,0.5,1.0,0.0,0.0,0.0,0.0
1273.0,ue[1],0,0.0,0.0,0.0,0.0,0.5,1.0,0.0,0.0,0.0,0.0
86.0,attacker[0],1,0.015,0.0152,0.049342,0.0,0.500667,0.283333,1.0,0.208837,1.0,0.027
201.0,attacker[2],1,0.018,0.0157,0.057325,0.004,0.499667,0.666667,1.0,0.162938,1.0,0.025
89.0,attacker[0],1,0.013,0.0157,0.041401,0.007,0.500417,0.293333,1.0,0.033767,1.0,0.027
1330.0,ue[4],0,0.0,0.0,0.0,0.0,0.5,1.0,0.0,0.0,0.0,0.0
953.0,attacker[2],1,0.0,0.0,0.0,0.0,0.5,1.0,0.0,0.0,0.0,0.0
985.0,attacker[1],1,0.0,0.0,0.0,0.0,0.5,1.0,0.0,0.0,0.0,0.0
1277.0,attacker[0],1,0.0,0.0,0.0,0.0,0.5,1.0,0.0,0.0,0.0,0.0
130.0,attacker[2],1,0.02,0.0177,0.056497,0.002,0.501333,0.43,1.0,0.310507,1.0,0.025
790.0,ue[1],0,0.0,0.0,0.0,0.0,0.5,1.0,0.0,0.0,0.0,0.013
76.0,attacker[2],1,0.014,0.0173,0.040462,0.005,0.496583,0.25,1.0,0.119686,1.0,0.025
1125.0,attacker[0],1,0.0,0.0,0.0,0.0,0.5,1.0,0.0,0.0,0.0,0.0
1220.0,attacker[2],1,0.0,0.0,0.0,0.0,0.5,1.0,0.0,0.0,0.0,0.0
876.0,ue[1],0,0.0,0.0,0.0,0.0,0.5,1.0,0.0,0.0,0.0,0.0
1424.0,ue[1],0,0.0,0.0,0.0,0.0,0.5,1.0,0.0,0.0,0.0,0.0
578.0,attacker[0],1,0.0,0.0,0.0,0.0,0.5,1.0,0.0,0.0,0.0,0.03
304.0,attacker[2],1,0.0,0.0,0.0,0.0,0.5,1.0,0.666667,0.0,0.0,0.03
324.0,attacker[2],1,0.0,0.0,0.0,0.0,0.5,1.0,0.0,0.0,0.0,0.03
165.0,ue[0],0,0.01,0.0111,0.045045,0.003,0.501583,0.546667,1.0,0.0,1.0,0.018
419.0,attacker[1],1,0.0,0.0,0.0,0.0,0.5,1.0,0.0,0.0,0.0,0.029
546.0,attacker[2],1,0.0,0.0,0.0,0.0,0.5,1.0,0.0,0.0,0.0,0.03
823.0,attacker[1],1,0.0,0.0,0.0,0.0,0.5,1.0,0.0,0.0,0.0,0.0
1423.0,ue[2],0,0.0,0.0,0.0,0.0,0.5,1.0,0.0,0.0,0.0,0.0
1411.0,ue[0],0,0.0,0.0,0.0,0.0,0.5,1.0,0.0,0.0,0.0,0.0
1004.0,ue[3],0,0.0,0.0,0.0,0.0,0.5,1.0,0.0,0.0,0.0,0.0
885.0,ue[1],0,0.0,0.0,0.0,0.0,0.5,1.0,0.0,0.0,0.0,0.0
261.0,ue[2],0,0.008,0.009,0.044444,0.0,0.498167,0.866667,1.0,0.0,1.0,0.02
988.0,ue[3],0,0.0,0.0,0.0,0.0,0.5,1.0,0.0,0.0,0.0,0.0
24.0,ue[3],0,0.012,0.01,0.06,0.004,0.500167,0.076667,1.0,0.0,0.833333,0.015
617.0,attacker[0],1,0.0,0.0,0.0,0.0,0.5,1.0,0.0,0.0,0.0,0.03
836.0,ue[1],0,0.0,0.0,0.0,0.0,0.5,1.0,0.0,0.0,0.0,0.0
104.0,attacker[1],1,0.012,0.0168,0.035714,0.007,0.499583,0.343333,1.0,0.025794,1.0,0.029
2.0,ue[3],0,0.013,0.009333,0.069643,0.004,0.5,0.003333,1.0,0.0,0.1,0.013
440.0,ue[1],0,0.0,0.0,0.0,0.0,0.5,1.0,0.0,0.0,0.0,0.022
265.0,ue[3],0,0.014,0.0104,0.067308,0.0,0.5025,0.88,1.0,0.0,1.0,0.018
1076.0,ue[2],0,0.0,0.0,0.0,0.0,0.5,1.0,0.0,0.0,0.0,0.0
1261.0,ue[1],0,0.0,0.0,0.0,0.0,0.5,1.0,0.0,0.0,0.0,0.0
26.0,attacker[2],1,0.016,0.0155,0.051613,0.008,0.5025,0.083333,0.962963,0.095,0.866667,0.024
991.0,ue[3],0,0.0,0.0,0.0,0.0,0.5,1.0,0.0,0.0,0.0,0.0
1239.0,ue[2],0,0.0,0.0,0.0,0.0,0.5,1.0,0.0,0.0,0.0,0.0
707.0,ue[2],0,0.0,0.0,0.0,0.0,0.5,1.0,0.0,0.0,0.0,0.02
289.0,ue[0],0,0.013,0.0108,0.060185,0.003,0.500583,0.96,1.0,0.045883,1.0,0.022
1293.0,attacker[2],1,0.0,0.0,0.0,0.0,0.5,1.0,0.0,0.0,0.0,0.0
1090.0,ue[3],0,0.0,0.0,0.0,0.0,0.5,1.0,0.0,0.0,0.0,0.0
190.0,ue[3],0,0.006,0.0077,0.038961,0.001,0.49925,0.63,1.0,0.0,1.0,0.017
640.0,ue[3],0,0.0,0.0,0.0,0.0,0.5,1.0,0.0,0.0,0.0,0.018
798.0,ue[1],0,0.0,0.0,0.0,0.0,0.5,1.0,0.0,0.0,0.0,0.0
1161.0,attacker[1],1,0.0,0.0,0.0,0.0,0.5,1.0,0.0,0.0,0.0,0.0
993.0,ue[3],0,0.0,0.0,0.0,0.0,0.5,1.0,0.0,0.0,0.0,0.0
1261.0,ue[0],0,0.0,0.0,0.0,0.0,0.5,1.0,0.0,0.0,0.0,0.0
1350.0,attacker[0],1,0.0,0.0,0.0,0.0,0.5,1.0,0.0,0.0,0.0,0.0
1489.0,ue[1],0,0.0,0.0,0.0,0.0,0.5,1.0,0.0,0.0,0.0,0.0
271.0,ue[4],0,0.009,0.0106,0.042453,0.002,0.4995,0.9,1.0,0.0,1.0,0.019
440.0,attacker[2],1,0.0,0.0,0.0,0.0,0.5,1.0,0.0,0.0,0.0,0.03
976.0,attacker[2],1,0.0,0.0,0.0,0.0,0.5,1.0,0.0,0.0,0.0,0.0
644.0,attacker[1],1,0.0,0.0,0.0,0.0,0.5,1.0,0.0,0.0,0.0,0.025
1279.0,ue[1],0,0.0,0.0,0.0,0.0,0.5,1.0,0.0,0.0,0.0,0.0
198.0,ue[1],0,0.011,0.0099,0.055556,0.0,0.500167,0.656667,1.0,0.0,1.0,0.022
1243.0,ue[2],0,0.0,0.0,0.0,0.0,0.5,1.0,0.0,0.0,0.0,0.0
683.0,attacker[0],1,0.0,0.0,0.0,0.0,0.5,1.0,0.0,0.0,0.0,0.03
357.0,ue[1],0,0.0,0.0,0.0,0.0,0.5,1.0,0.0,0.0,0.0,0.022
1351.0,ue[4],0,0.0,0.0,0.0,0.0,0.5,1.0,0.0,0.0,0.0,0.0
330.0,attacker[2],1,0.0,0.0,0.0,0.0,0.5,1.0,0.0,0.0,0.0,0.03
41.0,ue[3],0,0.01,0.0106,0.04717,0.004,0.501333,0.133333,1.0,0.0,1.0,0.015
150.0,ue[3],0,0.007,0.0104,0.033654,0.0,0.4985,0.496667,1.0,0.0,1.0,0.017
755.0,attacker[2],1,0.0,0.0,0.0,0.0,0.5,1.0,0.0,0.0,0.0,0.026
793.0,attacker[2],1,0.0,0.0,0.0,0.0,0.5,1.0,0.0,0.0,0.0,0.014
1090.0,ue[1],0,0.0,0.0,0.0,0.0,0.5,1.0,0.0,0.0,0.0,0.0
328.0,ue[2],0,0.0,0.0,0.0,0.0,0.5,1.0,0.0,0.0,0.0,0.02
570.0,attacker[0],1,0.0,0.0,0.0,0.0,0.5,1.0,0.0,0.0,0.0,0.03
728.0,attacker[2],1,0.0,0.0,0.0,0.0,0.5,1.0,0.0,0.0,0.0,0.03
816.0,ue[3],0,0.0,0.0,0.0,0.0,0.5,1.0,0.0,0.0,0.0,0.0
304.0,ue[0],0,0.0,0.0,0.0,0.0,0.5,1.0,0.666667,0.0,0.0,0.022
999.0,ue[1],0,0.0,0.0,0.0,0.0,0.5,1.0,0.0,0.0,0.0,0.0
466.0,ue[0],0,0.0,0.0,0.0,0.0,0.5,1.0,0.0,0.0,0.0,0.022
1069.0,ue[4],0,0.0,0.0,0.0,0.0,0.5,1.0,0.0,0.0,0.0,0.0
209.0,attacker[0],1,0.021,0.0171,0.061404,0.003,0.50175,0.693333,1.0,0.335012,1.0,0.027
802.0,attacker[2],1,0.0,0.0,0.0,0.0,0.5,1.0,0.0,0.0,0.0,0.0
944.0,ue[2],0,0.0,0.0,0.0,0.0,0.5,1.0,0.0,0.0,0.0,0.0
808.0,ue[2],0,0.0,0.0,0.0,0.0,0.5,1.0,0.0,0.0,0.0,0.0
527.0,attacker[2],1,0.0,0.0,0.0,0.0,0.5,1.0,0.0,0.0,0.0,0.03
1449.0,attacker[1],1,0.0,0.0,0.0,0.0,0.5,1.0,0.0,0.0,0.0,0.0
1334.0,ue[1],0,0.0,0.0,0.0,0.0,0.5,1.0,0.0,0.0,0.0,0.0
13.0,ue[0],0,0.011,0.0113,0.048673,0.0,0.499167,0.04,1.0,0.0,0.466667,0.018
1309.0,attacker[2],1,0.0,0.0,0.0,0.0,0.5,1.0,0.0,0.0,0.0,0.0
983.0,ue[3],0,0.0,0.0,0.0,0.0,0.5,1.0,0.0,0.0,0.0,0.0
935.0,ue[4],0,0.0,0.0,0.0,0.0,0.5,1.0,0.0,0.0,0.0,0.0
239.0,ue[2],0,0.012,0.012,0.05,0.001,0.499083,0.793333,1.0,0.0,1.0,0.02
1119.0,ue[0],0,0.0,0.0,0.0,0.0,0.5,1.0,0.0,0.0,0.0,0.0
1223.0,ue[3],0,0.0,0.0,0.0,0.0,0.5,1.0,0.0,0.0,0.0,0.0
1229.0,ue[2],0,0.0,0.0,0.0,0.0,0.5,1.0,0.0,0.0,0.0,0.0
655.0,ue[4],0,0.0,0.0,0.0,0.0,0.5,1.0,0.0,0.0,0.0,0.018
87.0,ue[4],0,0.009,0.0081,0.055556,0.002,0.5,0.286667,1.0,0.0,1.0,0.019
399.0,ue[1],0,0.0,0.0,0.0,0.0,0.5,1.0,0.0,0.0,0.0,0.022
533.0,ue[4],0,0.0,0.0,0.0,0.0,0.5,1.0,0.0,0.0,0.0,0.019
183.0,ue[0],0,0.009,0.0081,0.055556,0.003,0.50175,0.606667,1.0,0.0,1.0,0.018
253.0,attacker[2],1,0.013,0.0154,0.042208,0.007,0.500083,0.84,1.0,0.031845,1.0,0.03
1298.0,ue[2],0,0.0,0.0,0.0,0.0,0.5,1.0,0.0,0.0,0.0,0.0
1362.0,ue[0],0,0.0,0.0,0.0,0.0,0.5,1.0,0.0,0.0,0.0,0.0
1138.0,attacker[1],1,0.0,0.0,0.0,0.0,0.5,1.0,0.0,0.0,0.0,0.0
612.0,attacker[2],1,0.0,0.0,0.0,0.0,0.5,1.0,0.0,0.0,0.0,0.03
995.0,ue[0],0,0.0,0.0,0.0,0.0,0.5,1.0,0.0,0.0,0.0,0.0
634.0,attacker[1],1,0.0,0.0,0.0,0.0,0.5,1.0,0.0,0.0,0.0,0.029
1459.0,attacker[2],1,0.0,0.0,0.0,0.0,0.5,1.0,0.0,0.0,0.0,0.0
881.0,ue[0],0,0.0,0.0,0.0,0.0,0.5,1.0,0.0,0.0,0.0,0.0
511.0,ue[3],0,0.0,0.0,0.0,0.0,0.5,1.0,0.0,0.0,0.0,0.018
1437.0,ue[1],0,0.0,0.0,0.0,0.0,0.5,1.0,0.0,0.0,0.0,0.0
870.0,ue[4],0,0.0,0.0,0.0,0.0,0.5,1.0,0.0,0.0,0.0,0.0
558.0,attacker[0],1,0.0,0.0,0.0,0.0,0.5,1.0,0.0,0.0,0.0,0.03
1487.0,attacker[2],1,0.0,0.0,0.0,0.0,0.5,1.0,0.0,0.0,0.0,0.0
1002.0,ue[3],0,0.0,0.0,0.0,0.0,0.5,1.0,0.0,0.0,0.0,0.0
130.0,ue[2],0,0.006,0.0098,0.030612,0.0,0.497667,0.43,1.0,0.0,1.0,0.018
1097.0,attacker[2],1,0.0,0.0,0.0,0.0,0.5,1.0,0.0,0.0,0.0,0.0
844.0,ue[1],0,0.0,0.0,0.0,0.0,0.5,1.0,0.0,0.0,0.0,0.0
1341.0,attacker[0],1,0.0,0.0,0.0,0.0,0.5,1.0,0.0,0.0,0.0,0.0
358.0,attacker[0],1,0.0,0.0,0.0,0.0,0.5,1.0,0.0,0.0,0.0,0.03
708.0,attacker[2],1,0.0,0.0,0.0,0.0,0.5,1.0,0.0,0.0,0.0,0.03
691.0,ue[3],0,0.0,0.0,0.0,0.0,0.5,1.0,0.0,0.0,0.0,0.018
161.0,attacker[0],1,0.021,0.0159,0.066038,0.004,0.502833,0.533333,1.0,0.337748,1.0,0.027
1214.0,ue[2],0,0.0,0.0,0.0,0.0,0.5,1.0,0.0,0.0,0.0,0.0
911.0,attacker[1],1,0.0,0.0,0.0,0.0,0.5,1.0,0.0,0.0,0.0,0.0
1088.0,attacker[0],1,0.0,0.0,0.0,0.0,0.5,1.0,0.0,0.0,0.0,0.0
985.0,attacker[0],1,0.0,0.0,0.0,0.0,0.5,1.0,0.0,0.0,0.0,0.0
1091.0,ue[2],0,0.0,0.0,0.0,0.0,0.5,1.0,0.0,0.0,0.0,0.0
1151.0,attacker[0],1,0.0,0.0,0.0,0.0,0.5,1.0,0.0,0.0,0.0,0.0
705.0,ue[3],0,0.0,0.0,0.0,0.0,0.5,1.0,0.0,0.0,0.0,0.018
137.0,ue[3],0,0.008,0.0102,0.039216,0.002,0.497333,0.453333,1.0,0.0,1.0,0.017
1134.0,ue[1],0,0.0,0.0,0.0,0.0,0.5,1.0,0.0,0.0,0.0,0.0
439.0,attacker[1],1,0.0,0.0,0.0,0.0,0.5,1.0,0.0,0.0,0.0,0.029
497.0,ue[1],0,0.0,0.0,0.0,0.0,0.5,1.0,0.0,0.0,0.0,0.022
897.0,ue[3],0,0.0,0.0,0.0,0.0,0.5,1.0,0.0,0.0,0.0,0.0
1253.0,ue[0],0,0.0,0.0,0.0,0.0,0.5,1.0,0.0,0.0,0.0,0.0
824.0,ue[3],0,0.0,0.0,0.0,0.0,0.5,1.0,0.0,0.0,0.0,0.0
403.0,ue[4],0,0.0,0.0,0.0,0.0,0.5,1.0,0.0,0.0,0.0,0.019
1331.0,ue[2],0,0.0,0.0,0.0,0.0,0.5,1.0,0.0,0.0,0.0,0.0
434.0,ue[3],0,0.0,0.0,0.0,0.0,0.5,1.0,0.0,0.0,0.0,0.018
1166.0,ue[3],0,0.0,0.0,0.0,0.0,0.5,1.0,0.0,0.0,0.0,0.0
1182.0,ue[3],0,0.0,0.0,0.0,0.0,0.5,1.0,0.0,0.0,0.0,0.0
1380.0,ue[3],0,0.0,0.0,0.0,0.0,0.5,1.0,0.0,0.0,0.0,0.0
402.0,ue[3],0,0.0,0.0,0.0,0.0,0.5,1.0,0.0,0.0,0.0,0.018
1377.0,ue[0],0,0.0,0.0,0.0,0.0,0.5,1.0,0.0,0.0,0.0,0.0
127.0,ue[3],0,0.009,0.0099,0.045455,0.008,0.502333,0.42,1.0,0.0,1.0,0.017
163.0,ue[0],0,0.008,0.0104,0.038462,0.0,0.497,0.54,1.0,0.0,1.0,0.018
429.0,attacker[2],1,0.0,0.0,0.0,0.0,0.5,1.0,0.0,0.0,0.0,0.03
798.0,attacker[0],1,0.0,0.0,0.0,0.0,0.5,1.0,0.0,0.0,0.0,0.0
36.0,attacker[1],1,0.025,0.0182,0.068681,0.006,0.501,0.116667,1.0,0.410236,1.0,0.029
902.0,ue[3],0,0.0,0.0,0.0,0.0,0.5,1.0,0.0,0.0,0.0,0.0
1492.0,ue[3],0,0.0,0.0,0.0,0.0,0.5,1.0,0.0,0.0,0.0,0.0
981.0,ue[3],0,0.0,0.0,0.0,0.0,0.5,1.0,0.0,0.0,0.0,0.0
372.0,ue[0],0,0.0,0.0,0.0,0.0,0.5,1.0,0.0,0.0,0.0,0.022
344.0,ue[1],0,0.0,0.0,0.0,0.0,0.5,1.0,0.0,0.0,0.0,0.022
119.0,attacker[2],1,0.018,0.0175,0.051429,0.005,0.49725,0.393333,1.0,0.237606,1.0,0.025
1306.0,attacker[0],1,0.0,0.0,0.0,0.0,0.5,1.0,0.0,0.0,0.0,0.0
1315.0,ue[2],0,0.0,0.0,0.0,0.0,0.5,1.0,0.0,0.0,0.0,0.0
1444.0,attacker[1],1,0.0,0.0,0.0,0.0,0.5,1.0,0.0,0.0,0.0,0.0
1430.0,ue[4],0,0.0,0.0,0.0,0.0,0.5,1.0,0.0,0.0,0.0,0.0
845.0,ue[3],0,0.0,0.0,0.0,0.0,0.5,1.0,0.0,0.0,0.0,0.0
199.0,ue[0],0,0.008,0.0112,0.035714,0.004,0.499,0.66,1.0,0.0,1.0,0.018
936.0,ue[2],0,0.0,0.0,0.0,0.0,0.5,1.0,0.0,0.0,0.0,0.0
762.0,attacker[1],1,0.0,0.0,0.0,0.0,0.5,1.0,0.0,0.0,0.0,0.025
1005.0,ue[2],0,0.0,0.0,0.0,0.0,0.5,1.0,0.0,0.0,0.0,0.0
1246.0,attacker[1],1,0.0,0.0,0.0,0.0,0.5,1.0,0.0,0.0,0.0,0.0
236.0,ue[2],0,0.014,0.0122,0.057377,0.006,0.502667,0.783333,1.0,0.0045,1.0,0.02
1118.0,ue[2],0,0.0,0.0,0.0,0.0,0.5,1.0,0.0,0.0,0.0,0.0
569.0,attacker[2],1,0.0,0.0,0.0,0.0,0.5,1.0,0.0,0.0,0.0,0.03
650.0,ue[2],0,0.0,0.0,0.0,0.0,0.5,1.0,0.0,0.0,0.0,0.02
1230.0,ue[0],0,0.0,0.0,0.0,0.0,0.5,1.0,0.0,0.0,0.0,0.0
277.0,attacker[2],1,0.016,0.0168,0.047619,0.003,0.50175,0.92,1.0,0.240772,1.0,0.03
606.0,ue[4],0,0.0,0.0,0.0,0.0,0.5,1.0,0.0,0.0,0.0,0.018
666.0,ue[3],0,0.0,0.0,0.0,0.0,0.5,1.0,0.0,0.0,0.0,0.018
1018.0,ue[2],0,0.0,0.0,0.0,0.0,0.5,1.0,0.0,0.0,0.0,0.0
656.0,ue[1],0,0.0,0.0,0.0,0.0,0.5,1.0,0.0,0.0,0.0,0.018
402.0,ue[1],0,0.0,0.0,0.0,0.0,0.5,1.0,0.0,0.0,0.0,0.022
449.0,ue[4],0,0.0,0.0,0.0,0.0,0.5,1.0,0.0,0.0,0.0,0.019
531.0,ue[0],0,0.0,0.0,0.0,0.0,0.5,1.0,0.0,0.0,0.0,0.022
446.0,ue[0],0,0.0,0.0,0.0,0.0,0.5,1.0,0.0,0.0,0.0,0.022
1368.0,ue[3],0,0.0,0.0,0.0,0.0,0.5,1.0,0.0,0.0,0.0,0.0
1138.0,ue[4],0,0.0,0.0,0.0,0.0,0.5,1.0,0.0,0.0,0.0,0.0
298.0,attacker[2],1,0.0,0.0091,0.0,0.0,0.497667,0.99,0.866667,0.0,0.0,0.03
1314.0,attacker[2],1,0.0,0.0,0.0,0.0,0.5,1.0,0.0,0.0,0.0,0.0
662.0,ue[2],0,0.0,0.0,0.0,0.0,0.5,1.0,0.0,0.0,0.0,0.02
449.0,ue[1],0,0.0,0.0,0.0,0.0,0.5,1.0,0.0,0.0,0.0,0.022
683.0,ue[3],0,0.0,0.0,0.0,0.0,0.5,1.0,0.0,0.0,0.0,0.018
386.0,ue[3],0,0.0,0.0,0.0,0.0,0.5,1.0,0.0,0.0,0.0,0.018
840.0,attacker[1],1,0.0,0.0,0.0,0.0,0.5,1.0,0.0,0.0,0.0,0.0
1376.0,ue[0],0,0.0,0.0,0.0,0.0,0.5,1.0,0.0,0.0,0.0,0.0
532.0,ue[4],0,0.0,0.0,0.0,0.0,0.5,1.0,0.0,0.0,0.0,0.019
1482.0,ue[3],0,0.0,0.0,0.0,0.0,0.5,1.0,0.0,0.0,0.0,0.0
1445.0,ue[2],0,0.0,0.0,0.0,0.0,0.5,1.0,0.0,0.0,0.0,0.0
517.0,ue[1],0,0.0,0.0,0.0,0.0,0.5,1.0,0.0,0.0,0.0,0.022
187.0,ue[0],0,0.007,0.009,0.038889,0.004,0.499667,0.62,1.0,0.0,1.0,0.018
823.0,ue[2],0,0.0,0.0,0.0,0.0,0.5,1.0,0.0,0.0,0.0,0.0
683.0,ue[2],0,0.0,0.0,0.0,0.0,0.5,1.0,0.0,0.0,0.0,0.02
1284.0,ue[3],0,0.0,0.0,0.0,0.0,0.5,1.0,0.0,0.0,0.0,0.0
1429.0,ue[0],0,0.0,0.0,0.0,0.0,0.5,1.0,0.0,0.0,0.0,0.0
483.0,ue[3],0,0.0,0.0,0.0,0.0,0.5,1.0,0.0,0.0,0.0,0.018
289.0,ue[3],0,0.007,0.0089,0.039326,0.002,0.499833,0.96,1.0,0.0,1.0,0.018
869.0,ue[3],0,0.0,0.0,0.0,0.0,0.5,1.0,0.0,0.0,0.0,0.0
793.0,ue[3],0,0.0,0.0,0.0,0.0,0.5,1.0,0.0,0.0,0.0,0.008
931.0,ue[3],0,0.0,0.0,0.0,0.0,0.5,1.0,0.0,0.0,0.0,0.0
637.0,ue[4],0,0.0,0.0,0.0,0.0,0.5,1.0,0.0,0.0,0.0,0.018
686.0,ue[4],0,0.0,0.0,0.0,0.0,0.5,1.0,0.0,0.0,0.0,0.018
1394.0,attacker[1],1,0.0,0.0,0.0,0.0,0.5,1.0,0.0,0.0,0.0,0.0
528.0,ue[4],0,0.0,0.0,0.0,0.0,0.5,1.0,0.0,0.0,0.0,0.019
51.0,attacker[2],1,0.017,0.0168,0.050595,0.002,0.499667,0.166667,1.0,0.185797,1.0,0.025
1264.0,ue[0],0,0.0,0.0,0.0,0.0,0.5,1.0,0.0,0.0,0.0,0.0
621.0,attacker[1],1,0.0,0.0,0.0,0.0,0.5,1.0,0.0,0.0,0.0,0.029
988.0,ue[0],0,0.0,0.0,0.0,0.0,0.5,1.0,0.0,0.0,0.0,0.0
1344.0,ue[2],0,0.0,0.0,0.0,0.0,0.5,1.0,0.0,0.0,0.0,0.0
583.0,attacker[0],1,0.0,0.0,0.0,0.0,0.5,1.0,0.0,0.0,0.0,0.03
247.0,ue[3],0,0.008,0.0092,0.043478,0.003,0.499917,0.82,1.0,0.0,1.0,0.018
308.0,ue[0],0,0.0,0.0,0.0,0.0,0.5,1.0,0.533333,0.0,0.0,0.022
210.0,attacker[2],1,0.015,0.0143,0.052448,0.001,0.500583,0.696667,1.0,0.142352,1.0,0.025
1376.0,ue[4],0,0.0,0.0,0.0,0.0,0.5,1.0,0.0,0.0,0.0,0.0
929.0,ue[0],0,0.0,0.0,0.0,0.0,0.5,1.0,0.0,0.0,0.0,0.0
1479.0,attacker[1],1,0.0,0.0,0.0,0.0,0.5,1.0,0.0,0.0,0.0,0.0
722.0,ue[0],0,0.0,0.0,0.0,0.0,0.5,1.0,0.0,0.0,0.0,0.022
1045.0,attacker[0],1,0.0,0.0,0.0,0.0,0.5,1.0,0.0,0.0,0.0,0.0
971.0,ue[0],0,0.0,0.0,0.0,0.0,0.5,1.0,0.0,0.0,0.0,0.0
777.0,ue[3],0,0.0,0.0,0.0,0.0,0.5,1.0,0.0,0.0,0.0,0.014
68.0,ue[3],0,0.009,0.0101,0.044554,0.0,0.499167,0.223333,1.0,0.0,1.0,0.015
188.0,attacker[1],1,0.016,0.016,0.05,0.0,0.499333,0.623333,1.0,0.295599,1.0,0.029
30.0,attacker[2],1,0.015,0.0173,0.043353,0.009,0.50175,0.096667,1.0,0.190131,1.0,0.024
783.0,ue[4],0,0.0,0.0,0.0,0.0,0.5,1.0,0.0,0.0,0.0,0.018
389.0,ue[0],0,0.0,0.0,0.0,0.0,0.5,1.0,0.0,0.0,0.0,0.022
37.0,attacker[1],1,0.017,0.0186,0.045699,0.008,0.500667,0.12,1.0,0.150515,1.0,0.029
603.0,ue[4],0,0.0,0.0,0.0,0.0,0.5,1.0,0.0,0.0,0.0,0.018
688.0,ue[0],0,0.0,0.0,0.0,0.0,0.5,1.0,0.0,0.0,0.0,0.022
1133.0,ue[4],0,0.0,0.0,0.0,0.0,0.5,1.0,0.0,0.0,0.0,0.0
887.0,attacker[2],1,0.0,0.0,0.0,0.0,0.5,1.0,0.0,0.0,0.0,0.0
173.0,attacker[2],1,0.011,0.0163,0.033742,0.012,0.500167,0.573333,1.0,0.0,1.0,0.025
656.0,ue[4],0,0.0,0.0,0.0,0.0,0.5,1.0,0.0,0.0,0.0,0.018
881.0,ue[3],0,0.0,0.0,0.0,0.0,0.5,1.0,0.0,0.0,0.0,0.0
571.0,attacker[0],1,0.0,0.0,0.0,0.0,0.5,1.0,0.0,0.0,0.0,0.03
161.0,attacker[1],1,0.019,0.0149,0.063758,0.004,0.501,0.533333,1.0,0.267567,1.0,0.029
375.0,ue[0],0,0.0,0.0,0.0,0.0,0.5,1.0,0.0,0.0,0.0,0.022
1247.0,attacker[0],1,0.0,0.0,0.0,0.0,0.5,1.0,0.0,0.0,0.0,0.0
779.0,ue[1],0,0.0,0.0,0.0,0.0,0.5,1.0,0.0,0.0,0.0,0.018
1351.0,ue[3],0,0.0,0.0,0.0,0.0,0.5,1.0,0.0,0.0,0.0,0.0
409.0,ue[3],0,0.0,0.0,0.0,0.0,0.5,1.0,0.0,0.0,0.0,0.018
805.0,attacker[2],1,0.0,0.0,0.0,0.0,0.5,1.0,0.0,0.0,0.0,0.0
313.0,ue[2],0,0.0,0.0,0.0,0.0,0.5,1.0,0.366667,0.0,0.0,0.02
551.0,attacker[1],1,0.0,0.0,0.0,0.0,0.5,1.0,0.0,0.0,0.0,0.029
1253.0,ue[2],0,0.0,0.0,0.0,0.0,0.5,1.0,0.0,0.0,0.0,0.0
1141.0,attacker[1],1,0.0,0.0,0.0,0.0,0.5,1.0,0.0,0.0,0.0,0.0
763.0,ue[4],0,0.0,0.0,0.0,0.0,0.5,1.0,0.0,0.0,0.0,0.018
241.0,ue[4],0,0.013,0.0094,0.069149,0.002,0.502,0.8,1.0,0.122577,1.0,0.019
790.0,attacker[1],1,0.0,0.0,0.0,0.0,0.5,1.0,0.0,0.0,0.0,0.025
990.0,attacker[2],1,0.0,0.0,0.0,0.0,0.5,1.0,0.0,0.0,0.0,0.0
1010.0,ue[4],0,0.0,0.0,0.0,0.0,0.5,1.0,0.0,0.0,0.0,0.0
732.0,attacker[1],1,0.0,0.0,0.0,0.0,0.5,1.0,0.0,0.0,0.0,0.025
545.0,attacker[2],1,0.0,0.0,0.0,0.0,0.5,1.0,0.0,0.0,0.0,0.03
57.0,ue[4],0,0.008,0.0097,0.041237,0.007,0.50075,0.186667,1.0,0.0,1.0,0.019
321.0,ue[0],0,0.0,0.0,0.0,0.0,0.5,1.0,0.1,0.0,0.0,0.022
328.0,attacker[0],1,0.0,0.0,0.0,0.0,0.5,1.0,0.0,0.0,0.0,0.03
383.0,ue[3],0,0.0,0.0,0.0,0.0,0.5,1.0,0.0,0.0,0.0,0.018
1174.0,ue[2],0,0.0,0.0,0.0,0.0,0.5,1.0,0.0,0.0,0.0,0.0
1014.0,attacker[0],1,0.0,0.0,0.0,0.0,0.5,1.0,0.0,0.0,0.0,0.0
526.0,ue[2],0,0.0,0.0,0.0,0.0,0.5,1.0,0.0,0.0,0.0,0.02
1471.0,ue[2],0,0.0,0.0,0.0,0.0,0.5,1.0,0.0,0.0,0.0,0.0
697.0,ue[1],0,0.0,0.0,0.0,0.0,0.5,1.0,0.0,0.0,0.0,0.018
132.0,ue[0],0,0.013,0.0104,0.0625,0.004,0.500667,0.436667,1.0,0.015294,1.0,0.018
1478.0,attacker[1],1,0.0,0.0,0.0,0.0,0.5,1.0,0.0,0.0,0.0,0.0
1369.0,attacker[0],1,0.0,0.0,0.0,0.0,0.5,1.0,0.0,0.0,0.0,0.0
624.0,attacker[0],1,0.0,0.0,0.0,0.0,0.5,1.0,0.0,0.0,0.0,0.03
1458.0,ue[2],0,0.0,0.0,0.0,0.0,0.5,1.0,0.0,0.0,0.0,0.0
1294.0,attacker[0],1,0.0,0.0,0.0,0.0,0.5,1.0,0.0,0.0,0.0,0.0
337.0,ue[3],0,0.0,0.0,0.0,0.0,0.5,1.0,0.0,0.0,0.0,0.018
1242.0,attacker[0],1,0.0,0.0,0.0,0.0,0.5,1.0,0.0,0.0,0.0,0.0
613.0,attacker[2],1,0.0,0.0,0.0,0.0,0.5,1.0,0.0,0.0,0.0,0.03
351.0,ue[2],0,0.0,0.0,0.0,0.0,0.5,1.0,0.0,0.0,0.0,0.02
376.0,ue[0],0,0.0,0.0,0.0,0.0,0.5,1.0,0.0,0.0,0.0,0.022
1327.0,attacker[1],1,0.0,0.0,0.0,0.0,0.5,1.0,0.0,0.0,0.0,0.0
145.0,attacker[1],1,0.018,0.02,0.045,0.002,0.500667,0.48,1.0,0.122759,1.0,0.029
1234.0,attacker[0],1,0.0,0.0,0.0,0.0,0.5,1.0,0.0,0.0,0.0,0.0
890.0,ue[2],0,0.0,0.0,0.0,0.0,0.5,1.0,0.0,0.0,0.0,0.0
739.0,attacker[1],1,0.0,0.0,0.0,0.0,0.5,1.0,0.0,0.0,0.0,0.025
741.0,ue[2],0,0.0,0.0,0.0,0.0,0.5,1.0,0.0,0.0,0.0,0.015
355.0,ue[4],0,0.0,0.0,0.0,0.0,0.5,1.0,0.0,0.0,0.0,0.019
965.0,attacker[2],1,0.0,0.0,0.0,0.0,0.5,1.0,0.0,0.0,0.0,0.0
61.0,attacker[2],1,0.008,0.0149,0.026846,0.013,0.49975,0.2,1.0,0.0,1.0,0.025
280.0,ue[2],0,0.01,0.008,0.0625,0.003,0.500583,0.93,1.0,0.0,1.0,0.02
565.0,attacker[1],1,0.0,0.0,0.0,0.0,0.5,1.0,0.0,0.0,0.0,0.029
1470.0,ue[0],0,0.0,0.0,0.0,0.0,0.5,1.0,0.0,0.0,0.0,0.0
70.0,attacker[2],1,0.013,0.0188,0.034574,0.011,0.498917,0.23,1.0,0.057921,1.0,0.025
1315.0,attacker[0],1,0.0,0.0,0.0,0.0,0.5,1.0,0.0,0.0,0.0,0.0
640.0,ue[1],0,0.0,0.0,0.0,0.0,0.5,1.0,0.0,0.0,0.0,0.02
939.0,ue[4],0,0.0,0.0,0.0,0.0,0.5,1.0,0.0,0.0,0.0,0.0
1338.0,attacker[2],1,0.0,0.0,0.0,0.0,0.5,1.0,0.0,0.0,0.0,0.0
715.0,ue[3],0,0.0,0.0,0.0,0.0,0.5,1.0,0.0,0.0,0.0,0.018
1418.0,ue[0],0,0.0,0.0,0.0,0.0,0.5,1.0,0.0,0.0,0.0,0.0
1026.0,ue[0],0,0.0,0.0,0.0,0.0,0.5,1.0,0.0,0.0,0.0,0.0
1297.0,attacker[1],1,0.0,0.0,0.0,0.0,0.5,1.0,0.0,0.0,0.0,0.0
242.0,attacker[2],1,0.015,0.018,0.041667,0.003,0.497917,0.803333,1.0,0.212242,1.0,0.03
1277.0,ue[0],0,0.0,0.0,0.0,0.0,0.5,1.0,0.0,0.0,0.0,0.0
980.0,ue[4],0,0.0,0.0,0.0,0.0,0.5,1.0,0.0,0.0,0.0,0.0
1224.0,ue[0],0,0.0,0.0,0.0,0.0,0.5,1.0,0.0,0.0,0.0,0.0
1103.0,ue[4],0,0.0,0.0,0.0,0.0,0.5,1.0,0.0,0.0,0.0,0.0
215.0,attacker[1],1,0.011,0.0156,0.035256,0.008,0.500167,0.713333,1.0,0.0,1.0,0.029
469.0,ue[0],0,0.0,0.0,0.0,0.0,0.5,1.0,0.0,0.0,0.0,0.022
547.0,ue[2],0,0.0,0.0,0.0,0.0,0.5,1.0,0.0,0.0,0.0,0.02
1466.0,ue[1],0,0.0,0.0,0.0,0.0,0.5,1.0,0.0,0.0,0.0,0.0
605.0,attacker[1],1,0.0,0.0,0.0,0.0,0.5,1.0,0.0,0.0,0.0,0.029
1318.0,attacker[2],1,0.0,0.0,0.0,0.0,0.5,1.0,0.0,0.0,0.0,0.0
18.0,ue[2],0,0.012,0.0122,0.04918,0.006,0.501833,0.056667,1.0,0.009376,0.633333,0.018
211.0,ue[2],0,0.009,0.0116,0.038793,0.004,0.497667,0.7,1.0,0.0,1.0,0.018
285.0,ue[1],0,0.008,0.0093,0.043011,0.002,0.499,0.946667,1.0,0.0,1.0,0.022
794.0,attacker[1],1,0.0,0.0,0.0,0.0,0.5,1.0,0.0,0.0,0.0,0.025
363.0,ue[2],0,0.0,0.0,0.0,0.0,0.5,1.0,0.0,0.0,0.0,0.02
1081.0,ue[0],0,0.0,0.0,0.0,0.0,0.5,1.0,0.0,0.0,0.0,0.0
1097.0,ue[4],0,0.0,0.0,0.0,0.0,0.5,1.0,0.0,0.0,0.0,0.0
1212.0,ue[4],0,0.0,0.0,0.0,0.0,0.5,1.0,0.0,0.0,0.0,0.0
681.0,ue[4],0,0.0,0.0,0.0,0.0,0.5,1.0,0.0,0.0,0.0,0.018
890.0,attacker[2],1,0.0,0.0,0.0,0.0,0.5,1.0,0.0,0.0,0.0,0.0
977.0,ue[0],0,0.0,0.0,0.0,0.0,0.5,1.0,0.0,0.0,0.0,0.0
244.0,ue[4],0,0.01,0.0101,0.049505,0.0,0.499333,0.81,1.0,0.0,1.0,0.019
584.0,attacker[2],1,0.0,0.0,0.0,0.0,0.5,1.0,0.0,0.0,0.0,0.03
1396.0,ue[4],0,0.0,0.0,0.0,0.0,0.5,1.0,0.0,0.0,0.0,0.0
883.0,attacker[0],1,0.0,0.0,0.0,0.0,0.5,1.0,0.0,0.0,0.0,0.0
7.0,ue[0],0,0.016,0.008875,0.090141,0.01,0.5015,0.02,1.0,0.16868,0.266667,0.016
575.0,attacker[1],1,0.0,0.0,0.0,0.0,0.5,1.0,0.0,0.0,0.0,0.029
1111.0,attacker[0],1,0.0,0.0,0.0,0.0,0.5,1.0,0.0,0.0,0.0,0.0
1433.0,ue[4],0,0.0,0.0,0.0,0.0,0.5,1.0,0.0,0.0,0.0,0.0
867.0,attacker[1],1,0.0,0.0,0.0,0.0,0.5,1.0,0.0,0.0,0.0,0.0
3.0,attacker[2],1,0.021,0.007,0.15,0.016,0.5,0.006667,0.75,0.331089,0.1,0.021
234.0,attacker[1],1,0.013,0.0157,0.041401,0.004,0.498833,0.776667,1.0,0.054798,1.0,0.029
11.0,ue[3],0,0.013,0.0106,0.061321,0.003,0.500583,0.033333,1.0,0.01149,0.4,0.014
817.0,attacker[2],1,0.0,0.0,0.0,0.0,0.5,1.0,0.0,0.0,0.0,0.0
641.0,ue[4],0,0.0,0.0,0.0,0.0,0.5,1.0,0.0,0.0,0.0,0.018
179.0,ue[2],0,0.013,0.0107,0.060748,0.003,0.500917,0.593333,1.0,0.102069,1.0,0.018
1231.0,ue[0],0,0.0,0.0,0.0,0.0,0.5,1.0,0.0,0.0,0.0,0.0
439.0,ue[4],0,0.0,0.0,0.0,0.0,0.5,1.0,0.0,0.0,0.0,0.019
14.0,attacker[2],1,0.012,0.0152,0.039474,0.001,0.49825,0.043333,0.933333,0.073481,0.466667,0.021
714.0,ue[2],0,0.0,0.0,0.0,0.0,0.5,1.0,0.0,0.0,0.0,0.02
6.0,ue[4],0,0.011,0.011857,0.046386,0.001,0.498083,0.016667,1.0,0.0,0.233333,0.019
217.0,attacker[1],1,0.019,0.0158,0.060127,0.0,0.5025,0.72,1.0,0.268414,1.0,0.029
1140.0,attacker[1],1,0.0,0.0,0.0,0.0,0.5,1.0,0.0,0.0,0.0,0.0
190.0,ue[0],0,0.01,0.0094,0.053191,0.001,0.50125,0.63,1.0,0.0,1.0,0.018
10.0,ue[1],0,0.011,0.0111,0.04955,0.001,0.499083,0.03,1.0,0.0,0.366667,0.017
73.0,attacker[2],1,0.014,0.0188,0.037234,0.005,0.499083,0.24,1.0,0.051985,1.0,0.025
272.0,ue[1],0,0.018,0.0093,0.096774,0.01,0.5025,0.903333,1.0,0.16843,1.0,0.022
1308.0,ue[0],0,0.0,0.0,0.0,0.0,0.5,1.0,0.0,0.0,0.0,0.0
621.0,attacker[2],1,0.0,0.0,0.0,0.0,0.5,1.0,0.0,0.0,0.0,0.03
164.0,ue[1],0,0.011,0.0104,0.052885,0.001,0.50075,0.543333,1.0,0.0,1.0,0.022
938.0,attacker[2],1,0.0,0.0,0.0,0.0,0.5,1.0,0.0,0.0,0.0,0.0
47.0,attacker[2],1,0.025,0.0168,0.074405,0.008,0.503,0.153333,1.0,0.390434,1.0,0.025
79.0,ue[0],0,0.009,0.01,0.045,0.0,0.498333,0.26,1.0,0.0,1.0,0.018
28.0,attacker[2],1,0.014,0.0159,0.044025,0.004,0.498667,0.09,0.965517,0.07316,0.933333,0.024
1313.0,ue[3],0,0.0,0.0,0.0,0.0,0.5,1.0,0.0,0.0,0.0,0.0
186.0,ue[0],0,0.011,0.0089,0.061798,0.001,0.500083,0.616667,1.0,0.0,1.0,0.018
461.0,ue[3],0,0.0,0.0,0.0,0.0,0.5,1.0,0.0,0.0,0.0,0.018
811.0,ue[0],0,0.0,0.0,0.0,0.0,0.5,1.0,0.0,0.0,0.0,0.0
1441.0,ue[3],0,0.0,0.0,0.0,0.0,0.5,1.0,0.0,0.0,0.0,0.0
881.0,ue[2],0,0.0,0.0,0.0,0.0,0.5,1.0,0.0,0.0,0.0,0.0
1235.0,ue[3],0,0.0,0.0,0.0,0.0,0.5,1.0,0.0,0.0,0.0,0.0
1011.0,attacker[0],1,0.0,0.0,0.0,0.0,0.5,1.0,0.0,0.0,0.0,0.0
205.0,ue[2],0,0.009,0.0109,0.041284,0.008,0.500167,0.68,1.0,0.0,1.0,0.018
1243.0,attacker[2],1,0.0,0.0,0.0,0.0,0.5,1.0,0.0,0.0,0.0,0.0
1090.0,attacker[0],1,0.0,0.0,0.0,0.0,0.5,1.0,0.0,0.0,0.0,0.0
1249.0,ue[0],0,0.0,0.0,0.0,0.0,0.5,1.0,0.0,0.0,0.0,0.0
1004.0,attacker[0],1,0.0,0.0,0.0,0.0,0.5,1.0,0.0,0.0,0.0,0.0
913.0,attacker[2],1,0.0,0.0,0.0,0.0,0.5,1.0,0.0,0.0,0.0,0.0
50.0,ue[2],0,0.012,0.0099,0.060606,0.002,0.502,0.163333,1.0,0.0,1.0,0.018
86.0,ue[1],0,0.011,0.0101,0.054455,0.002,0.502667,0.283333,1.0,0.0,1.0,0.022
506.0,ue[4],0,0.0,0.0,0.0,0.0,0.5,1.0,0.0,0.0,0.0,0.019
1352.0,attacker[1],1,0.0,0.0,0.0,0.0,0.5,1.0,0.0,0.0,0.0,0.0
1162.0,ue[1],0,0.0,0.0,0.0,0.0,0.5,1.0,0.0,0.0,0.0,0.0
187.0,attacker[2],1,0.009,0.0167,0.026946,0.003,0.496583,0.62,1.0,0.0,1.0,0.025
14.0,ue[0],0,0.004,0.0109,0.018349,0.007,0.49725,0.043333,1.0,0.0,0.5,0.018
1349.0,attacker[1],1,0.0,0.0,0.0,0.0,0.5,1.0,0.0,0.0,0.0,0.0
919.0,attacker[2],1,0.0,0.0,0.0,0.0,0.5,1.0,0.0,0.0,0.0,0.0
1468.0,ue[4],0,0.0,0.0,0.0,0.0,0.5,1.0,0.0,0.0,0.0,0.0
556.0,ue[3],0,0.0,0.0,0.0,0.0,0.5,1.0,0.0,0.0,0.0,0.018
304.0,ue[2],0,0.0,0.0,0.0,0.0,0.5,1.0,0.666667,0.0,0.0,0.02
456.0,attacker[1],1,0.0,0.0,0.0,0.0,0.5,1.0,0.0,0.0,0.0,0.029
718.0,ue[0],0,0.0,0.0,0.0,0.0,0.5,1.0,0.0,0.0,0.0,0.022
1448.0,ue[4],0,0.0,0.0,0.0,0.0,0.5,1.0,0.0,0.0,0.0,0.0
223.0,ue[1],0,0.01,0.0101,0.049505,0.001,0.49975,0.74,1.0,0.0,1.0,0.022
504.0,ue[4],0,0.0,0.0,0.0,0.0,0.5,1.0,0.0,0.0,0.0,0.019
477.0,ue[2],0,0.0,0.0,0.0,0.0,0.5,1.0,0.0,0.0,0.0,0.02
1285.0,ue[1],0,0.0,0.0,0.0,0.0,0.5,1.0,0.0,0.0,0.0,0.0
819.0,ue[4],0,0.0,0.0,0.0,0.0,0.5,1.0,0.0,0.0,0.0,0.0
599.0,ue[0],0,0.0,0.0,0.0,0.0,0.5,1.0,0.0,0.0,0.0,0.022
297.0,attacker[2],1,0.0,0.0105,0.0,0.0,0.496167,0.986667,0.9,0.0,0.0,0.03
48.0,ue[2],0,0.007,0.0093,0.037634,0.001,0.49825,0.156667,1.0,0.0,1.0,0.018
500.0,ue[2],0,0.0,0.0,0.0,0.0,0.5,1.0,0.0,0.0,0.0,0.02
1436.0,ue[1],0,0.0,0.0,0.0,0.0,0.5,1.0,0.0,0.0,0.0,0.0
211.0,attacker[2],1,0.022,0.0147,0.07483,0.007,0.501917,0.7,1.0,0.481485,1.0,0.025
296.0,ue[2],0,0.0,0.0082,0.0,0.0,0.495,0.983333,0.933333,0.0,0.0,0.02
955.0,attacker[2],1,0.0,0.0,0.0,0.0,0.5,1.0,0.0,0.0,0.0,0.0
1128.0,ue[4],0,0.0,0.0,0.0,0.0,0.5,1.0,0.0,0.0,0.0,0.0
926.0,ue[3],0,0.0,0.0,0.0,0.0,0.5,1.0,0.0,0.0,0.0,0.0
1055.0,ue[3],0,0.0,0.0,0.0,0.0,0.5,1.0,0.0,0.0,0.0,0.0
130.0,attacker[0],1,0.015,0.0151,0.049669,0.001,0.499583,0.43,1.0,0.084684,1.0,0.027
731.0,ue[1],0,0.0,0.0,0.0,0.0,0.5,1.0,0.0,0.0,0.0,0.018
411.0,attacker[1],1,0.0,0.0,0.0,0.0,0.5,1.0,0.0,0.0,0.0,0.029
206.0,ue[1],0,0.011,0.0101,0.054455,0.001,0.500417,0.683333,1.0,0.0,1.0,0.022
499.0,attacker[1],1,0.0,0.0,0.0,0.0,0.5,1.0,0.0,0.0,0.0,0.029
60.0,attacker[0],1,0.013,0.0158,0.041139,0.005,0.500583,0.196667,1.0,0.242779,1.0,0.027
447.0,attacker[2],1,0.0,0.0,0.0,0.0,0.5,1.0,0.0,0.0,0.0,0.03
1061.0,attacker[1],1,0.0,0.0,0.0,0.0,0.5,1.0,0.0,0.0,0.0,0.0
1287.0,attacker[1],1,0.0,0.0,0.0,0.0,0.5,1.0,0.0,0.0,0.0,0.0
371.0,attacker[2],1,0.0,0.0,0.0,0.0,0.5,1.0,0.0,0.0,0.0,0.03
526.0,attacker[0],1,0.0,0.0,0.0,0.0,0.5,1.0,0.0,0.0,0.0,0.03
1431.0,attacker[2],1,0.0,0.0,0.0,0.0,0.5,1.0,0.0,0.0,0.0,0.0
33.0,attacker[1],1,0.026,0.019,0.068421,0.006,0.5025,0.106667,1.0,0.374202,1.0,0.029
1164.0,ue[3],0,0.0,0.0,0.0,0.0,0.5,1.0,0.0,0.0,0.0,0.0
363.0,ue[1],0,0.0,0.0,0.0,0.0,0.5,1.0,0.0,0.0,0.0,0.022
1458.0,ue[1],0,0.0,0.0,0.0,0.0,0.5,1.0,0.0,0.0,0.0,0.0
708.0,ue[4],0,0.0,0.0,0.0,0.0,0.5,1.0,0.0,0.0,0.0,0.018
808.0,ue[1],0,0.0,0.0,0.0,0.0,0.5,1.0,0.0,0.0,0.0,0.0
351.0,ue[0],0,0.0,0.0,0.0,0.0,0.5,1.0,0.0,0.0,0.0,0.022
715.0,ue[0],0,0.0,0.0,0.0,0.0,0.5,1.0,0.0,0.0,0.0,0.022
1163.0,attacker[2],1,0.0,0.0,0.0,0.0,0.5,1.0,0.0,0.0,0.0,0.0
3.0,attacker[1],1,0.012,0.01225,0.04898,0.017,0.5,0.006667,0.75,0.0,0.1,0.029
587.0,ue[0],0,0.0,0.0,0.0,0.0,0.5,1.0,0.0,0.0,0.0,0.022
580.0,ue[0],0,0.0,0.0,0.0,0.0,0.5,1.0,0.0,0.0,0.0,0.022
158.0,ue[0],0,0.011,0.009,0.061111,0.001,0.501917,0.523333,1.0,0.0,1.0,0.018
298.0,ue[0],0,0.0,0.0066,0.0,0.0,0.497833,0.99,0.866667,0.0,0.0,0.022
1039.0,ue[2],0,0.0,0.0,0.0,0.0,0.5,1.0,0.0,0.0,0.0,0.0
219.0,ue[1],0,0.01,0.0091,0.054945,0.003,0.50175,0.726667,1.0,0.0,1.0,0.022
1118.0,ue[1],0,0.0,0.0,0.0,0.0,0.5,1.0,0.0,0.0,0.0,0.0
72.0,ue[1],0,0.013,0.0109,0.059633,0.003,0.50125,0.236667,1.0,0.0,1.0,0.022
729.0,ue[0],0,0.0,0.0,0.0,0.0,0.5,1.0,0.0,0.0,0.0,0.022
1481.0,ue[2],0,0.0,0.0,0.0,0.0,0.5,1.0,0.0,0.0,0.0,0.0
1303.0,attacker[2],1,0.0,0.0,0.0,0.0,0.5,1.0,0.0,0.0,0.0,0.0
1231.0,attacker[0],1,0.0,0.0,0.0,0.0,0.5,1.0,0.0,0.0,0.0,0.0
207.0,ue[1],0,0.006,0.0096,0.03125,0.005,0.499083,0.686667,1.0,0.0,1.0,0.022
1379.0,ue[4],0,0.0,0.0,0.0,0.0,0.5,1.0,0.0,0.0,0.0,0.0
115.0,ue[2],0,0.005,0.0106,0.023585,0.009,0.49975,0.38,1.0,0.0,1.0,0.018
616.0,attacker[2],1,0.0,0.0,0.0,0.0,0.5,1.0,0.0,0.0,0.0,0.03
540.0,ue[4],0,0.0,0.0,0.0,0.0,0.5,1.0,0.0,0.0,0.0,0.019
1312.0,ue[1],0,0.0,0.0,0.0,0.0,0.5,1.0,0.0,0.0,0.0,0.0
370.0,ue[2],0,0.0,0.0,0.0,0.0,0.5,1.0,0.0,0.0,0.0,0.02
1033.0,attacker[2],1,0.0,0.0,0.0,0.0,0.5,1.0,0.0,0.0,0.0,0.0
1492.0,attacker[1],1,0.0,0.0,0.0,0.0,0.5,1.0,0.0,0.0,0.0,0.0
242.0,ue[3],0,0.004,0.01,0.02,0.006,0.4985,0.803333,1.0,0.0,1.0,0.018
336.0,ue[0],0,0.0,0.0,0.0,0.0,0.5,1.0,0.0,0.0,0.0,0.022
578.0,attacker[1],1,0.0,0.0,0.0,0.0,0.5,1.0,0.0,0.0,0.0,0.029
940.0,attacker[1],1,0.0,0.0,0.0,0.0,0.5,1.0,0.0,0.0,0.0,0.0
1225.0,ue[4],0,0.0,0.0,0.0,0.0,0.5,1.0,0.0,0.0,0.0,0.0
746.0,ue[2],0,0.0,0.0,0.0,0.0,0.5,1.0,0.0,0.0,0.0,0.014
1478.0,ue[4],0,0.0,0.0,0.0,0.0,0.5,1.0,0.0,0.0,0.0,0.0
709.0,attacker[1],1,0.0,0.0,0.0,0.0,0.5,1.0,0.0,0.0,0.0,0.025
1424.0,ue[2],0,0.0,0.0,0.0,0.0,0.5,1.0,0.0,0.0,0.0,0.0
1187.0,attacker[2],1,0.0,0.0,0.0,0.0,0.5,1.0,0.0,0.0,0.0,0.0
655.0,ue[3],0,0.0,0.0,0.0,0.0,0.5,1.0,0.0,0.0,0.0,0.018
395.0,ue[2],0,0.0,0.0,0.0,0.0,0.5,1.0,0.0,0.0,0.0,0.02
698.0,attacker[0],1,0.0,0.0,0.0,0.0,0.5,1.0,0.0,0.0,0.0,0.03
768.0,ue[4],0,0.0,0.0,0.0,0.0,0.5,1.0,0.0,0.0,0.0,0.018
514.0,attacker[2],1,0.0,0.0,0.0,0.0,0.5,1.0,0.0,0.0,0.0,0.03
554.0,ue[2],0,0.0,0.0,0.0,0.0,0.5,1.0,0.0,0.0,0.0,0.02
1022.0,attacker[0],1,0.0,0.0,0.0,0.0,0.5,1.0,0.0,0.0,0.0,0.0
67.0,ue[4],0,0.006,0.0085,0.035294,0.005,0.500583,0.22,1.0,0.0,1.0,0.019
87.0,attacker[1],1,0.011,0.0168,0.032738,0.006,0.499833,0.286667,1.0,0.0,1.0,0.029
717.0,ue[3],0,0.0,0.0,0.0,0.0,0.5,1.0,0.0,0.0,0.0,0.018
142.0,ue[0],0,0.014,0.0104,0.067308,0.001,0.50175,0.47,1.0,0.0,1.0,0.018
675.0,attacker[1],1,0.0,0.0,0.0,0.0,0.5,1.0,0.0,0.0,0.0,0.025
790.0,ue[3],0,0.0,0.0,0.0,0.0,0.5,1.0,0.0,0.0,0.0,0.014
777.0,attacker[2],1,0.0,0.0,0.0,0.0,0.5,1.0,0.0,0.0,0.0,0.025
1057.0,ue[3],0,0.0,0.0,0.0,0.0,0.5,1.0,0.0,0.0,0.0,0.0
1464.0,attacker[2],1,0.0,0.0,0.0,0.0,0.5,1.0,0.0,0.0,0.0,0.0
212.0,ue[2],0,0.008,0.011,0.036364,0.001,0.499917,0.703333,1.0,0.0,1.0,0.018
285.0,ue[2],0,0.01,0.0088,0.056818,0.002,0.499333,0.946667,1.0,0.0,1.0,0.02
975.0,ue[4],0,0.0,0.0,0.0,0.0,0.5,1.0,0.0,0.0,0.0,0.0
961.0,ue[3],0,0.0,0.0,0.0,0.0,0.5,1.0,0.0,0.0,0.0,0.0
732.0,attacker[0],1,0.0,0.0,0.0,0.0,0.5,1.0,0.0,0.0,0.0,0.03
1185.0,ue[4],0,0.0,0.0,0.0,0.0,0.5,1.0,0.0,0.0,0.0,0.0
986.0,ue[2],0,0.0,0.0,0.0,0.0,0.5,1.0,0.0,0.0,0.0,0.0
1492.0,attacker[2],1,0.0,0.0,0.0,0.0,0.5,1.0,0.0,0.0,0.0,0.0
1372.0,attacker[0],1,0.0,0.0,0.0,0.0,0.5,1.0,0.0,0.0,0.0,0.0
630.0,ue[3],0,0.0,0.0,0.0,0.0,0.5,1.0,0.0,0.0,0.0,0.018
423.0,attacker[2],1,0.0,0.0,0.0,0.0,0.5,1.0,0.0,0.0,0.0,0.03
605.0,ue[1],0,0.0,0.0,0.0,0.0,0.5,1.0,0.0,0.0,0.0,0.02
823.0,ue[0],0,0.0,0.0,0.0,0.0,0.5,1.0,0.0,0.0,0.0,0.0
585.0,ue[2],0,0.0,0.0,0.0,0.0,0.5,1.0,0.0,0.0,0.0,0.02
75.0,ue[2],0,0.012,0.0097,0.061856,0.001,0.501583,0.246667,1.0,0.0,1.0,0.018
751.0,attacker[0],1,0.0,0.0,0.0,0.0,0.5,1.0,0.0,0.0,0.0,0.03
1153.0,ue[1],0,0.0,0.0,0.0,0.0,0.5,1.0,0.0,0.0,0.0,0.0
913.0,attacker[0],1,0.0,0.0,0.0,0.0,0.5,1.0,0.0,0.0,0.0,0.0
218.0,ue[1],0,0.013,0.0091,0.071429,0.003,0.50175,0.723333,1.0,0.069328,1.0,0.022
504.0,attacker[2],1,0.0,0.0,0.0,0.0,0.5,1.0,0.0,0.0,0.0,0.03
934.0,ue[2],0,0.0,0.0,0.0,0.0,0.5,1.0,0.0,0.0,0.0,0.0
924.0,ue[3],0,0.0,0.0,0.0,0.0,0.5,1.0,0.0,0.0,0.0,0.0
362.0,attacker[2],1,0.0,0.0,0.0,0.0,0.5,1.0,0.0,0.0,0.0,0.03
1348.0,attacker[2],1,0.0,0.0,0.0,0.0,0.5,1.0,0.0,0.0,0.0,0.0
748.0,ue[4],0,0.0,0.0,0.0,0.0,0.5,1.0,0.0,0.0,0.0,0.018
589.0,attacker[2],1,0.0,0.0,0.0,0.0,0.5,1.0,0.0,0.0,0.0,0.03
843.0,ue[4],0,0.0,0.0,0.0,0.0,0.5,1.0,0.0,0.0,0.0,0.0
149.0,ue[3],0,0.007,0.0102,0.034314,0.001,0.497583,0.493333,1.0,0.0,1.0,0.017
1171.0,attacker[0],1,0.0,0.0,0.0,0.0,0.5,1.0,0.0,0.0,0.0,0.0
73.0,attacker[0],1,0.021,0.0171,0.061404,0.01,0.498333,0.24,1.0,0.316634,1.0,0.027
577.0,attacker[0],1,0.0,0.0,0.0,0.0,0.5,1.0,0.0,0.0,0.0,0.03
281.0,ue[0],0,0.014,0.0108,0.064815,0.005,0.50075,0.933333,1.0,0.0,1.0,0.022
741.0,ue[0],0,0.0,0.0,0.0,0.0,0.5,1.0,0.0,0.0,0.0,0.022
1378.0,ue[1],0,0.0,0.0,0.0,0.0,0.5,1.0,0.0,0.0,0.0,0.0
369.0,attacker[2],1,0.0,0.0,0.0,0.0,0.5,1.0,0.0,0.0,0.0,0.03
151.0,ue[4],0,0.006,0.0103,0.029126,0.001,0.49825,0.5,1.0,0.0,1.0,0.019
1157.0,ue[0],0,0.0,0.0,0.0,0.0,0.5,1.0,0.0,0.0,0.0,0.0
463.0,ue[2],0,0.0,0.0,0.0,0.0,0.5,1.0,0.0,0.0,0.0,0.02
1416.0,ue[4],0,0.0,0.0,0.0,0.0,0.5,1.0,0.0,0.0,0.0,0.0
622.0,attacker[0],1,0.0,0.0,0.0,0.0,0.5,1.0,0.0,0.0,0.0,0.03
603.0,attacker[1],1,0.0,0.0,0.0,0.0,0.5,1.0,0.0,0.0,0.0,0.029
564.0,ue[0],0,0.0,0.0,0.0,0.0,0.5,1.0,0.0,0.0,0.0,0.022
1387.0,attacker[2],1,0.0,0.0,0.0,0.0,0.5,1.0,0.0,0.0,0.0,0.0
1027.0,ue[0],0,0.0,0.0,0.0,0.0,0.5,1.0,0.0,0.0,0.0,0.0
1485.0,ue[4],0,0.0,0.0,0.0,0.0,0.5,1.0,0.0,0.0,0.0,0.0
232.0,ue[3],0,0.008,0.0101,0.039604,0.001,0.500417,0.77,1.0,0.0,1.0,0.018
140.0,ue[1],0,0.01,0.0095,0.052632,0.001,0.50125,0.463333,1.0,0.0,1.0,0.022
885.0,attacker[2],1,0.0,0.0,0.0,0.0,0.5,1.0,0.0,0.0,0.0,0.0
1071.0,attacker[0],1,0.0,0.0,0.0,0.0,0.5,1.0,0.0,0.0,0.0,0.0
991.0,attacker[1],1,0.0,0.0,0.0,0.0,0.5,1.0,0.0,0.0,0.0,0.0
233.0,ue[4],0,0.007,0.008,0.04375,0.003,0.498083,0.773333,1.0,0.0,1.0,0.019
809.0,attacker[2],1,0.0,0.0,0.0,0.0,0.5,1.0,0.0,0.0,0.0,0.0
1330.0,ue[2],0,0.0,0.0,0.0,0.0,0.5,1.0,0.0,0.0,0.0,0.0
689.0,ue[2],0,0.0,0.0,0.0,0.0,0.5,1.0,0.0,0.0,0.0,0.02
151.0,attacker[0],1,0.012,0.016,0.0375,0.005,0.49975,0.5,1.0,0.107211,1.0,0.027
211.0,ue[1],0,0.011,0.0097,0.056701,0.004,0.499667,0.7,1.0,0.0,1.0,0.022
107.0,ue[2],0,0.011,0.0107,0.051402,0.003,0.50175,0.353333,1.0,0.0,1.0,0.018
1370.0,ue[0],0,0.0,0.0,0.0,0.0,0.5,1.0,0.0,0.0,0.0,0.0
1183.0,ue[3],0,0.0,0.0,0.0,0.0,0.5,1.0,0.0,0.0,0.0,0.0
422.0,ue[2],0,0.0,0.0,0.0,0.0,0.5,1.0,0.0,0.0,0.0,0.02
487.0,ue[4],0,0.0,0.0,0.0,0.0,0.5,1.0,0.0,0.0,0.0,0.019
686.0,attacker[2],1,0.0,0.0,0.0,0.0,0.5,1.0,0.0,0.0,0.0,0.03
1359.0,ue[1],0,0.0,0.0,0.0,0.0,0.5,1.0,0.0,0.0,0.0,0.0
276.0,ue[2],0,0.008,0.0089,0.044944,0.003,0.498583,0.916667,1.0,0.0,1.0,0.02
430.0,ue[2],0,0.0,0.0,0.0,0.0,0.5,1.0,0.0,0.0,0.0,0.02
1033.0,attacker[1],1,0.0,0.0,0.0,0.0,0.5,1.0,0.0,0.0,0.0,0.0
333.0,attacker[0],1,0.0,0.0,0.0,0.0,0.5,1.0,0.0,0.0,0.0,0.03
156.0,ue[3],0,0.01,0.0095,0.052632,0.003,0.500917,0.516667,1.0,0.0,1.0,0.017
514.0,ue[4],0,0.0,0.0,0.0,0.0,0.5,1.0,0.0,0.0,0.0,0.019
1296.0,ue[3],0,0.0,0.0,0.0,0.0,0.5,1.0,0.0,0.0,0.0,0.0
1376.0,ue[3],0,0.0,0.0,0.0,0.0,0.5,1.0,0.0,0.0,0.0,0.0
299.0,ue[1],0,0.0,0.005,0.0,0.0,0.5,0.993333,0.833333,0.0,0.0,0.022
1342.0,ue[1],0,0.0,0.0,0.0,0.0,0.5,1.0,0.0,0.0,0.0,0.0
1175.0,ue[4],0,0.0,0.0,0.0,0.0,0.5,1.0,0.0,0.0,0.0,0.0
1320.0,ue[2],0,0.0,0.0,0.0,0.0,0.5,1.0,0.0,0.0,0.0,0.0
868.0,ue[3],0,0.0,0.0,0.0,0.0,0.5,1.0,0.0,0.0,0.0,0.0
370.0,ue[4],0,0.0,0.0,0.0,0.0,0.5,1.0,0.0,0.0,0.0,0.019
90.0,ue[1],0,0.014,0.0102,0.068627,0.005,0.49925,0.296667,1.0,0.0,1.0,0.022
215.0,ue[1],0,0.008,0.0092,0.043478,0.002,0.5,0.713333,1.0,0.0,1.0,0.022
1224.0,attacker[0],1,0.0,0.0,0.0,0.0,0.5,1.0,0.0,0.0,0.0,0.0
882.0,ue[4],0,0.0,0.0,0.0,0.0,0.5,1.0,0.0,0.0,0.0,0.0
1127.0,attacker[1],1,0.0,0.0,0.0,0.0,0.5,1.0,0.0,0.0,0.0,0.0
237.0,attacker[0],1,0.013,0.0174,0.037356,0.01,0.501667,0.786667,1.0,0.055629,1.0,0.027
572.0,ue[4],0,0.0,0.0,0.0,0.0,0.5,1.0,0.0,0.0,0.0,0.019
718.0,ue[3],0,0.0,0.0,0.0,0.0,0.5,1.0,0.0,0.0,0.0,0.018
145.0,attacker[2],1,0.025,0.0161,0.07764,0.01,0.501167,0.48,1.0,0.37737,1.0,0.025
94.0,attacker[2],1,0.015,0.0143,0.052448,0.001,0.501583,0.31,1.0,0.217732,1.0,0.025
618.0,attacker[2],1,0.0,0.0,0.0,0.0,0.5,1.0,0.0,0.0,0.0,0.03
606.0,ue[1],0,0.0,0.0,0.0,0.0,0.5,1.0,0.0,0.0,0.0,0.02
1444.0,attacker[0],1,0.0,0.0,0.0,0.0,0.5,1.0,0.0,0.0,0.0,0.0
1302.0,attacker[0],1,0.0,0.0,0.0,0.0,0.5,1.0,0.0,0.0,0.0,0.0
65.0,ue[4],0,0.01,0.0091,0.054945,0.004,0.500167,0.213333,1.0,0.0,1.0,0.019
762.0,ue[1],0,0.0,0.0,0.0,0.0,0.5,1.0,0.0,0.0,0.0,0.018
259.0,attacker[1],1,0.008,0.0166,0.024096,0.009,0.498083,0.86,1.0,0.0,1.0,0.029
1311.0,ue[1],0,0.0,0.0,0.0,0.0,0.5,1.0,0.0,0.0,0.0,0.0
12.0,ue[3],0,0.011,0.0104,0.052885,0.002,0.500333,0.036667,1.0,0.0,0.433333,0.014
104.0,ue[3],0,0.006,0.0078,0.038462,0.004,0.500833,0.343333,1.0,0.0,1.0,0.017
212.0,attacker[0],1,0.025,0.0177,0.070621,0.013,0.49925,0.703333,1.0,0.374288,1.0,0.027
740.0,ue[2],0,0.0,0.0,0.0,0.0,0.5,1.0,0.0,0.0,0.0,0.015
324.0,ue[1],0,0.0,0.0,0.0,0.0,0.5,1.0,0.0,0.0,0.0,0.022
384.0,ue[0],0,0.0,0.0,0.0,0.0,0.5,1.0,0.0,0.0,0.0,0.022
1279.0,attacker[2],1,0.0,0.0,0.0,0.0,0.5,1.0,0.0,0.0,0.0,0.0
1048.0,attacker[0],1,0.0,0.0,0.0,0.0,0.5,1.0,0.0,0.0,0.0,0.0
1087.0,ue[2],0,0.0,0.0,0.0,0.0,0.5,1.0,0.0,0.0,0.0,0.0
17.0,attacker[1],1,0.012,0.0168,0.035714,0.006,0.4995,0.053333,0.944444,0.0,0.566667,0.029
12.0,ue[2],0,0.015,0.0107,0.070093,0.003,0.501417,0.036667,1.0,0.021567,0.433333,0.015
727.0,ue[2],0,0.0,0.0,0.0,0.0,0.5,1.0,0.0,0.0,0.0,0.02
618.0,ue[3],0,0.0,0.0,0.0,0.0,0.5,1.0,0.0,0.0,0.0,0.018
438.0,attacker[1],1,0.0,0.0,0.0,0.0,0.5,1.0,0.0,0.0,0.0,0.029
455.0,ue[0],0,0.0,0.0,0.0,0.0,0.5,1.0,0.0,0.0,0.0,0.022
872.0,attacker[2],1,0.0,0.0,0.0,0.0,0.5,1.0,0.0,0.0,0.0,0.0
1173.0,ue[1],0,0.0,0.0,0.0,0.0,0.5,1.0,0.0,0.0,0.0,0.0
736.0,attacker[2],1,0.0,0.0,0.0,0.0,0.5,1.0,0.0,0.0,0.0,0.026
1384.0,attacker[1],1,0.0,0.0,0.0,0.0,0.5,1.0,0.0,0.0,0.0,0.0
1498.0,ue[0],0,0.0,0.0,0.0,0.0,0.5,1.0,0.0,0.0,0.0,0.0
251.0,attacker[0],1,0.022,0.0168,0.065476,0.007,0.50225,0.833333,1.0,0.293613,1.0,0.027
376.0,ue[2],0,0.0,0.0,0.0,0.0,0.5,1.0,0.0,0.0,0.0,0.02
1419.0,ue[1],0,0.0,0.0,0.0,0.0,0.5,1.0,0.0,0.0,0.0,0.0
1275.0,attacker[2],1,0.0,0.0,0.0,0.0,0.5,1.0,0.0,0.0,0.0,0.0
147.0,ue[0],0,0.009,0.0114,0.039474,0.001,0.498417,0.486667,1.0,0.0,1.0,0.018
1429.0,attacker[2],1,0.0,0.0,0.0,0.0,0.5,1.0,0.0,0.0,0.0,0.0
1494.0,attacker[2],1,0.0,0.0,0.0,0.0,0.5,1.0,0.0,0.0,0.0,0.0
676.0,ue[4],0,0.0,0.0,0.0,0.0,0.5,1.0,0.0,0.0,0.0,0.018
1244.0,attacker[1],1,0.0,0.0,0.0,0.0,0.5,1.0,0.0,0.0,0.0,0.0
1227.0,ue[1],0,0.0,0.0,0.0,0.0,0.5,1.0,0.0,0.0,0.0,0.0
1305.0,attacker[1],1,0.0,0.0,0.0,0.0,0.5,1.0,0.0,0.0,0.0,0.0
1303.0,attacker[0],1,0.0,0.0,0.0,0.0,0.5,1.0,0.0,0.0,0.0,0.0
671.0,ue[0],0,0.0,0.0,0.0,0.0,0.5,1.0,0.0,0.0,0.0,0.022
1308.0,attacker[0],1,0.0,0.0,0.0,0.0,0.5,1.0,0.0,0.0,0.0,0.0
1384.0,ue[0],0,0.0,0.0,0.0,0.0,0.5,1.0,0.0,0.0,0.0,0.0
1004.0,ue[0],0,0.0,0.0,0.0,0.0,0.5,1.0,0.0,0.0,0.0,0.0
979.0,attacker[0],1,0.0,0.0,0.0,0.0,0.5,1.0,0.0,0.0,0.0,0.0
1376.0,attacker[1],1,0.0,0.0,0.0,0.0,0.5,1.0,0.0,0.0,0.0,0.0
1124.0,attacker[2],1,0.0,0.0,0.0,0.0,0.5,1.0,0.0,0.0,0.0,0.0
1469.0,attacker[0],1,0.0,0.0,0.0,0.0,0.5,1.0,0.0,0.0,0.0,0.0
247.0,attacker[2],1,0.015,0.0146,0.05137,0.001,0.501083,0.82,1.0,0.144325,1.0,0.03
393.0,ue[4],0,0.0,0.0,0.0,0.0,0.5,1.0,0.0,0.0,0.0,0.019
1295.0,ue[2],0,0.0,0.0,0.0,0.0,0.5,1.0,0.0,0.0,0.0,0.0
236.0,ue[4],0,0.008,0.0083,0.048193,0.001,0.501083,0.783333,1.0,0.0,1.0,0.019
1265.0,ue[4],0,0.0,0.0,0.0,0.0,0.5,1.0,0.0,0.0,0.0,0.0
403.0,attacker[2],1,0.0,0.0,0.0,0.0,0.5,1.0,0.0,0.0,0.0,0.03
46.0,attacker[1],1,0.022,0.0164,0.067073,0.008,0.498667,0.15,1.0,0.332592,1.0,0.029
423.0,ue[0],0,0.0,0.0,0.0,0.0,0.5,1.0,0.0,0.0,0.0,0.022
1480.0,ue[1],0,0.0,0.0,0.0,0.0,0.5,1.0,0.0,0.0,0.0,0.0
1291.0,ue[2],0,0.0,0.0,0.0,0.0,0.5,1.0,0.0,0.0,0.0,0.0
26.0,ue[3],0,0.009,0.0104,0.043269,0.005,0.500583,0.083333,1.0,0.0,0.9,0.015
464.0,ue[2],0,0.0,0.0,0.0,0.0,0.5,1.0,0.0,0.0,0.0,0.02
561.0,ue[0],0,0.0,0.0,0.0,0.0,0.5,1.0,0.0,0.0,0.0,0.022
1174.0,attacker[1],1,0.0,0.0,0.0,0.0,0.5,1.0,0.0,0.0,0.0,0.0
97.0,ue[3],0,0.005,0.0104,0.024038,0.002,0.496333,0.32,1.0,0.0,1.0,0.017
723.0,ue[4],0,0.0,0.0,0.0,0.0,0.5,1.0,0.0,0.0,0.0,0.018
192.0,ue[2],0,0.008,0.0099,0.040404,0.001,0.49975,0.636667,1.0,0.0,1.0,0.018
1424.0,attacker[0],1,0.0,0.0,0.0,0.0,0.5,1.0,0.0,0.0,0.0,0.0
1256.0,attacker[1],1,0.0,0.0,0.0,0.0,0.5,1.0,0.0,0.0,0.0,0.0
798.0,ue[4],0,0.0,0.0,0.0,0.0,0.5,1.0,0.0,0.0,0.0,0.0
30.0,ue[4],0,0.012,0.0117,0.051282,0.0,0.499833,0.096667,1.0,0.014625,1.0,0.019
122.0,ue[0],0,0.011,0.0097,0.056701,0.003,0.49975,0.403333,1.0,0.0,1.0,0.018
1006.0,ue[3],0,0.0,0.0,0.0,0.0,0.5,1.0,0.0,0.0,0.0,0.0
396.0,ue[3],0,0.0,0.0,0.0,0.0,0.5,1.0,0.0,0.0,0.0,0.018
663.0,attacker[2],1,0.0,0.0,0.0,0.0,0.5,1.0,0.0,0.0,0.0,0.03
828.0,ue[4],0,0.0,0.0,0.0,0.0,0.5,1.0,0.0,0.0,0.0,0.0
1098.0,ue[3],0,0.0,0.0,0.0,0.0,0.5,1.0,0.0,0.0,0.0,0.0
816.0,attacker[2],1,0.0,0.0,0.0,0.0,0.5,1.0,0.0,0.0,0.0,0.0
1492.0,ue[2],0,0.0,0.0,0.0,0.0,0.5,1.0,0.0,0.0,0.0,0.0
1264.0,attacker[0],1,0.0,0.0,0.0,0.0,0.5,1.0,0.0,0.0,0.0,0.0
1029.0,ue[3],0,0.0,0.0,0.0,0.0,0.5,1.0,0.0,0.0,0.0,0.0
1111.0,attacker[1],1,0.0,0.0,0.0,0.0,0.5,1.0,0.0,0.0,0.0,0.0
323.0,ue[4],0,0.0,0.0,0.0,0.0,0.5,1.0,0.033333,0.0,0.0,0.019
438.0,ue[0],0,0.0,0.0,0.0,0.0,0.5,1.0,0.0,0.0,0.0,0.022
1117.0,attacker[0],1,0.0,0.0,0.0,0.0,0.5,1.0,0.0,0.0,0.0,0.0
1242.0,attacker[2],1,0.0,0.0,0.0,0.0,0.5,1.0,0.0,0.0,0.0,0.0
70.0,ue[4],0,0.009,0.0082,0.054878,0.001,0.499917,0.23,1.0,0.0,1.0,0.019
650.0,attacker[2],1,0.0,0.0,0.0,0.0,0.5,1.0,0.0,0.0,0.0,0.03
552.0,ue[2],0,0.0,0.0,0.0,0.0,0.5,1.0,0.0,0.0,0.0,0.02
1302.0,ue[3],0,0.0,0.0,0.0,0.0,0.5,1.0,0.0,0.0,0.0,0.0
1010.0,ue[0],0,0.0,0.0,0.0,0.0,0.5,1.0,0.0,0.0,0.0,0.0
758.0,attacker[2],1,0.0,0.0,0.0,0.0,0.5,1.0,0.0,0.0,0.0,0.026
1066.0,ue[1],0,0.0,0.0,0.0,0.0,0.5,1.0,0.0,0.0,0.0,0.0
1443.0,ue[2],0,0.0,0.0,0.0,0.0,0.5,1.0,0.0,0.0,0.0,0.0
487.0,ue[2],0,0.0,0.0,0.0,0.0,0.5,1.0,0.0,0.0,0.0,0.02
1290.0,attacker[1],1,0.0,0.0,0.0,0.0,0.5,1.0,0.0,0.0,0.0,0.0
946.0,ue[1],0,0.0,0.0,0.0,0.0,0.5,1.0,0.0,0.0,0.0,0.0
1375.0,ue[2],0,0.0,0.0,0.0,0.0,0.5,1.0,0.0,0.0,0.0,0.0
400.0,attacker[2],1,0.0,0.0,0.0,0.0,0.5,1.0,0.0,0.0,0.0,0.03
124.0,attacker[2],1,0.024,0.019,0.063158,0.004,0.502333,0.41,1.0,0.389033,1.0,0.025
136.0,attacker[0],1,0.011,0.0152,0.036184,0.007,0.499083,0.45,1.0,0.0522,1.0,0.027
627.0,ue[4],0,0.0,0.0,0.0,0.0,0.5,1.0,0.0,0.0,0.0,0.018
388.0,attacker[2],1,0.0,0.0,0.0,0.0,0.5,1.0,0.0,0.0,0.0,0.03
972.0,attacker[1],1,0.0,0.0,0.0,0.0,0.5,1.0,0.0,0.0,0.0,0.0
867.0,ue[2],0,0.0,0.0,0.0,0.0,0.5,1.0,0.0,0.0,0.0,0.0
620.0,attacker[0],1,0.0,0.0,0.0,0.0,0.5,1.0,0.0,0.0,0.0,0.03
1299.0,ue[3],0,0.0,0.0,0.0,0.0,0.5,1.0,0.0,0.0,0.0,0.0
289.0,ue[2],0,0.01,0.0104,0.048077,0.003,0.500417,0.96,1.0,0.0,1.0,0.02
210.0,attacker[1],1,0.012,0.016,0.0375,0.007,0.49925,0.696667,1.0,0.015817,1.0,0.029
1449.0,ue[4],0,0.0,0.0,0.0,0.0,0.5,1.0,0.0,0.0,0.0,0.0
1234.0,attacker[2],1,0.0,0.0,0.0,0.0,0.5,1.0,0.0,0.0,0.0,0.0
1110.0,attacker[2],1,0.0,0.0,0.0,0.0,0.5,1.0,0.0,0.0,0.0,0.0
1436.0,ue[2],0,0.0,0.0,0.0,0.0,0.5,1.0,0.0,0.0,0.0,0.0
476.0,ue[4],0,0.0,0.0,0.0,0.0,0.5,1.0,0.0,0.0,0.0,0.019
518.0,ue[0],0,0.0,0.0,0.0,0.0,0.5,1.0,0.0,0.0,0.0,0.022
934.0,ue[1],0,0.0,0.0,0.0,0.0,0.5,1.0,0.0,0.0,0.0,0.0
206.0,ue[0],0,0.011,0.0087,0.063218,0.0,0.501833,0.683333,1.0,0.0,1.0,0.018
1142.0,ue[1],0,0.0,0.0,0.0,0.0,0.5,1.0,0.0,0.0,0.0,0.0
1328.0,attacker[0],1,0.0,0.0,0.0,0.0,0.5,1.0,0.0,0.0,0.0,0.0
131.0,ue[0],0,0.009,0.0102,0.044118,0.004,0.501333,0.433333,1.0,0.0,1.0,0.018
232.0,ue[4],0,0.004,0.0081,0.024691,0.005,0.497917,0.77,1.0,0.0,1.0,0.019
18.0,ue[0],0,0.013,0.0105,0.061905,0.001,0.50375,0.056667,1.0,0.084385,0.633333,0.018
1107.0,attacker[0],1,0.0,0.0,0.0,0.0,0.5,1.0,0.0,0.0,0.0,0.0
245.0,ue[3],0,0.009,0.0095,0.047368,0.004,0.502,0.813333,1.0,0.0,1.0,0.018
1477.0,attacker[2],1,0.0,0.0,0.0,0.0,0.5,1.0,0.0,0.0,0.0,0.0
1346.0,ue[3],0,0.0,0.0,0.0,0.0,0.5,1.0,0.0,0.0,0.0,0.0
597.0,ue[1],0,0.0,0.0,0.0,0.0,0.5,1.0,0.0,0.0,0.0,0.02
698.0,ue[4],0,0.0,0.0,0.0,0.0,0.5,1.0,0.0,0.0,0.0,0.018
932.0,ue[1],0,0.0,0.0,0.0,0.0,0.5,1.0,0.0,0.0,0.0,0.0
22.0,ue[1],0,0.008,0.0104,0.038462,0.001,0.497917,0.07,1.0,0.0,0.766667,0.017
1297.0,ue[1],0,0.0,0.0,0.0,0.0,0.5,1.0,0.0,0.0,0.0,0.0
1499.0,ue[3],0,0.0,0.0,0.0,0.0,0.5,1.0,0.0,0.0,0.0,0.0
552.0,attacker[1],1,0.0,0.0,0.0,0.0,0.5,1.0,0.0,0.0,0.0,0.029
91.0,ue[0],0,0.006,0.0113,0.026549,0.009,0.499583,0.3,1.0,0.0,1.0,0.018
1182.0,ue[0],0,0.0,0.0,0.0,0.0,0.5,1.0,0.0,0.0,0.0,0.0
1174.0,attacker[2],1,0.0,0.0,0.0,0.0,0.5,1.0,0.0,0.0,0.0,0.0
1112.0,ue[4],0,0.0,0.0,0.0,0.0,0.5,1.0,0.0,0.0,0.0,0.0
647.0,attacker[1],1,0.0,0.0,0.0,0.0,0.5,1.0,0.0,0.0,0.0,0.025
1144.0,attacker[1],1,0.0,0.0,0.0,0.0,0.5,1.0,0.0,0.0,0.0,0.0
846.0,attacker[1],1,0.0,0.0,0.0,0.0,0.5,1.0,0.0,0.0,0.0,0.0
1242.0,ue[2],0,0.0,0.0,0.0,0.0,0.5,1.0,0.0,0.0,0.0,0.0
1146.0,ue[4],0,0.0,0.0,0.0,0.0,0.5,1.0,0.0,0.0,0.0,0.0
771.0,ue[2],0,0.0,0.0,0.0,0.0,0.5,1.0,0.0,0.0,0.0,0.013
32.0,ue[0],0,0.009,0.0099,0.045455,0.003,0.500583,0.103333,1.0,0.0,1.0,0.018
939.0,attacker[1],1,0.0,0.0,0.0,0.0,0.5,1.0,0.0,0.0,0.0,0.0
82.0,ue[2],0,0.009,0.0108,0.041667,0.001,0.49825,0.27,1.0,0.0,1.0,0.018
1080.0,ue[2],0,0.0,0.0,0.0,0.0,0.5,1.0,0.0,0.0,0.0,0.0
300.0,ue[1],0,0.0,0.0045,0.0,0.0,0.5,0.996667,0.8,0.0,0.0,0.022
1014.0,attacker[2],1,0.0,0.0,0.0,0.0,0.5,1.0,0.0,0.0,0.0,0.0
585.0,attacker[2],1,0.0,0.0,0.0,0.0,0.5,1.0,0.0,0.0,0.0,0.03
915.0,attacker[0],1,0.0,0.0,0.0,0.0,0.5,1.0,0.0,0.0,0.0,0.0
1031.0,ue[4],0,0.0,0.0,0.0,0.0,0.5,1.0,0.0,0.0,0.0,0.0
53.0,ue[3],0,0.009,0.0104,0.043269,0.001,0.499917,0.173333,1.0,0.0,1.0,0.015
1243.0,ue[4],0,0.0,0.0,0.0,0.0,0.5,1.0,0.0,0.0,0.0,0.0
831.0,ue[1],0,0.0,0.0,0.0,0.0,0.5,1.0,0.0,0.0,0.0,0.0
1034.0,attacker[2],1,0.0,0.0,0.0,0.0,0.5,1.0,0.0,0.0,0.0,0.0
80.0,attacker[2],1,0.019,0.0161,0.059006,0.004,0.501,0.263333,1.0,0.194519,1.0,0.025
667.0,ue[1],0,0.0,0.0,0.0,0.0,0.5,1.0,0.0,0.0,0.0,0.018
806.0,attacker[0],1,0.0,0.0,0.0,0.0,0.5,1.0,0.0,0.0,0.0,0.0
102.0,attacker[2],1,0.011,0.0155,0.035484,0.002,0.498167,0.336667,1.0,0.0,1.0,0.025
344.0,attacker[0],1,0.0,0.0,0.0,0.0,0.5,1.0,0.0,0.0,0.0,0.03
1386.0,ue[3],0,0.0,0.0,0.0,0.0,0.5,1.0,0.0,0.0,0.0,0.0
659.0,attacker[0],1,0.0,0.0,0.0,0.0,0.5,1.0,0.0,0.0,0.0,0.03
1489.0,attacker[2],1,0.0,0.0,0.0,0.0,0.5,1.0,0.0,0.0,0.0,0.0
820.0,ue[1],0,0.0,0.0,0.0,0.0,0.5,1.0,0.0,0.0,0.0,0.0
576.0,ue[2],0,0.0,0.0,0.0,0.0,0.5,1.0,0.0,0.0,0.0,0.02
1459.0,ue[2],0,0.0,0.0,0.0,0.0,0.5,1.0,0.0,0.0,0.0,0.0
418.0,ue[1],0,0.0,0.0,0.0,0.0,0.5,1.0,0.0,0.0,0.0,0.022
1269.0,ue[3],0,0.0,0.0,0.0,0.0,0.5,1.0,0.0,0.0,0.0,0.0
143.0,ue[1],0,0.008,0.0089,0.044944,0.001,0.499917,0.473333,1.0,0.0,1.0,0.022
963.0,ue[0],0,0.0,0.0,0.0,0.0,0.5,1.0,0.0,0.0,0.0,0.0
1298.0,ue[1],0,0.0,0.0,0.0,0.0,0.5,1.0,0.0,0.0,0.0,0.0
822.0,ue[4],0,0.0,0.0,0.0,0.0,0.5,1.0,0.0,0.0,0.0,0.0
439.0,attacker[0],1,0.0,0.0,0.0,0.0,0.5,1.0,0.0,0.0,0.0,0.03
1300.0,ue[2],0,0.0,0.0,0.0,0.0,0.5,1.0,0.0,0.0,0.0,0.0
807.0,ue[0],0,0.0,0.0,0.0,0.0,0.5,1.0,0.0,0.0,0.0,0.0
456.0,ue[0],0,0.0,0.0,0.0,0.0,0.5,1.0,0.0,0.0,0.0,0.022
723.0,attacker[0],1,0.0,0.0,0.0,0.0,0.5,1.0,0.0,0.0,0.0,0.03
643.0,attacker[0],1,0.0,0.0,0.0,0.0,0.5,1.0,0.0,0.0,0.0,0.03
1209.0,attacker[0],1,0.0,0.0,0.0,0.0,0.5,1.0,0.0,0.0,0.0,0.0
518.0,ue[1],0,0.0,0.0,0.0,0.0,0.5,1.0,0.0,0.0,0.0,0.022
550.0,attacker[0],1,0.0,0.0,0.0,0.0,0.5,1.0,0.0,0.0,0.0,0.03
1344.0,attacker[1],1,0.0,0.0,0.0,0.0,0.5,1.0,0.0,0.0,0.0,0.0
251.0,attacker[1],1,0.023,0.0162,0.070988,0.009,0.500917,0.833333,1.0,0.324118,1.0,0.029
1278.0,ue[0],0,0.0,0.0,0.0,0.0,0.5,1.0,0.0,0.0,0.0,0.0
316.0,ue[3],0,0.0,0.0,0.0,0.0,0.5,1.0,0.266667,0.0,0.0,0.018
517.0,attacker[1],1,0.0,0.0,0.0,0.0,0.5,1.0,0.0,0.0,0.0,0.029
1272.0,attacker[1],1,0.0,0.0,0.0,0.0,0.5,1.0,0.0,0.0,0.0,0.0
1401.0,ue[2],0,0.0,0.0,0.0,0.0,0.5,1.0,0.0,0.0,0.0,0.0
984.0,ue[0],0,0.0,0.0,0.0,0.0,0.5,1.0,0.0,0.0,0.0,0.0
1251.0,attacker[0],1,0.0,0.0,0.0,0.0,0.5,1.0,0.0,0.0,0.0,0.0
305.0,ue[4],0,0.0,0.0,0.0,0.0,0.5,1.0,0.633333,0.0,0.0,0.019
503.0,attacker[0],1,0.0,0.0,0.0,0.0,0.5,1.0,0.0,0.0,0.0,0.03
824.0,attacker[1],1,0.0,0.0,0.0,0.0,0.5,1.0,0.0,0.0,0.0,0.0
1.0,ue[2],0,0.005,0.004,0.0625,0.002,0.5,0.0,1.0,0.0,0.066667,0.005
1276.0,ue[0],0,0.0,0.0,0.0,0.0,0.5,1.0,0.0,0.0,0.0,0.0
469.0,ue[2],0,0.0,0.0,0.0,0.0,0.5,1.0,0.0,0.0,0.0,0.02
1200.0,ue[0],0,0.0,0.0,0.0,0.0,0.5,1.0,0.0,0.0,0.0,0.0
494.0,attacker[1],1,0.0,0.0,0.0,0.0,0.5,1.0,0.0,0.0,0.0,0.029
744.0,attacker[2],1,0.0,0.0,0.0,0.0,0.5,1.0,0.0,0.0,0.0,0.026
1098.0,ue[4],0,0.0,0.0,0.0,0.0,0.5,1.0,0.0,0.0,0.0,0.0
877.0,ue[3],0,0.0,0.0,0.0,0.0,0.5,1.0,0.0,0.0,0.0,0.0
699.0,attacker[0],1,0.0,0.0,0.0,0.0,0.5,1.0,0.0,0.0,0.0,0.03
914.0,attacker[2],1,0.0,0.0,0.0,0.0,0.5,1.0,0.0,0.0,0.0,0.0
501.0,attacker[0],1,0.0,0.0,0.0,0.0,0.5,1.0,0.0,0.0,0.0,0.03
1293.0,ue[3],0,0.0,0.0,0.0,0.0,0.5,1.0,0.0,0.0,0.0,0.0
618.0,ue[0],0,0.0,0.0,0.0,0.0,0.5,1.0,0.0,0.0,0.0,0.022
1274.0,ue[4],0,0.0,0.0,0.0,0.0,0.5,1.0,0.0,0.0,0.0,0.0
20.0,ue[4],0,0.012,0.0106,0.056604,0.005,0.498917,0.063333,1.0,0.00561,0.7,0.019
1320.0,ue[3],0,0.0,0.0,0.0,0.0,0.5,1.0,0.0,0.0,0.0,0.0
30.0,attacker[1],1,0.013,0.0185,0.035135,0.009,0.501083,0.096667,1.0,0.073127,1.0,0.029
1009.0,ue[1],0,0.0,0.0,0.0,0.0,0.5,1.0,0.0,0.0,0.0,0.0
597.0,ue[4],0,0.0,0.0,0.0,0.0,0.5,1.0,0.0,0.0,0.0,0.019
1426.0,ue[1],0,0.0,0.0,0.0,0.0,0.5,1.0,0.0,0.0,0.0,0.0
1317.0,ue[4],0,0.0,0.0,0.0,0.0,0.5,1.0,0.0,0.0,0.0,0.0
491.0,ue[0],0,0.0,0.0,0.0,0.0,0.5,1.0,0.0,0.0,0.0,0.022
904.0,ue[2],0,0.0,0.0,0.0,0.0,0.5,1.0,0.0,0.0,0.0,0.0
1179.0,ue[0],0,0.0,0.0,0.0,0.0,0.5,1.0,0.0,0.0,0.0,0.0
980.0,attacker[1],1,0.0,0.0,0.0,0.0,0.5,1.0,0.0,0.0,0.0,0.0
1451.0,ue[4],0,0.0,0.0,0.0,0.0,0.5,1.0,0.0,0.0,0.0,0.0
161.0,attacker[2],1,0.013,0.0138,0.047101,0.002,0.499,0.533333,1.0,0.057022,1.0,0.025
645.0,ue[1],0,0.0,0.0,0.0,0.0,0.5,1.0,0.0,0.0,0.0,0.02
244.0,attacker[2],1,0.011,0.0168,0.032738,0.001,0.49825,0.81,1.0,0.0,1.0,0.03
907.0,ue[1],0,0.0,0.0,0.0,0.0,0.5,1.0,0.0,0.0,0.0,0.0
1152.0,attacker[2],1,0.0,0.0,0.0,0.0,0.5,1.0,0.0,0.0,0.0,0.0
621.0,ue[1],0,0.0,0.0,0.0,0.0,0.5,1.0,0.0,0.0,0.0,0.02
416.0,ue[2],0,0.0,0.0,0.0,0.0,0.5,1.0,0.0,0.0,0.0,0.02
98.0,ue[2],0,0.011,0.0094,0.058511,0.006,0.500167,0.323333,1.0,0.0,1.0,0.018
1176.0,attacker[1],1,0.0,0.0,0.0,0.0,0.5,1.0,0.0,0.0,0.0,0.0
101.0,ue[0],0,0.009,0.0092,0.048913,0.0,0.500333,0.333333,1.0,0.0,1.0,0.018
402.0,attacker[2],1,0.0,0.0,0.0,0.0,0.5,1.0,0.0,0.0,0.0,0.03
1145.0,ue[0],0,0.0,0.0,0.0,0.0,0.5,1.0,0.0,0.0,0.0,0.0
1417.0,attacker[2],1,0.0,0.0,0.0,0.0,0.5,1.0,0.0,0.0,0.0,0.0
938.0,attacker[0],1,0.0,0.0,0.0,0.0,0.5,1.0,0.0,0.0,0.0,0.0
1172.0,attacker[0],1,0.0,0.0,0.0,0.0,0.5,1.0,0.0,0.0,0.0,0.0
349.0,ue[1],0,0.0,0.0,0.0,0.0,0.5,1.0,0.0,0.0,0.0,0.022
241.0,ue[1],0,0.005,0.0094,0.026596,0.003,0.497917,0.8,1.0,0.0,1.0,0.022
74.0,ue[3],0,0.008,0.0093,0.043011,0.002,0.500167,0.243333,1.0,0.0,1.0,0.016
670.0,ue[1],0,0.0,0.0,0.0,0.0,0.5,1.0,0.0,0.0,0.0,0.018
217.0,attacker[0],1,0.02,0.0178,0.05618,0.006,0.500667,0.72,1.0,0.31136,1.0,0.027
879.0,ue[2],0,0.0,0.0,0.0,0.0,0.5,1.0,0.0,0.0,0.0,0.0
132.0,attacker[2],1,0.02,0.0175,0.057143,0.007,0.49925,0.436667,1.0,0.443537,1.0,0.025
76.0,ue[1],0,0.009,0.0095,0.047368,0.002,0.500333,0.25,1.0,0.0,1.0,0.022
127.0,ue[1],0,0.004,0.0092,0.021739,0.008,0.499167,0.42,1.0,0.0,1.0,0.022
102.0,ue[2],0,0.007,0.0099,0.035354,0.011,0.50125,0.336667,1.0,0.0,1.0,0.018
327.0,ue[2],0,0.0,0.0,0.0,0.0,0.5,1.0,0.0,0.0,0.0,0.02
168.0,ue[0],0,0.014,0.0117,0.059829,0.005,0.49975,0.556667,1.0,0.103692,1.0,0.018
1177.0,attacker[0],1,0.0,0.0,0.0,0.0,0.5,1.0,0.0,0.0,0.0,0.0
1130.0,ue[3],0,0.0,0.0,0.0,0.0,0.5,1.0,0.0,0.0,0.0,0.0
1152.0,ue[3],0,0.0,0.0,0.0,0.0,0.5,1.0,0.0,0.0,0.0,0.0
1309.0,ue[3],0,0.0,0.0,0.0,0.0,0.5,1.0,0.0,0.0,0.0,0.0
1013.0,ue[2],0,0.0,0.0,0.0,0.0,0.5,1.0,0.0,0.0,0.0,0.0
1245.0,ue[3],0,0.0,0.0,0.0,0.0,0.5,1.0,0.0,0.0,0.0,0.0
107.0,ue[0],0,0.007,0.0098,0.035714,0.008,0.4995,0.353333,1.0,0.0,1.0,0.018
92.0,ue[3],0,0.008,0.0095,0.042105,0.003,0.49925,0.303333,1.0,0.0,1.0,0.016
1489.0,ue[3],0,0.0,0.0,0.0,0.0,0.5,1.0,0.0,0.0,0.0,0.0
1293.0,attacker[1],1,0.0,0.0,0.0,0.0,0.5,1.0,0.0,0.0,0.0,0.0
583.0,ue[3],0,0.0,0.0,0.0,0.0,0.5,1.0,0.0,0.0,0.0,0.018
1331.0,ue[4],0,0.0,0.0,0.0,0.0,0.5,1.0,0.0,0.0,0.0,0.0
1492.0,ue[4],0,0.0,0.0,0.0,0.0,0.5,1.0,0.0,0.0,0.0,0.0
384.0,attacker[2],1,0.0,0.0,0.0,0.0,0.5,1.0,0.0,0.0,0.0,0.03
638.0,attacker[1],1,0.0,0.0,0.0,0.0,0.5,1.0,0.0,0.0,0.0,0.029
1300.0,attacker[0],1,0.0,0.0,0.0,0.0,0.5,1.0,0.0,0.0,0.0,0.0
890.0,ue[0],0,0.0,0.0,0.0,0.0,0.5,1.0,0.0,0.0,0.0,0.0
799.0,ue[2],0,0.0,0.0,0.0,0.0,0.5,1.0,0.0,0.0,0.0,0.0
1081.0,ue[2],0,0.0,0.0,0.0,0.0,0.5,1.0,0.0,0.0,0.0,0.0
1252.0,attacker[1],1,0.0,0.0,0.0,0.0,0.5,1.0,0.0,0.0,0.0,0.0
596.0,attacker[0],1,0.0,0.0,0.0,0.0,0.5,1.0,0.0,0.0,0.0,0.03
1248.0,ue[1],0,0.0,0.0,0.0,0.0,0.5,1.0,0.0,0.0,0.0,0.0
989.0,ue[0],0,0.0,0.0,0.0,0.0,0.5,1.0,0.0,0.0,0.0,0.0
824.0,ue[1],0,0.0,0.0,0.0,0.0,0.5,1.0,0.0,0.0,0.0,0.0
1401.0,ue[1],0,0.0,0.0,0.0,0.0,0.5,1.0,0.0,0.0,0.0,0.0
531.0,ue[2],0,0.0,0.0,0.0,0.0,0.5,1.0,0.0,0.0,0.0,0.02
1248.0,attacker[2],1,0.0,0.0,0.0,0.0,0.5,1.0,0.0,0.0,0.0,0.0
896.0,attacker[0],1,0.0,0.0,0.0,0.0,0.5,1.0,0.0,0.0,0.0,0.0
716.0,ue[0],0,0.0,0.0,0.0,0.0,0.5,1.0,0.0,0.0,0.0,0.022
1310.0,ue[2],0,0.0,0.0,0.0,0.0,0.5,1.0,0.0,0.0,0.0,0.0
672.0,ue[0],0,0.0,0.0,0.0,0.0,0.5,1.0,0.0,0.0,0.0,0.022
505.0,ue[2],0,0.0,0.0,0.0,0.0,0.5,1.0,0.0,0.0,0.0,0.02
720.0,attacker[0],1,0.0,0.0,0.0,0.0,0.5,1.0,0.0,0.0,0.0,0.03
356.0,attacker[1],1,0.0,0.0,0.0,0.0,0.5,1.0,0.0,0.0,0.0,0.029
572.0,attacker[1],1,0.0,0.0,0.0,0.0,0.5,1.0,0.0,0.0,0.0,0.029
310.0,ue[3],0,0.0,0.0,0.0,0.0,0.5,1.0,0.466667,0.0,0.0,0.018
1330.0,attacker[2],1,0.0,0.0,0.0,0.0,0.5,1.0,0.0,0.0,0.0,0.0
62.0,ue[1],0,0.009,0.0097,0.046392,0.01,0.502833,0.203333,1.0,0.0,1.0,0.022
59.0,ue[2],0,0.01,0.0095,0.052632,0.001,0.500583,0.193333,1.0,0.0,1.0,0.018
1461.0,attacker[1],1,0.0,0.0,0.0,0.0,0.5,1.0,0.0,0.0,0.0,0.0
830.0,ue[2],0,0.0,0.0,0.0,0.0,0.5,1.0,0.0,0.0,0.0,0.0
191.0,attacker[0],1,0.009,0.0181,0.024862,0.016,0.5005,0.633333,1.0,0.0,1.0,0.027
385.0,ue[2],0,0.0,0.0,0.0,0.0,0.5,1.0,0.0,0.0,0.0,0.02
1118.0,ue[4],0,0.0,0.0,0.0,0.0,0.5,1.0,0.0,0.0,0.0,0.0
623.0,ue[3],0,0.0,0.0,0.0,0.0,0.5,1.0,0.0,0.0,0.0,0.018
1321.0,ue[1],0,0.0,0.0,0.0,0.0,0.5,1.0,0.0,0.0,0.0,0.0
319.0,ue[2],0,0.0,0.0,0.0,0.0,0.5,1.0,0.166667,0.0,0.0,0.02
690.0,attacker[2],1,0.0,0.0,0.0,0.0,0.5,1.0,0.0,0.0,0.0,0.03
15.0,attacker[0],1,0.015,0.018,0.041667,0.0,0.4975,0.046667,0.9375,0.070711,0.5,0.023
85.0,ue[1],0,0.013,0.0099,0.065657,0.009,0.500417,0.28,1.0,0.082975,1.0,0.022
1106.0,ue[2],0,0.0,0.0,0.0,0.0,0.5,1.0,0.0,0.0,0.0,0.0
1305.0,ue[3],0,0.0,0.0,0.0,0.0,0.5,1.0,0.0,0.0,0.0,0.0
1405.0,attacker[1],1,0.0,0.0,0.0,0.0,0.5,1.0,0.0,0.0,0.0,0.0
431.0,ue[4],0,0.0,0.0,0.0,0.0,0.5,1.0,0.0,0.0,0.0,0.019
711.0,attacker[0],1,0.0,0.0,0.0,0.0,0.5,1.0,0.0,0.0,0.0,0.03
1198.0,ue[2],0,0.0,0.0,0.0,0.0,0.5,1.0,0.0,0.0,0.0,0.0
69.0,attacker[1],1,0.012,0.0163,0.03681,0.001,0.49725,0.226667,1.0,0.00849,1.0,0.029
129.0,ue[2],0,0.006,0.01,0.03,0.007,0.499083,0.426667,1.0,0.0,1.0,0.018
1405.0,ue[3],0,0.0,0.0,0.0,0.0,0.5,1.0,0.0,0.0,0.0,0.0
784.0,ue[4],0,0.0,0.0,0.0,0.0,0.5,1.0,0.0,0.0,0.0,0.018
159.0,ue[2],0,0.01,0.0091,0.054945,0.003,0.500083,0.526667,1.0,0.0,1.0,0.018
426.0,attacker[2],1,0.0,0.0,0.0,0.0,0.5,1.0,0.0,0.0,0.0,0.03
206.0,ue[2],0,0.013,0.0112,0.058036,0.004,0.498,0.683333,1.0,0.005287,1.0,0.018
1416.0,attacker[1],1,0.0,0.0,0.0,0.0,0.5,1.0,0.0,0.0,0.0,0.0
52.0,ue[2],0,0.01,0.0101,0.049505,0.002,0.501667,0.17,1.0,0.0,1.0,0.018
404.0,ue[3],0,0.0,0.0,0.0,0.0,0.5,1.0,0.0,0.0,0.0,0.018
1281.0,ue[4],0,0.0,0.0,0.0,0.0,0.5,1.0,0.0,0.0,0.0,0.0
1223.0,attacker[2],1,0.0,0.0,0.0,0.0,0.5,1.0,0.0,0.0,0.0,0.0
163.0,attacker[2],1,0.013,0.0148,0.043919,0.006,0.500667,0.54,1.0,0.037865,1.0,0.025
297.0,ue[3],0,0.0,0.0062,0.0,0.0,0.496333,0.986667,0.9,0.0,0.0,0.018
1202.0,ue[3],0,0.0,0.0,0.0,0.0,0.5,1.0,0.0,0.0,0.0,0.0
1069.0,attacker[2],1,0.0,0.0,0.0,0.0,0.5,1.0,0.0,0.0,0.0,0.0
1130.0,attacker[2],1,0.0,0.0,0.0,0.0,0.5,1.0,0.0,0.0,0.0,0.0
1049.0,attacker[0],1,0.0,0.0,0.0,0.0,0.5,1.0,0.0,0.0,0.0,0.0
615.0,ue[1],0,0.0,0.0,0.0,0.0,0.5,1.0,0.0,0.0,0.0,0.02
100.0,ue[0],0,0.009,0.0089,0.050562,0.001,0.499917,0.33,1.0,0.0,1.0,0.018
1305.0,ue[1],0,0.0,0.0,0.0,0.0,0.5,1.0,0.0,0.0,0.0,0.0
1232.0,attacker[0],1,0.0,0.0,0.0,0.0,0.5,1.0,0.0,0.0,0.0,0.0
1080.0,ue[0],0,0.0,0.0,0.0,0.0,0.5,1.0,0.0,0.0,0.0,0.0
307.0,attacker[0],1,0.0,0.0,0.0,0.0,0.5,1.0,0.566667,0.0,0.0,0.03
1139.0,attacker[1],1,0.0,0.0,0.0,0.0,0.5,1.0,0.0,0.0,0.0,0.0
974.0,attacker[2],1,0.0,0.0,0.0,0.0,0.5,1.0,0.0,0.0,0.0,0.0
1179.0,ue[1],0,0.0,0.0,0.0,0.0,0.5,1.0,0.0,0.0,0.0,0.0
1428.0,ue[4],0,0.0,0.0,0.0,0.0,0.5,1.0,0.0,0.0,0.0,0.0
548.0,attacker[0],1,0.0,0.0,0.0,0.0,0.5,1.0,0.0,0.0,0.0,0.03
2.0,ue[1],0,0.01,0.008,0.0625,0.0,0.5,0.003333,1.0,0.0,0.1,0.01
813.0,ue[2],0,0.0,0.0,0.0,0.0,0.5,1.0,0.0,0.0,0.0,0.0
410.0,attacker[2],1,0.0,0.0,0.0,0.0,0.5,1.0,0.0,0.0,0.0,0.03
1167.0,attacker[1],1,0.0,0.0,0.0,0.0,0.5,1.0,0.0,0.0,0.0,0.0
1357.0,ue[3],0,0.0,0.0,0.0,0.0,0.5,1.0,0.0,0.0,0.0,0.0
646.0,ue[2],0,0.0,0.0,0.0,0.0,0.5,1.0,0.0,0.0,0.0,0.02
934.0,attacker[0],1,0.0,0.0,0.0,0.0,0.5,1.0,0.0,0.0,0.0,0.0
523.0,ue[4],0,0.0,0.0,0.0,0.0,0.5,1.0,0.0,0.0,0.0,0.019
501.0,ue[1],0,0.0,0.0,0.0,0.0,0.5,1.0,0.0,0.0,0.0,0.022
1369.0,ue[3],0,0.0,0.0,0.0,0.0,0.5,1.0,0.0,0.0,0.0,0.0
757.0,ue[0],0,0.0,0.0,0.0,0.0,0.5,1.0,0.0,0.0,0.0,0.022
194.0,attacker[2],1,0.009,0.0137,0.032847,0.01,0.499833,0.643333,1.0,0.0,1.0,0.025
307.0,ue[4],0,0.0,0.0,0.0,0.0,0.5,1.0,0.566667,0.0,0.0,0.019
1447.0,ue[2],0,0.0,0.0,0.0,0.0,0.5,1.0,0.0,0.0,0.0,0.0
474.0,ue[2],0,0.0,0.0,0.0,0.0,0.5,1.0,0.0,0.0,0.0,0.02
257.0,ue[3],0,0.012,0.0111,0.054054,0.006,0.499,0.853333,1.0,0.0,1.0,0.018
987.0,ue[0],0,0.0,0.0,0.0,0.0,0.5,1.0,0.0,0.0,0.0,0.0
1365.0,ue[0],0,0.0,0.0,0.0,0.0,0.5,1.0,0.0,0.0,0.0,0.0
556.0,ue[0],0,0.0,0.0,0.0,0.0,0.5,1.0,0.0,0.0,0.0,0.022
238.0,ue[4],0,0.009,0.0086,0.052326,0.001,0.50025,0.79,1.0,0.0,1.0,0.019
1060.0,attacker[1],1,0.0,0.0,0.0,0.0,0.5,1.0,0.0,0.0,0.0,0.0
487.0,attacker[1],1,0.0,0.0,0.0,0.0,0.5,1.0,0.0,0.0,0.0,0.029
871.0,ue[2],0,0.0,0.0,0.0,0.0,0.5,1.0,0.0,0.0,0.0,0.0
1286.0,attacker[2],1,0.0,0.0,0.0,0.0,0.5,1.0,0.0,0.0,0.0,0.0
1355.0,ue[4],0,0.0,0.0,0.0,0.0,0.5,1.0,0.0,0.0,0.0,0.0
701.0,attacker[0],1,0.0,0.0,0.0,0.0,0.5,1.0,0.0,0.0,0.0,0.03
666.0,attacker[0],1,0.0,0.0,0.0,0.0,0.5,1.0,0.0,0.0,0.0,0.03
646.0,ue[0],0,0.0,0.0,0.0,0.0,0.5,1.0,0.0,0.0,0.0,0.022
1187.0,attacker[0],1,0.0,0.0,0.0,0.0,0.5,1.0,0.0,0.0,0.0,0.0
766.0,attacker[0],1,0.0,0.0,0.0,0.0,0.5,1.0,0.0,0.0,0.0,0.03
859.0,ue[4],0,0.0,0.0,0.0,0.0,0.5,1.0,0.0,0.0,0.0,0.0
1198.0,attacker[1],1,0.0,0.0,0.0,0.0,0.5,1.0,0.0,0.0,0.0,0.0
994.0,ue[0],0,0.0,0.0,0.0,0.0,0.5,1.0,0.0,0.0,0.0,0.0
530.0,ue[4],0,0.0,0.0,0.0,0.0,0.5,1.0,0.0,0.0,0.0,0.019
389.0,ue[3],0,0.0,0.0,0.0,0.0,0.5,1.0,0.0,0.0,0.0,0.018
821.0,ue[2],0,0.0,0.0,0.0,0.0,0.5,1.0,0.0,0.0,0.0,0.0
697.0,ue[3],0,0.0,0.0,0.0,0.0,0.5,1.0,0.0,0.0,0.0,0.018
1395.0,ue[2],0,0.0,0.0,0.0,0.0,0.5,1.0,0.0,0.0,0.0,0.0
519.0,ue[2],0,0.0,0.0,0.0,0.0,0.5,1.0,0.0,0.0,0.0,0.02
229.0,attacker[0],1,0.022,0.0172,0.063953,0.004,0.501833,0.76,1.0,0.335624,1.0,0.027
1300.0,ue[4],0,0.0,0.0,0.0,0.0,0.5,1.0,0.0,0.0,0.0,0.0
608.0,attacker[0],1,0.0,0.0,0.0,0.0,0.5,1.0,0.0,0.0,0.0,0.03
252.0,ue[2],0,0.01,0.0098,0.05102,0.003,0.49875,0.836667,1.0,0.0,1.0,0.02
108.0,attacker[0],1,0.018,0.0166,0.054217,0.003,0.499583,0.356667,1.0,0.195072,1.0,0.027
1297.0,ue[2],0,0.0,0.0,0.0,0.0,0.5,1.0,0.0,0.0,0.0,0.0
346.0,ue[0],0,0.0,0.0,0.0,0.0,0.5,1.0,0.0,0.0,0.0,0.022
553.0,ue[3],0,0.0,0.0,0.0,0.0,0.5,1.0,0.0,0.0,0.0,0.018
692.0,ue[3],0,0.0,0.0,0.0,0.0,0.5,1.0,0.0,0.0,0.0,0.018
1274.0,ue[1],0,0.0,0.0,0.0,0.0,0.5,1.0,0.0,0.0,0.0,0.0
1097.0,attacker[0],1,0.0,0.0,0.0,0.0,0.5,1.0,0.0,0.0,0.0,0.0
178.0,ue[1],0,0.013,0.0113,0.057522,0.005,0.503083,0.59,1.0,0.0,1.0,0.022
1383.0,ue[2],0,0.0,0.0,0.0,0.0,0.5,1.0,0.0,0.0,0.0,0.0
1273.0,attacker[2],1,0.0,0.0,0.0,0.0,0.5,1.0,0.0,0.0,0.0,0.0
942.0,ue[3],0,0.0,0.0,0.0,0.0,0.5,1.0,0.0,0.0,0.0,0.0
866.0,attacker[1],1,0.0,0.0,0.0,0.0,0.5,1.0,0.0,0.0,0.0,0.0
982.0,attacker[0],1,0.0,0.0,0.0,0.0,0.5,1.0,0.0,0.0,0.0,0.0
1451.0,ue[3],0,0.0,0.0,0.0,0.0,0.5,1.0,0.0,0.0,0.0,0.0
867.0,ue[3],0,0.0,0.0,0.0,0.0,0.5,1.0,0.0,0.0,0.0,0.0
783.0,attacker[2],1,0.0,0.0,0.0,0.0,0.5,1.0,0.0,0.0,0.0,0.025
246.0,attacker[1],1,0.017,0.0156,0.054487,0.004,0.503333,0.816667,1.0,0.227681,1.0,0.029
1201.0,ue[1],0,0.0,0.0,0.0,0.0,0.5,1.0,0.0,0.0,0.0,0.0
1167.0,ue[3],0,0.0,0.0,0.0,0.0,0.5,1.0,0.0,0.0,0.0,0.0
1047.0,ue[3],0,0.0,0.0,0.0,0.0,0.5,1.0,0.0,0.0,0.0,0.0
1243.0,ue[1],0,0.0,0.0,0.0,0.0,0.5,1.0,0.0,0.0,0.0,0.0
867.0,ue[1],0,0.0,0.0,0.0,0.0,0.5,1.0,0.0,0.0,0.0,0.0
1216.0,ue[2],0,0.0,0.0,0.0,0.0,0.5,1.0,0.0,0.0,0.0,0.0
564.0,ue[4],0,0.0,0.0,0.0,0.0,0.5,1.0,0.0,0.0,0.0,0.019
789.0,attacker[0],1,0.0,0.0,0.0,0.0,0.5,1.0,0.0,0.0,0.0,0.022
137.0,attacker[1],1,0.02,0.0167,0.05988,0.0,0.502,0.453333,1.0,0.406434,1.0,0.029
1308.0,ue[2],0,0.0,0.0,0.0,0.0,0.5,1.0,0.0,0.0,0.0,0.0
756.0,ue[3],0,0.0,0.0,0.0,0.0,0.5,1.0,0.0,0.0,0.0,0.015
831.0,ue[4],0,0.0,0.0,0.0,0.0,0.5,1.0,0.0,0.0,0.0,0.0
513.0,ue[4],0,0.0,0.0,0.0,0.0,0.5,1.0,0.0,0.0,0.0,0.019
1284.0,attacker[2],1,0.0,0.0,0.0,0.0,0.5,1.0,0.0,0.0,0.0,0.0
1011.0,ue[4],0,0.0,0.0,0.0,0.0,0.5,1.0,0.0,0.0,0.0,0.0
286.0,attacker[0],1,0.03,0.0188,0.079787,0.008,0.503333,0.95,1.0,0.367215,1.0,0.03
361.0,attacker[2],1,0.0,0.0,0.0,0.0,0.5,1.0,0.0,0.0,0.0,0.03
39.0,ue[3],0,0.008,0.0103,0.038835,0.007,0.501083,0.126667,1.0,0.0,1.0,0.015
277.0,ue[1],0,0.008,0.0096,0.041667,0.001,0.498583,0.92,1.0,0.0,1.0,0.022
1079.0,ue[1],0,0.0,0.0,0.0,0.0,0.5,1.0,0.0,0.0,0.0,0.0
267.0,ue[4],0,0.01,0.0111,0.045045,0.0,0.499833,0.886667,1.0,0.0,1.0,0.019
528.0,ue[2],0,0.0,0.0,0.0,0.0,0.5,1.0,0.0,0.0,0.0,0.02
1328.0,ue[4],0,0.0,0.0,0.0,0.0,0.5,1.0,0.0,0.0,0.0,0.0
60.0,attacker[1],1,0.013,0.0165,0.039394,0.01,0.500667,0.196667,1.0,0.242779,1.0,0.029
849.0,ue[0],0,0.0,0.0,0.0,0.0,0.5,1.0,0.0,0.0,0.0,0.0
343.0,ue[2],0,0.0,0.0,0.0,0.0,0.5,1.0,0.0,0.0,0.0,0.02
1073.0,ue[3],0,0.0,0.0,0.0,0.0,0.5,1.0,0.0,0.0,0.0,0.0
1135.0,ue[3],0,0.0,0.0,0.0,0.0,0.5,1.0,0.0,0.0,0.0,0.0
422.0,attacker[0],1,0.0,0.0,0.0,0.0,0.5,1.0,0.0,0.0,0.0,0.03
1102.0,ue[4],0,0.0,0.0,0.0,0.0,0.5,1.0,0.0,0.0,0.0,0.0
378.0,ue[4],0,0.0,0.0,0.0,0.0,0.5,1.0,0.0,0.0,0.0,0.019
1097.0,ue[3],0,0.0,0.0,0.0,0.0,0.5,1.0,0.0,0.0,0.0,0.0
697.0,attacker[2],1,0.0,0.0,0.0,0.0,0.5,1.0,0.0,0.0,0.0,0.03
83.0,ue[3],0,0.005,0.0116,0.021552,0.011,0.498583,0.273333,1.0,0.0,1.0,0.016
222.0,ue[4],0,0.006,0.0098,0.030612,0.003,0.498583,0.736667,1.0,0.0,1.0,0.019
457.0,ue[1],0,0.0,0.0,0.0,0.0,0.5,1.0,0.0,0.0,0.0,0.022
870.0,ue[2],0,0.0,0.0,0.0,0.0,0.5,1.0,0.0,0.0,0.0,0.0
88.0,ue[2],0,0.01,0.0102,0.04902,0.004,0.502167,0.29,1.0,0.0,1.0,0.018
1032.0,attacker[1],1,0.0,0.0,0.0,0.0,0.5,1.0,0.0,0.0,0.0,0.0
1036.0,ue[3],0,0.0,0.0,0.0,0.0,0.5,1.0,0.0,0.0,0.0,0.0
885.0,ue[0],0,0.0,0.0,0.0,0.0,0.5,1.0,0.0,0.0,0.0,0.0
1476.0,ue[2],0,0.0,0.0,0.0,0.0,0.5,1.0,0.0,0.0,0.0,0.0
299.0,attacker[1],1,0.0,0.0095,0.0,0.0,0.5,0.993333,0.833333,0.0,0.0,0.029
1316.0,ue[0],0,0.0,0.0,0.0,0.0,0.5,1.0,0.0,0.0,0.0,0.0
1490.0,ue[0],0,0.0,0.0,0.0,0.0,0.5,1.0,0.0,0.0,0.0,0.0
294.0,ue[3],0,0.008,0.0087,0.045977,0.006,0.5015,0.976667,1.0,0.0,1.0,0.018
455.0,attacker[1],1,0.0,0.0,0.0,0.0,0.5,1.0,0.0,0.0,0.0,0.029
1178.0,attacker[0],1,0.0,0.0,0.0,0.0,0.5,1.0,0.0,0.0,0.0,0.0
499.0,ue[4],0,0.0,0.0,0.0,0.0,0.5,1.0,0.0,0.0,0.0,0.019
468.0,ue[3],0,0.0,0.0,0.0,0.0,0.5,1.0,0.0,0.0,0.0,0.018
243.0,ue[2],0,0.005,0.0111,0.022523,0.01,0.500167,0.806667,1.0,0.0,1.0,0.02
950.0,attacker[1],1,0.0,0.0,0.0,0.0,0.5,1.0,0.0,0.0,0.0,0.0
953.0,ue[1],0,0.0,0.0,0.0,0.0,0.5,1.0,0.0,0.0,0.0,0.0
600.0,ue[1],0,0.0,0.0,0.0,0.0,0.5,1.0,0.0,0.0,0.0,0.02
1108.0,attacker[1],1,0.0,0.0,0.0,0.0,0.5,1.0,0.0,0.0,0.0,0.0
497.0,ue[3],0,0.0,0.0,0.0,0.0,0.5,1.0,0.0,0.0,0.0,0.018
285.0,ue[0],0,0.013,0.0109,0.059633,0.004,0.4995,0.946667,1.0,0.0,1.0,0.022
783.0,ue[0],0,0.0,0.0,0.0,0.0,0.5,1.0,0.0,0.0,0.0,0.013
879.0,attacker[0],1,0.0,0.0,0.0,0.0,0.5,1.0,0.0,0.0,0.0,0.0
300.0,ue[4],0,0.0,0.0049,0.0,0.0,0.5,0.996667,0.8,0.0,0.0,0.019
470.0,ue[1],0,0.0,0.0,0.0,0.0,0.5,1.0,0.0,0.0,0.0,0.022
1359.0,attacker[0],1,0.0,0.0,0.0,0.0,0.5,1.0,0.0,0.0,0.0,0.0
504.0,ue[2],0,0.0,0.0,0.0,0.0,0.5,1.0,0.0,0.0,0.0,0.02
67.0,attacker[2],1,0.019,0.017,0.055882,0.003,0.500417,0.22,1.0,0.291111,1.0,0.025
950.0,attacker[2],1,0.0,0.0,0.0,0.0,0.5,1.0,0.0,0.0,0.0,0.0
640.0,ue[4],0,0.0,0.0,0.0,0.0,0.5,1.0,0.0,0.0,0.0,0.018
1465.0,ue[4],0,0.0,0.0,0.0,0.0,0.5,1.0,0.0,0.0,0.0,0.0
97.0,ue[2],0,0.005,0.0093,0.026882,0.002,0.497667,0.32,1.0,0.0,1.0,0.018
1471.0,ue[4],0,0.0,0.0,0.0,0.0,0.5,1.0,0.0,0.0,0.0,0.0
1203.0,ue[4],0,0.0,0.0,0.0,0.0,0.5,1.0,0.0,0.0,0.0,0.0
870.0,ue[0],0,0.0,0.0,0.0,0.0,0.5,1.0,0.0,0.0,0.0,0.0
531.0,attacker[1],1,0.0,0.0,0.0,0.0,0.5,1.0,0.0,0.0,0.0,0.029
223.0,ue[4],0,0.008,0.0092,0.043478,0.002,0.4985,0.74,1.0,0.0,1.0,0.019
740.0,attacker[1],1,0.0,0.0,0.0,0.0,0.5,1.0,0.0,0.0,0.0,0.025
349.0,attacker[2],1,0.0,0.0,0.0,0.0,0.5,1.0,0.0,0.0,0.0,0.03
1081.0,attacker[0],1,0.0,0.0,0.0,0.0,0.5,1.0,0.0,0.0,0.0,0.0
1240.0,ue[4],0,0.0,0.0,0.0,0.0,0.5,1.0,0.0,0.0,0.0,0.0
473.0,ue[4],0,0.0,0.0,0.0,0.0,0.5,1.0,0.0,0.0,0.0,0.019
21.0,ue[3],0,0.008,0.0094,0.042553,0.002,0.499167,0.066667,1.0,0.0,0.733333,0.015
178.0,ue[4],0,0.008,0.0099,0.040404,0.007,0.501583,0.59,1.0,0.0,1.0,0.019
798.0,ue[3],0,0.0,0.0,0.0,0.0,0.5,1.0,0.0,0.0,0.0,0.0
882.0,attacker[1],1,0.0,0.0,0.0,0.0,0.5,1.0,0.0,0.0,0.0,0.0
1233.0,attacker[2],1,0.0,0.0,0.0,0.0,0.5,1.0,0.0,0.0,0.0,0.0
393.0,ue[1],0,0.0,0.0,0.0,0.0,0.5,1.0,0.0,0.0,0.0,0.022
1218.0,ue[2],0,0.0,0.0,0.0,0.0,0.5,1.0,0.0,0.0,0.0,0.0
365.0,ue[1],0,0.0,0.0,0.0,0.0,0.5,1.0,0.0,0.0,0.0,0.022
389.0,attacker[2],1,0.0,0.0,0.0,0.0,0.5,1.0,0.0,0.0,0.0,0.03
186.0,attacker[2],1,0.012,0.0175,0.034286,0.0,0.496333,0.616667,1.0,0.0,1.0,0.025
395.0,ue[1],0,0.0,0.0,0.0,0.0,0.5,1.0,0.0,0.0,0.0,0.022
1392.0,ue[1],0,0.0,0.0,0.0,0.0,0.5,1.0,0.0,0.0,0.0,0.0
322.0,attacker[0],1,0.0,0.0,0.0,0.0,0.5,1.0,0.066667,0.0,0.0,0.03
920.0,attacker[0],1,0.0,0.0,0.0,0.0,0.5,1.0,0.0,0.0,0.0,0.0
1472.0,ue[4],0,0.0,0.0,0.0,0.0,0.5,1.0,0.0,0.0,0.0,0.0
960.0,attacker[0],1,0.0,0.0,0.0,0.0,0.5,1.0,0.0,0.0,0.0,0.0
930.0,ue[0],0,0.0,0.0,0.0,0.0,0.5,1.0,0.0,0.0,0.0,0.0
642.0,ue[2],0,0.0,0.0,0.0,0.0,0.5,1.0,0.0,0.0,0.0,0.02
54.0,ue[3],0,0.01,0.0101,0.049505,0.001,0.50025,0.176667,1.0,0.0,1.0,0.015
421.0,attacker[2],1,0.0,0.0,0.0,0.0,0.5,1.0,0.0,0.0,0.0,0.03
228.0,ue[3],0,0.01,0.0105,0.047619,0.001,0.49825,0.756667,1.0,0.0,1.0,0.018
500.0,ue[0],0,0.0,0.0,0.0,0.0,0.5,1.0,0.0,0.0,0.0,0.022
1299.0,attacker[0],1,0.0,0.0,0.0,0.0,0.5,1.0,0.0,0.0,0.0,0.0
177.0,ue[0],0,0.006,0.009,0.033333,0.003,0.50025,0.586667,1.0,0.0,1.0,0.018
381.0,ue[3],0,0.0,0.0,0.0,0.0,0.5,1.0,0.0,0.0,0.0,0.018
1224.0,attacker[2],1,0.0,0.0,0.0,0.0,0.5,1.0,0.0,0.0,0.0,0.0
1055.0,ue[0],0,0.0,0.0,0.0,0.0,0.5,1.0,0.0,0.0,0.0,0.0
236.0,attacker[2],1,0.014,0.0178,0.039326,0.016,0.5025,0.783333,1.0,0.0045,1.0,0.03
1441.0,attacker[2],1,0.0,0.0,0.0,0.0,0.5,1.0,0.0,0.0,0.0,0.0
1039.0,attacker[2],1,0.0,0.0,0.0,0.0,0.5,1.0,0.0,0.0,0.0,0.0
1056.0,ue[3],0,0.0,0.0,0.0,0.0,0.5,1.0,0.0,0.0,0.0,0.0
766.0,ue[2],0,0.0,0.0,0.0,0.0,0.5,1.0,0.0,0.0,0.0,0.013
1065.0,attacker[1],1,0.0,0.0,0.0,0.0,0.5,1.0,0.0,0.0,0.0,0.0
738.0,ue[3],0,0.0,0.0,0.0,0.0,0.5,1.0,0.0,0.0,0.0,0.016
753.0,attacker[0],1,0.0,0.0,0.0,0.0,0.5,1.0,0.0,0.0,0.0,0.03
815.0,ue[3],0,0.0,0.0,0.0,0.0,0.5,1.0,0.0,0.0,0.0,0.0
702.0,ue[3],0,0.0,0.0,0.0,0.0,0.5,1.0,0.0,0.0,0.0,0.018
1144.0,ue[0],0,0.0,0.0,0.0,0.0,0.5,1.0,0.0,0.0,0.0,0.0
613.0,ue[3],0,0.0,0.0,0.0,0.0,0.5,1.0,0.0,0.0,0.0,0.018
58.0,ue[3],0,0.008,0.0101,0.039604,0.003,0.499083,0.19,1.0,0.0,1.0,0.015
306.0,ue[1],0,0.0,0.0,0.0,0.0,0.5,1.0,0.6,0.0,0.0,0.022
636.0,attacker[0],1,0.0,0.0,0.0,0.0,0.5,1.0,0.0,0.0,0.0,0.03
1165.0,attacker[1],1,0.0,0.0,0.0,0.0,0.5,1.0,0.0,0.0,0.0,0.0
1419.0,ue[0],0,0.0,0.0,0.0,0.0,0.5,1.0,0.0,0.0,0.0,0.0
649.0,ue[4],0,0.0,0.0,0.0,0.0,0.5,1.0,0.0,0.0,0.0,0.018
297.0,ue[2],0,0.0,0.0069,0.0,0.0,0.496667,0.986667,0.9,0.0,0.0,0.02
647.0,ue[0],0,0.0,0.0,0.0,0.0,0.5,1.0,0.0,0.0,0.0,0.022
321.0,ue[2],0,0.0,0.0,0.0,0.0,0.5,1.0,0.1,0.0,0.0,0.02
377.0,ue[1],0,0.0,0.0,0.0,0.0,0.5,1.0,0.0,0.0,0.0,0.022
75.0,ue[3],0,0.012,0.0093,0.064516,0.004,0.499833,0.246667,1.0,0.0,1.0,0.016
861.0,attacker[0],1,0.0,0.0,0.0,0.0,0.5,1.0,0.0,0.0,0.0,0.0
64.0,ue[4],0,0.006,0.0091,0.032967,0.0,0.498833,0.21,1.0,0.0,1.0,0.019
773.0,ue[4],0,0.0,0.0,0.0,0.0,0.5,1.0,0.0,0.0,0.0,0.018
292.0,attacker[2],1,0.02,0.0177,0.056497,0.002,0.502167,0.97,1.0,0.245757,1.0,0.03
1221.0,ue[4],0,0.0,0.0,0.0,0.0,0.5,1.0,0.0,0.0,0.0,0.0
320.0,ue[1],0,0.0,0.0,0.0,0.0,0.5,1.0,0.133333,0.0,0.0,0.022
1212.0,ue[0],0,0.0,0.0,0.0,0.0,0.5,1.0,0.0,0.0,0.0,0.0
1221.0,ue[3],0,0.0,0.0,0.0,0.0,0.5,1.0,0.0,0.0,0.0,0.0
13.0,attacker[0],1,0.02,0.0184,0.054348,0.001,0.498583,0.04,0.928571,0.37916,0.433333,0.023
630.0,attacker[2],1,0.0,0.0,0.0,0.0,0.5,1.0,0.0,0.0,0.0,0.03
182.0,attacker[2],1,0.018,0.0163,0.055215,0.004,0.501,0.603333,1.0,0.252565,1.0,0.025
1266.0,attacker[1],1,0.0,0.0,0.0,0.0,0.5,1.0,0.0,0.0,0.0,0.0
770.0,attacker[1],1,0.0,0.0,0.0,0.0,0.5,1.0,0.0,0.0,0.0,0.025
976.0,attacker[0],1,0.0,0.0,0.0,0.0,0.5,1.0,0.0,0.0,0.0,0.0
708.0,ue[1],0,0.0,0.0,0.0,0.0,0.5,1.0,0.0,0.0,0.0,0.018
389.0,ue[2],0,0.0,0.0,0.0,0.0,0.5,1.0,0.0,0.0,0.0,0.02
1434.0,attacker[0],1,0.0,0.0,0.0,0.0,0.5,1.0,0.0,0.0,0.0,0.0
1381.0,ue[1],0,0.0,0.0,0.0,0.0,0.5,1.0,0.0,0.0,0.0,0.0
358.0,attacker[1],1,0.0,0.0,0.0,0.0,0.5,1.0,0.0,0.0,0.0,0.029
329.0,attacker[2],1,0.0,0.0,0.0,0.0,0.5,1.0,0.0,0.0,0.0,0.03
426.0,attacker[0],1,0.0,0.0,0.0,0.0,0.5,1.0,0.0,0.0,0.0,0.03
1105.0,attacker[0],1,0.0,0.0,0.0,0.0,0.5,1.0,0.0,0.0,0.0,0.0
1034.0,ue[3],0,0.0,0.0,0.0,0.0,0.5,1.0,0.0,0.0,0.0,0.0
1321.0,ue[2],0,0.0,0.0,0.0,0.0,0.5,1.0,0.0,0.0,0.0,0.0
1350.0,ue[2],0,0.0,0.0,0.0,0.0,0.5,1.0,0.0,0.0,0.0,0.0
46.0,attacker[2],1,0.017,0.016,0.053125,0.0,0.5015,0.15,1.0,0.15035,1.0,0.024
126.0,ue[1],0,0.012,0.0098,0.061224,0.007,0.49925,0.416667,1.0,0.0,1.0,0.022
1265.0,ue[1],0,0.0,0.0,0.0,0.0,0.5,1.0,0.0,0.0,0.0,0.0
1442.0,attacker[0],1,0.0,0.0,0.0,0.0,0.5,1.0,0.0,0.0,0.0,0.0
849.0,attacker[2],1,0.0,0.0,0.0,0.0,0.5,1.0,0.0,0.0,0.0,0.0
1472.0,attacker[1],1,0.0,0.0,0.0,0.0,0.5,1.0,0.0,0.0,0.0,0.0
1478.0,ue[0],0,0.0,0.0,0.0,0.0,0.5,1.0,0.0,0.0,0.0,0.0
1225.0,attacker[0],1,0.0,0.0,0.0,0.0,0.5,1.0,0.0,0.0,0.0,0.0
1430.0,ue[3],0,0.0,0.0,0.0,0.0,0.5,1.0,0.0,0.0,0.0,0.0
212.0,attacker[1],1,0.019,0.0161,0.059006,0.006,0.500333,0.703333,1.0,0.157832,1.0,0.029
1393.0,attacker[0],1,0.0,0.0,0.0,0.0,0.5,1.0,0.0,0.0,0.0,0.0
969.0,ue[4],0,0.0,0.0,0.0,0.0,0.5,1.0,0.0,0.0,0.0,0.0
571.0,ue[0],0,0.0,0.0,0.0,0.0,0.5,1.0,0.0,0.0,0.0,0.022
1153.0,attacker[0],1,0.0,0.0,0.0,0.0,0.5,1.0,0.0,0.0,0.0,0.0
462.0,ue[1],0,0.0,0.0,0.0,0.0,0.5,1.0,0.0,0.0,0.0,0.022
900.0,attacker[2],1,0.0,0.0,0.0,0.0,0.5,1.0,0.0,0.0,0.0,0.0
1232.0,ue[1],0,0.0,0.0,0.0,0.0,0.5,1.0,0.0,0.0,0.0,0.0
709.0,ue[0],0,0.0,0.0,0.0,0.0,0.5,1.0,0.0,0.0,0.0,0.022
1304.0,attacker[1],1,0.0,0.0,0.0,0.0,0.5,1.0,0.0,0.0,0.0,0.0
527.0,ue[4],0,0.0,0.0,0.0,0.0,0.5,1.0,0.0,0.0,0.0,0.019
1216.0,ue[4],0,0.0,0.0,0.0,0.0,0.5,1.0,0.0,0.0,0.0,0.0
842.0,attacker[0],1,0.0,0.0,0.0,0.0,0.5,1.0,0.0,0.0,0.0,0.0
589.0,ue[4],0,0.0,0.0,0.0,0.0,0.5,1.0,0.0,0.0,0.0,0.019
778.0,ue[3],0,0.0,0.0,0.0,0.0,0.5,1.0,0.0,0.0,0.0,0.014
1302.0,ue[2],0,0.0,0.0,0.0,0.0,0.5,1.0,0.0,0.0,0.0,0.0
1476.0,ue[3],0,0.0,0.0,0.0,0.0,0.5,1.0,0.0,0.0,0.0,0.0
526.0,ue[4],0,0.0,0.0,0.0,0.0,0.5,1.0,0.0,0.0,0.0,0.019
44.0,ue[4],0,0.007,0.0088,0.039773,0.005,0.50125,0.143333,1.0,0.0,1.0,0.019
761.0,ue[1],0,0.0,0.0,0.0,0.0,0.5,1.0,0.0,0.0,0.0,0.018
850.0,attacker[2],1,0.0,0.0,0.0,0.0,0.5,1.0,0.0,0.0,0.0,0.0
110.0,ue[0],0,0.007,0.0107,0.03271,0.006,0.499333,0.363333,1.0,0.0,1.0,0.018
255.0,ue[0],0,0.013,0.01,0.065,0.001,0.503083,0.846667,1.0,0.0,1.0,0.018
403.0,ue[2],0,0.0,0.0,0.0,0.0,0.5,1.0,0.0,0.0,0.0,0.02
1103.0,attacker[0],1,0.0,0.0,0.0,0.0,0.5,1.0,0.0,0.0,0.0,0.0
313.0,attacker[2],1,0.0,0.0,0.0,0.0,0.5,1.0,0.366667,0.0,0.0,0.03
609.0,attacker[1],1,0.0,0.0,0.0,0.0,0.5,1.0,0.0,0.0,0.0,0.029
69.0,ue[4],0,0.008,0.0081,0.049383,0.001,0.49975,0.226667,1.0,0.0,1.0,0.019
779.0,ue[4],0,0.0,0.0,0.0,0.0,0.5,1.0,0.0,0.0,0.0,0.018
532.0,ue[1],0,0.0,0.0,0.0,0.0,0.5,1.0,0.0,0.0,0.0,0.022
716.0,ue[3],0,0.0,0.0,0.0,0.0,0.5,1.0,0.0,0.0,0.0,0.018
311.0,ue[4],0,0.0,0.0,0.0,0.0,0.5,1.0,0.433333,0.0,0.0,0.019
848.0,ue[0],0,0.0,0.0,0.0,0.0,0.5,1.0,0.0,0.0,0.0,0.0
1496.0,ue[2],0,0.0,0.0,0.0,0.0,0.5,1.0,0.0,0.0,0.0,0.0
867.0,attacker[2],1,0.0,0.0,0.0,0.0,0.5,1.0,0.0,0.0,0.0,0.0
996.0,ue[4],0,0.0,0.0,0.0,0.0,0.5,1.0,0.0,0.0,0.0,0.0
1268.0,ue[1],0,0.0,0.0,0.0,0.0,0.5,1.0,0.0,0.0,0.0,0.0
405.0,ue[0],0,0.0,0.0,0.0,0.0,0.5,1.0,0.0,0.0,0.0,0.022
669.0,attacker[2],1,0.0,0.0,0.0,0.0,0.5,1.0,0.0,0.0,0.0,0.03
1096.0,ue[3],0,0.0,0.0,0.0,0.0,0.5,1.0,0.0,0.0,0.0,0.0
832.0,ue[4],0,0.0,0.0,0.0,0.0,0.5,1.0,0.0,0.0,0.0,0.0
1203.0,attacker[0],1,0.0,0.0,0.0,0.0,0.5,1.0,0.0,0.0,0.0,0.0
1385.0,attacker[2],1,0.0,0.0,0.0,0.0,0.5,1.0,0.0,0.0,0.0,0.0
825.0,ue[2],0,0.0,0.0,0.0,0.0,0.5,1.0,0.0,0.0,0.0,0.0
167.0,ue[4],0,0.013,0.0105,0.061905,0.004,0.5,0.553333,1.0,0.085044,1.0,0.019
1022.0,ue[2],0,0.0,0.0,0.0,0.0,0.5,1.0,0.0,0.0,0.0,0.0
952.0,attacker[1],1,0.0,0.0,0.0,0.0,0.5,1.0,0.0,0.0,0.0,0.0
715.0,ue[4],0,0.0,0.0,0.0,0.0,0.5,1.0,0.0,0.0,0.0,0.018
90.0,ue[4],0,0.01,0.0083,0.060241,0.005,0.498917,0.296667,1.0,0.0,1.0,0.019
610.0,ue[3],0,0.0,0.0,0.0,0.0,0.5,1.0,0.0,0.0,0.0,0.018
880.0,ue[2],0,0.0,0.0,0.0,0.0,0.5,1.0,0.0,0.0,0.0,0.0
789.0,ue[1],0,0.0,0.0,0.0,0.0,0.5,1.0,0.0,0.0,0.0,0.013
1197.0,attacker[0],1,0.0,0.0,0.0,0.0,0.5,1.0,0.0,0.0,0.0,0.0
872.0,attacker[1],1,0.0,0.0,0.0,0.0,0.5,1.0,0.0,0.0,0.0,0.0
1301.0,ue[3],0,0.0,0.0,0.0,0.0,0.5,1.0,0.0,0.0,0.0,0.0
1249.0,attacker[2],1,0.0,0.0,0.0,0.0,0.5,1.0,0.0,0.0,0.0,0.0
303.0,attacker[0],1,0.0,0.0016,0.0,0.0,0.5,1.0,0.7,0.0,0.0,0.03
1491.0,ue[3],0,0.0,0.0,0.0,0.0,0.5,1.0,0.0,0.0,0.0,0.0
940.0,attacker[2],1,0.0,0.0,0.0,0.0,0.5,1.0,0.0,0.0,0.0,0.0
1329.0,attacker[2],1,0.0,0.0,0.0,0.0,0.5,1.0,0.0,0.0,0.0,0.0
71.0,ue[3],0,0.005,0.0087,0.028736,0.0,0.498,0.233333,1.0,0.0,1.0,0.015
700.0,ue[1],0,0.0,0.0,0.0,0.0,0.5,1.0,0.0,0.0,0.0,0.018
672.0,attacker[1],1,0.0,0.0,0.0,0.0,0.5,1.0,0.0,0.0,0.0,0.025
1465.0,attacker[2],1,0.0,0.0,0.0,0.0,0.5,1.0,0.0,0.0,0.0,0.0
700.0,attacker[1],1,0.0,0.0,0.0,0.0,0.5,1.0,0.0,0.0,0.0,0.025
804.0,ue[2],0,0.0,0.0,0.0,0.0,0.5,1.0,0.0,0.0,0.0,0.0
1332.0,attacker[0],1,0.0,0.0,0.0,0.0,0.5,1.0,0.0,0.0,0.0,0.0
1429.0,ue[3],0,0.0,0.0,0.0,0.0,0.5,1.0,0.0,0.0,0.0,0.0
1109.0,ue[4],0,0.0,0.0,0.0,0.0,0.5,1.0,0.0,0.0,0.0,0.0
786.0,attacker[2],1,0.0,0.0,0.0,0.0,0.5,1.0,0.0,0.0,0.0,0.02
1334.0,ue[2],0,0.0,0.0,0.0,0.0,0.5,1.0,0.0,0.0,0.0,0.0
743.0,ue[0],0,0.0,0.0,0.0,0.0,0.5,1.0,0.0,0.0,0.0,0.022
1210.0,ue[4],0,0.0,0.0,0.0,0.0,0.5,1.0,0.0,0.0,0.0,0.0
259.0,attacker[0],1,0.013,0.016,0.040625,0.001,0.498417,0.86,1.0,0.068784,1.0,0.027
1268.0,attacker[1],1,0.0,0.0,0.0,0.0,0.5,1.0,0.0,0.0,0.0,0.0
934.0,ue[4],0,0.0,0.0,0.0,0.0,0.5,1.0,0.0,0.0,0.0,0.0
1316.0,ue[1],0,0.0,0.0,0.0,0.0,0.5,1.0,0.0,0.0,0.0,0.0
569.0,attacker[1],1,0.0,0.0,0.0,0.0,0.5,1.0,0.0,0.0,0.0,0.029
559.0,ue[3],0,0.0,0.0,0.0,0.0,0.5,1.0,0.0,0.0,0.0,0.018
203.0,ue[4],0,0.014,0.0123,0.056911,0.003,0.499917,0.673333,1.0,0.110253,1.0,0.019
770.0,ue[4],0,0.0,0.0,0.0,0.0,0.5,1.0,0.0,0.0,0.0,0.018
144.0,attacker[2],1,0.015,0.0159,0.04717,0.009,0.502583,0.476667,1.0,0.0,1.0,0.025
999.0,ue[3],0,0.0,0.0,0.0,0.0,0.5,1.0,0.0,0.0,0.0,0.0
9.0,ue[3],0,0.013,0.0098,0.066327,0.002,0.5015,0.026667,1.0,0.0,0.333333,0.014
733.0,ue[3],0,0.0,0.0,0.0,0.0,0.5,1.0,0.0,0.0,0.0,0.016
639.0,attacker[0],1,0.0,0.0,0.0,0.0,0.5,1.0,0.0,0.0,0.0,0.03
1227.0,ue[0],0,0.0,0.0,0.0,0.0,0.5,1.0,0.0,0.0,0.0,0.0
1077.0,attacker[0],1,0.0,0.0,0.0,0.0,0.5,1.0,0.0,0.0,0.0,0.0
160.0,attacker[0],1,0.017,0.015,0.056667,0.001,0.50125,0.53,1.0,0.237079,1.0,0.027
421.0,ue[4],0,0.0,0.0,0.0,0.0,0.5,1.0,0.0,0.0,0.0,0.019
528.0,ue[1],0,0.0,0.0,0.0,0.0,0.5,1.0,0.0,0.0,0.0,0.022
633.0,ue[2],0,0.0,0.0,0.0,0.0,0.5,1.0,0.0,0.0,0.0,0.02
673.0,ue[0],0,0.0,0.0,0.0,0.0,0.5,1.0,0.0,0.0,0.0,0.022
678.0,ue[1],0,0.0,0.0,0.0,0.0,0.5,1.0,0.0,0.0,0.0,0.018
1417.0,ue[2],0,0.0,0.0,0.0,0.0,0.5,1.0,0.0,0.0,0.0,0.0
1075.0,ue[4],0,0.0,0.0,0.0,0.0,0.5,1.0,0.0,0.0,0.0,0.0
574.0,attacker[1],1,0.0,0.0,0.0,0.0,0.5,1.0,0.0,0.0,0.0,0.029
1296.0,ue[0],0,0.0,0.0,0.0,0.0,0.5,1.0,0.0,0.0,0.0,0.0
220.0,ue[3],0,0.012,0.0108,0.055556,0.006,0.499667,0.73,1.0,0.0,1.0,0.017
851.0,ue[4],0,0.0,0.0,0.0,0.0,0.5,1.0,0.0,0.0,0.0,0.0
219.0,ue[3],0,0.006,0.0105,0.028571,0.006,0.5,0.726667,1.0,0.0,1.0,0.017
1353.0,attacker[1],1,0.0,0.0,0.0,0.0,0.5,1.0,0.0,0.0,0.0,0.0
555.0,attacker[2],1,0.0,0.0,0.0,0.0,0.5,1.0,0.0,0.0,0.0,0.03
609.0,attacker[2],1,0.0,0.0,0.0,0.0,0.5,1.0,0.0,0.0,0.0,0.03
552.0,ue[3],0,0.0,0.0,0.0,0.0,0.5,1.0,0.0,0.0,0.0,0.018
813.0,attacker[2],1,0.0,0.0,0.0,0.0,0.5,1.0,0.0,0.0,0.0,0.0
1197.0,attacker[1],1,0.0,0.0,0.0,0.0,0.5,1.0,0.0,0.0,0.0,0.0
725.0,attacker[2],1,0.0,0.0,0.0,0.0,0.5,1.0,0.0,0.0,0.0,0.03
1320.0,attacker[1],1,0.0,0.0,0.0,0.0,0.5,1.0,0.0,0.0,0.0,0.0
757.0,ue[4],0,0.0,0.0,0.0,0.0,0.5,1.0,0.0,0.0,0.0,0.018
752.0,ue[2],0,0.0,0.0,0.0,0.0,0.5,1.0,0.0,0.0,0.0,0.014
289.0,ue[4],0,0.013,0.0112,0.058036,0.006,0.497833,0.96,1.0,0.045883,1.0,0.019
275.0,ue[1],0,0.006,0.0101,0.029703,0.006,0.498,0.913333,1.0,0.0,1.0,0.022
1341.0,attacker[2],1,0.0,0.0,0.0,0.0,0.5,1.0,0.0,0.0,0.0,0.0
577.0,ue[4],0,0.0,0.0,0.0,0.0,0.5,1.0,0.0,0.0,0.0,0.019
1121.0,ue[1],0,0.0,0.0,0.0,0.0,0.5,1.0,0.0,0.0,0.0,0.0
818.0,ue[1],0,0.0,0.0,0.0,0.0,0.5,1.0,0.0,0.0,0.0,0.0
835.0,attacker[1],1,0.0,0.0,0.0,0.0,0.5,1.0,0.0,0.0,0.0,0.0
1327.0,attacker[2],1,0.0,0.0,0.0,0.0,0.5,1.0,0.0,0.0,0.0,0.0
1353.0,ue[1],0,0.0,0.0,0.0,0.0,0.5,1.0,0.0,0.0,0.0,0.0
545.0,ue[0],0,0.0,0.0,0.0,0.0,0.5,1.0,0.0,0.0,0.0,0.022
598.0,ue[1],0,0.0,0.0,0.0,0.0,0.5,1.0,0.0,0.0,0.0,0.02
707.0,attacker[2],1,0.0,0.0,0.0,0.0,0.5,1.0,0.0,0.0,0.0,0.03
824.0,attacker[2],1,0.0,0.0,0.0,0.0,0.5,1.0,0.0,0.0,0.0,0.0
1078.0,attacker[0],1,0.0,0.0,0.0,0.0,0.5,1.0,0.0,0.0,0.0,0.0
1399.0,attacker[1],1,0.0,0.0,0.0,0.0,0.5,1.0,0.0,0.0,0.0,0.0
1474.0,ue[3],0,0.0,0.0,0.0,0.0,0.5,1.0,0.0,0.0,0.0,0.0
959.0,ue[4],0,0.0,0.0,0.0,0.0,0.5,1.0,0.0,0.0,0.0,0.0
662.0,ue[0],0,0.0,0.0,0.0,0.0,0.5,1.0,0.0,0.0,0.0,0.022
353.0,ue[0],0,0.0,0.0,0.0,0.0,0.5,1.0,0.0,0.0,0.0,0.022
386.0,attacker[1],1,0.0,0.0,0.0,0.0,0.5,1.0,0.0,0.0,0.0,0.029
1282.0,ue[4],0,0.0,0.0,0.0,0.0,0.5,1.0,0.0,0.0,0.0,0.0
27.0,attacker[1],1,0.013,0.0184,0.035326,0.009,0.498583,0.086667,0.964286,0.0,0.9,0.029
200.0,ue[3],0,0.01,0.01,0.05,0.002,0.5005,0.663333,1.0,0.0,1.0,0.017
630.0,ue[0],0,0.0,0.0,0.0,0.0,0.5,1.0,0.0,0.0,0.0,0.022
931.0,attacker[1],1,0.0,0.0,0.0,0.0,0.5,1.0,0.0,0.0,0.0,0.0
1095.0,attacker[2],1,0.0,0.0,0.0,0.0,0.5,1.0,0.0,0.0,0.0,0.0
878.0,ue[2],0,0.0,0.0,0.0,0.0,0.5,1.0,0.0,0.0,0.0,0.0
1391.0,ue[2],0,0.0,0.0,0.0,0.0,0.5,1.0,0.0,0.0,0.0,0.0
795.0,attacker[2],1,0.0,0.0,0.0,0.0,0.5,1.0,0.0,0.0,0.0,0.0
614.0,ue[0],0,0.0,0.0,0.0,0.0,0.5,1.0,0.0,0.0,0.0,0.022
40.0,attacker[0],1,0.021,0.0169,0.06213,0.006,0.4995,0.13,1.0,0.34678,1.0,0.027
888.0,ue[1],0,0.0,0.0,0.0,0.0,0.5,1.0,0.0,0.0,0.0,0.0
1456.0,ue[3],0,0.0,0.0,0.0,0.0,0.5,1.0,0.0,0.0,0.0,0.0
1233.0,ue[1],0,0.0,0.0,0.0,0.0,0.5,1.0,0.0,0.0,0.0,0.0
1490.0,ue[1],0,0.0,0.0,0.0,0.0,0.5,1.0,0.0,0.0,0.0,0.0
1274.0,attacker[1],1,0.0,0.0,0.0,0.0,0.5,1.0,0.0,0.0,0.0,0.0
1174.0,attacker[0],1,0.0,0.0,0.0,0.0,0.5,1.0,0.0,0.0,0.0,0.0
301.0,attacker[1],1,0.0,0.0061,0.0,0.0,0.5,1.0,0.766667,0.0,0.0,0.029
348.0,ue[4],0,0.0,0.0,0.0,0.0,0.5,1.0,0.0,0.0,0.0,0.019
1376.0,attacker[0],1,0.0,0.0,0.0,0.0,0.5,1.0,0.0,0.0,0.0,0.0
897.0,ue[1],0,0.0,0.0,0.0,0.0,0.5,1.0,0.0,0.0,0.0,0.0
188.0,ue[4],0,0.006,0.0099,0.030303,0.001,0.49575,0.623333,1.0,0.0,1.0,0.019
404.0,ue[1],0,0.0,0.0,0.0,0.0,0.5,1.0,0.0,0.0,0.0,0.022
956.0,attacker[0],1,0.0,0.0,0.0,0.0,0.5,1.0,0.0,0.0,0.0,0.0
31.0,attacker[1],1,0.019,0.0186,0.051075,0.006,0.500333,0.1,1.0,0.334225,1.0,0.029
247.0,attacker[1],1,0.017,0.0158,0.053797,0.0,0.500833,0.82,1.0,0.223953,1.0,0.029
1329.0,attacker[0],1,0.0,0.0,0.0,0.0,0.5,1.0,0.0,0.0,0.0,0.0
616.0,attacker[1],1,0.0,0.0,0.0,0.0,0.5,1.0,0.0,0.0,0.0,0.029
1030.0,attacker[0],1,0.0,0.0,0.0,0.0,0.5,1.0,0.0,0.0,0.0,0.0
1238.0,ue[3],0,0.0,0.0,0.0,0.0,0.5,1.0,0.0,0.0,0.0,0.0
691.0,attacker[2],1,0.0,0.0,0.0,0.0,0.5,1.0,0.0,0.0,0.0,0.03
1086.0,ue[3],0,0.0,0.0,0.0,0.0,0.5,1.0,0.0,0.0,0.0,0.0
723.0,ue[1],0,0.0,0.0,0.0,0.0,0.5,1.0,0.0,0.0,0.0,0.018
1.0,ue[1],0,0.01,0.007,0.071429,0.006,0.5,0.0,1.0,0.159724,0.066667,0.01
213.0,attacker[1],1,0.012,0.0161,0.037267,0.007,0.500417,0.706667,1.0,0.026491,1.0,0.029
423.0,ue[3],0,0.0,0.0,0.0,0.0,0.5,1.0,0.0,0.0,0.0,0.018
1383.0,ue[1],0,0.0,0.0,0.0,0.0,0.5,1.0,0.0,0.0,0.0,0.0
53.0,attacker[0],1,0.013,0.0175,0.037143,0.002,0.496833,0.173333,1.0,0.168269,1.0,0.027
1414.0,ue[3],0,0.0,0.0,0.0,0.0,0.5,1.0,0.0,0.0,0.0,0.0
1322.0,ue[4],0,0.0,0.0,0.0,0.0,0.5,1.0,0.0,0.0,0.0,0.0
327.0,ue[0],0,0.0,0.0,0.0,0.0,0.5,1.0,0.0,0.0,0.0,0.022
875.0,attacker[2],1,0.0,0.0,0.0,0.0,0.5,1.0,0.0,0.0,0.0,0.0
782.0,attacker[1],1,0.0,0.0,0.0,0.0,0.5,1.0,0.0,0.0,0.0,0.025
1212.0,ue[3],0,0.0,0.0,0.0,0.0,0.5,1.0,0.0,0.0,0.0,0.0
1269.0,ue[2],0,0.0,0.0,0.0,0.0,0.5,1.0,0.0,0.0,0.0,0.0
1282.0,attacker[1],1,0.0,0.0,0.0,0.0,0.5,1.0,0.0,0.0,0.0,0.0
181.0,ue[3],0,0.007,0.0084,0.041667,0.001,0.49925,0.6,1.0,0.0,1.0,0.017
158.0,attacker[0],1,0.015,0.0144,0.052083,0.006,0.496167,0.523333,1.0,0.264129,1.0,0.027
732.0,ue[2],0,0.0,0.0,0.0,0.0,0.5,1.0,0.0,0.0,0.0,0.02
1380.0,ue[4],0,0.0,0.0,0.0,0.0,0.5,1.0,0.0,0.0,0.0,0.0
771.0,attacker[0],1,0.0,0.0,0.0,0.0,0.5,1.0,0.0,0.0,0.0,0.03
1052.0,attacker[2],1,0.0,0.0,0.0,0.0,0.5,1.0,0.0,0.0,0.0,0.0
166.0,ue[3],0,0.01,0.0107,0.046729,0.002,0.5005,0.55,1.0,0.0,1.0,0.017
6.0,attacker[1],1,0.02,0.015714,0.063636,0.001,0.49925,0.016667,0.857143,0.269408,0.2,0.029
812.0,attacker[2],1,0.0,0.0,0.0,0.0,0.5,1.0,0.0,0.0,0.0,0.0
1070.0,ue[4],0,0.0,0.0,0.0,0.0,0.5,1.0,0.0,0.0,0.0,0.0
1160.0,ue[1],0,0.0,0.0,0.0,0.0,0.5,1.0,0.0,0.0,0.0,0.0
394.0,ue[0],0,0.0,0.0,0.0,0.0,0.5,1.0,0.0,0.0,0.0,0.022
166.0,ue[4],0,0.009,0.0102,0.044118,0.003,0.50025,0.55,1.0,0.0,1.0,0.019
1479.0,ue[3],0,0.0,0.0,0.0,0.0,0.5,1.0,0.0,0.0,0.0,0.0
42.0,ue[3],0,0.015,0.0111,0.067568,0.005,0.500083,0.136667,1.0,0.082639,1.0,0.015
837.0,ue[4],0,0.0,0.0,0.0,0.0,0.5,1.0,0.0,0.0,0.0,0.0
620.0,ue[2],0,0.0,0.0,0.0,0.0,0.5,1.0,0.0,0.0,0.0,0.02
788.0,ue[0],0,0.0,0.0,0.0,0.0,0.5,1.0,0.0,0.0,0.0,0.013
841.0,ue[3],0,0.0,0.0,0.0,0.0,0.5,1.0,0.0,0.0,0.0,0.0
1144.0,attacker[2],1,0.0,0.0,0.0,0.0,0.5,1.0,0.0,0.0,0.0,0.0
172.0,ue[4],0,0.006,0.0102,0.029412,0.005,0.49925,0.57,1.0,0.0,1.0,0.019
111.0,ue[2],0,0.007,0.0098,0.035714,0.008,0.500833,0.366667,1.0,0.0,1.0,0.018
864.0,ue[0],0,0.0,0.0,0.0,0.0,0.5,1.0,0.0,0.0,0.0,0.0
799.0,attacker[2],1,0.0,0.0,0.0,0.0,0.5,1.0,0.0,0.0,0.0,0.0
314.0,ue[4],0,0.0,0.0,0.0,0.0,0.5,1.0,0.333333,0.0,0.0,0.019
1358.0,ue[2],0,0.0,0.0,0.0,0.0,0.5,1.0,0.0,0.0,0.0,0.0
602.0,attacker[0],1,0.0,0.0,0.0,0.0,0.5,1.0,0.0,0.0,0.0,0.03
917.0,ue[4],0,0.0,0.0,0.0,0.0,0.5,1.0,0.0,0.0,0.0,0.0
1080.0,ue[1],0,0.0,0.0,0.0,0.0,0.5,1.0,0.0,0.0,0.0,0.0
1464.0,ue[0],0,0.0,0.0,0.0,0.0,0.5,1.0,0.0,0.0,0.0,0.0
962.0,ue[1],0,0.0,0.0,0.0,0.0,0.5,1.0,0.0,0.0,0.0,0.0
313.0,ue[4],0,0.0,0.0,0.0,0.0,0.5,1.0,0.366667,0.0,0.0,0.019
622.0,ue[4],0,0.0,0.0,0.0,0.0,0.5,1.0,0.0,0.0,0.0,0.018
770.0,ue[0],0,0.0,0.0,0.0,0.0,0.5,1.0,0.0,0.0,0.0,0.014
332.0,ue[4],0,0.0,0.0,0.0,0.0,0.5,1.0,0.0,0.0,0.0,0.019
1345.0,attacker[1],1,0.0,0.0,0.0,0.0,0.5,1.0,0.0,0.0,0.0,0.0
385.0,ue[4],0,0.0,0.0,0.0,0.0,0.5,1.0,0.0,0.0,0.0,0.019
83.0,attacker[2],1,0.015,0.0163,0.046012,0.001,0.498417,0.273333,1.0,0.288675,1.0,0.025
485.0,ue[2],0,0.0,0.0,0.0,0.0,0.5,1.0,0.0,0.0,0.0,0.02
1268.0,ue[4],0,0.0,0.0,0.0,0.0,0.5,1.0,0.0,0.0,0.0,0.0
624.0,ue[4],0,0.0,0.0,0.0,0.0,0.5,1.0,0.0,0.0,0.0,0.018
796.0,ue[2],0,0.0,0.0,0.0,0.0,0.5,1.0,0.0,0.0,0.0,0.0
542.0,ue[2],0,0.0,0.0,0.0,0.0,0.5,1.0,0.0,0.0,0.0,0.02
595.0,ue[4],0,0.0,0.0,0.0,0.0,0.5,1.0,0.0,0.0,0.0,0.019
930.0,attacker[2],1,0.0,0.0,0.0,0.0,0.5,1.0,0.0,0.0,0.0,0.0
966.0,attacker[2],1,0.0,0.0,0.0,0.0,0.5,1.0,0.0,0.0,0.0,0.0
695.0,attacker[0],1,0.0,0.0,0.0,0.0,0.5,1.0,0.0,0.0,0.0,0.03
1284.0,attacker[1],1,0.0,0.0,0.0,0.0,0.5,1.0,0.0,0.0,0.0,0.0
721.0,attacker[2],1,0.0,0.0,0.0,0.0,0.5,1.0,0.0,0.0,0.0,0.03
763.0,ue[1],0,0.0,0.0,0.0,0.0,0.5,1.0,0.0,0.0,0.0,0.018
1287.0,ue[3],0,0.0,0.0,0.0,0.0,0.5,1.0,0.0,0.0,0.0,0.0
395.0,ue[4],0,0.0,0.0,0.0,0.0,0.5,1.0,0.0,0.0,0.0,0.019
1068.0,attacker[2],1,0.0,0.0,0.0,0.0,0.5,1.0,0.0,0.0,0.0,0.0
386.0,attacker[2],1,0.0,0.0,0.0,0.0,0.5,1.0,0.0,0.0,0.0,0.03
505.0,attacker[0],1,0.0,0.0,0.0,0.0,0.5,1.0,0.0,0.0,0.0,0.03
95.0,ue[3],0,0.017,0.011,0.077273,0.003,0.503083,0.313333,1.0,0.116692,1.0,0.017
989.0,attacker[1],1,0.0,0.0,0.0,0.0,0.5,1.0,0.0,0.0,0.0,0.0
1238.0,attacker[2],1,0.0,0.0,0.0,0.0,0.5,1.0,0.0,0.0,0.0,0.0
930.0,attacker[1],1,0.0,0.0,0.0,0.0,0.5,1.0,0.0,0.0,0.0,0.0
847.0,ue[0],0,0.0,0.0,0.0,0.0,0.5,1.0,0.0,0.0,0.0,0.0
876.0,ue[2],0,0.0,0.0,0.0,0.0,0.5,1.0,0.0,0.0,0.0,0.0
829.0,ue[4],0,0.0,0.0,0.0,0.0,0.5,1.0,0.0,0.0,0.0,0.0
1339.0,ue[3],0,0.0,0.0,0.0,0.0,0.5,1.0,0.0,0.0,0.0,0.0
562.0,ue[4],0,0.0,0.0,0.0,0.0,0.5,1.0,0.0,0.0,0.0,0.019
398.0,ue[3],0,0.0,0.0,0.0,0.0,0.5,1.0,0.0,0.0,0.0,0.018
348.0,ue[2],0,0.0,0.0,0.0,0.0,0.5,1.0,0.0,0.0,0.0,0.02
936.0,attacker[2],1,0.0,0.0,0.0,0.0,0.5,1.0,0.0,0.0,0.0,0.0
239.0,attacker[0],1,0.016,0.0164,0.04878,0.002,0.499,0.793333,1.0,0.178885,1.0,0.027
550.0,attacker[2],1,0.0,0.0,0.0,0.0,0.5,1.0,0.0,0.0,0.0,0.03
417.0,attacker[0],1,0.0,0.0,0.0,0.0,0.5,1.0,0.0,0.0,0.0,0.03
550.0,ue[1],0,0.0,0.0,0.0,0.0,0.5,1.0,0.0,0.0,0.0,0.02
15.0,ue[1],0,0.013,0.0109,0.059633,0.002,0.5015,0.046667,1.0,0.0,0.533333,0.017
202.0,attacker[2],1,0.011,0.0154,0.035714,0.007,0.499083,0.67,1.0,0.0,1.0,0.025
775.0,ue[3],0,0.0,0.0,0.0,0.0,0.5,1.0,0.0,0.0,0.0,0.015
29.0,ue[1],0,0.01,0.0106,0.04717,0.0,0.498833,0.093333,1.0,0.0,1.0,0.017
774.0,ue[2],0,0.0,0.0,0.0,0.0,0.5,1.0,0.0,0.0,0.0,0.013
691.0,attacker[1],1,0.0,0.0,0.0,0.0,0.5,1.0,0.0,0.0,0.0,0.025
265.0,attacker[0],1,0.02,0.0175,0.057143,0.004,0.499,0.88,1.0,0.300071,1.0,0.027
1138.0,ue[1],0,0.0,0.0,0.0,0.0,0.5,1.0,0.0,0.0,0.0,0.0
833.0,attacker[1],1,0.0,0.0,0.0,0.0,0.5,1.0,0.0,0.0,0.0,0.0
573.0,attacker[2],1,0.0,0.0,0.0,0.0,0.5,1.0,0.0,0.0,0.0,0.03
291.0,ue[2],0,0.009,0.01,0.045,0.002,0.498,0.966667,1.0,0.0,1.0,0.02
1351.0,ue[1],0,0.0,0.0,0.0,0.0,0.5,1.0,0.0,0.0,0.0,0.0
193.0,attacker[1],1,0.015,0.018,0.041667,0.002,0.497333,0.64,1.0,0.108443,1.0,0.029
1462.0,ue[2],0,0.0,0.0,0.0,0.0,0.5,1.0,0.0,0.0,0.0,0.0
25.0,ue[4],0,0.011,0.011,0.05,0.005,0.49775,0.08,1.0,0.0,0.866667,0.019
1209.0,ue[4],0,0.0,0.0,0.0,0.0,0.5,1.0,0.0,0.0,0.0,0.0
1322.0,attacker[2],1,0.0,0.0,0.0,0.0,0.5,1.0,0.0,0.0,0.0,0.0
1344.0,attacker[2],1,0.0,0.0,0.0,0.0,0.5,1.0,0.0,0.0,0.0,0.0
1349.0,ue[4],0,0.0,0.0,0.0,0.0,0.5,1.0,0.0,0.0,0.0,0.0
1186.0,ue[1],0,0.0,0.0,0.0,0.0,0.5,1.0,0.0,0.0,0.0,0.0
788.0,ue[3],0,0.0,0.0,0.0,0.0,0.5,1.0,0.0,0.0,0.0,0.014
1011.0,ue[0],0,0.0,0.0,0.0,0.0,0.5,1.0,0.0,0.0,0.0,0.0
978.0,ue[4],0,0.0,0.0,0.0,0.0,0.5,1.0,0.0,0.0,0.0,0.0
1083.0,attacker[0],1,0.0,0.0,0.0,0.0,0.5,1.0,0.0,0.0,0.0,0.0
1357.0,ue[0],0,0.0,0.0,0.0,0.0,0.5,1.0,0.0,0.0,0.0,0.0
125.0,ue[1],0,0.005,0.0095,0.026316,0.011,0.501083,0.413333,1.0,0.0,1.0,0.022
305.0,attacker[0],1,0.0,0.0,0.0,0.0,0.5,1.0,0.633333,0.0,0.0,0.03
763.0,attacker[0],1,0.0,0.0,0.0,0.0,0.5,1.0,0.0,0.0,0.0,0.03
34.0,ue[3],0,0.011,0.0112,0.049107,0.001,0.500083,0.11,1.0,0.0,1.0,0.015
220.0,attacker[1],1,0.014,0.0146,0.047945,0.003,0.498417,0.73,1.0,0.088465,1.0,0.029
1462.0,ue[4],0,0.0,0.0,0.0,0.0,0.5,1.0,0.0,0.0,0.0,0.0
248.0,ue[1],0,0.011,0.0105,0.052381,0.008,0.497,0.823333,1.0,0.0,1.0,0.022
804.0,ue[1],0,0.0,0.0,0.0,0.0,0.5,1.0,0.0,0.0,0.0,0.0
1299.0,attacker[2],1,0.0,0.0,0.0,0.0,0.5,1.0,0.0,0.0,0.0,0.0
586.0,attacker[0],1,0.0,0.0,0.0,0.0,0.5,1.0,0.0,0.0,0.0,0.03
165.0,ue[1],0,0.008,0.0092,0.043478,0.003,0.499417,0.546667,1.0,0.0,1.0,0.022
1059.0,ue[4],0,0.0,0.0,0.0,0.0,0.5,1.0,0.0,0.0,0.0,0.0
556.0,ue[1],0,0.0,0.0,0.0,0.0,0.5,1.0,0.0,0.0,0.0,0.02
727.0,ue[3],0,0.0,0.0,0.0,0.0,0.5,1.0,0.0,0.0,0.0,0.016
42.0,ue[4],0,0.008,0.008,0.05,0.001,0.499583,0.136667,1.0,0.0,1.0,0.019
290.0,ue[4],0,0.007,0.011,0.031818,0.006,0.499,0.963333,1.0,0.0,1.0,0.019
1224.0,ue[1],0,0.0,0.0,0.0,0.0,0.5,1.0,0.0,0.0,0.0,0.0
823.0,attacker[2],1,0.0,0.0,0.0,0.0,0.5,1.0,0.0,0.0,0.0,0.0
425.0,ue[4],0,0.0,0.0,0.0,0.0,0.5,1.0,0.0,0.0,0.0,0.019
111.0,ue[4],0,0.012,0.0098,0.061224,0.0,0.501667,0.366667,1.0,0.137101,1.0,0.019
1418.0,ue[1],0,0.0,0.0,0.0,0.0,0.5,1.0,0.0,0.0,0.0,0.0
1073.0,ue[0],0,0.0,0.0,0.0,0.0,0.5,1.0,0.0,0.0,0.0,0.0
1360.0,ue[2],0,0.0,0.0,0.0,0.0,0.5,1.0,0.0,0.0,0.0,0.0
1375.0,ue[1],0,0.0,0.0,0.0,0.0,0.5,1.0,0.0,0.0,0.0,0.0
189.0,ue[1],0,0.008,0.0097,0.041237,0.002,0.496833,0.626667,1.0,0.0,1.0,0.022
412.0,ue[3],0,0.0,0.0,0.0,0.0,0.5,1.0,0.0,0.0,0.0,0.018
246.0,attacker[2],1,0.014,0.0152,0.046053,0.0,0.500667,0.816667,1.0,0.066965,1.0,0.03
1380.0,attacker[1],1,0.0,0.0,0.0,0.0,0.5,1.0,0.0,0.0,0.0,0.0
1110.0,ue[3],0,0.0,0.0,0.0,0.0,0.5,1.0,0.0,0.0,0.0,0.0
973.0,ue[4],0,0.0,0.0,0.0,0.0,0.5,1.0,0.0,0.0,0.0,0.0
1288.0,ue[0],0,0.0,0.0,0.0,0.0,0.5,1.0,0.0,0.0,0.0,0.0
1208.0,attacker[2],1,0.0,0.0,0.0,0.0,0.5,1.0,0.0,0.0,0.0,0.0
817.0,ue[1],0,0.0,0.0,0.0,0.0,0.5,1.0,0.0,0.0,0.0,0.0
287.0,ue[3],0,0.009,0.0087,0.051724,0.002,0.501,0.953333,1.0,0.0,1.0,0.018
367.0,ue[2],0,0.0,0.0,0.0,0.0,0.5,1.0,0.0,0.0,0.0,0.02
364.0,attacker[0],1,0.0,0.0,0.0,0.0,0.5,1.0,0.0,0.0,0.0,0.03
803.0,ue[0],0,0.0,0.0,0.0,0.0,0.5,1.0,0.0,0.0,0.0,0.0
12.0,attacker[1],1,0.024,0.0183,0.065574,0.01,0.500833,0.036667,0.923077,0.409764,0.4,0.029
89.0,attacker[2],1,0.023,0.0163,0.070552,0.011,0.50125,0.293333,1.0,0.419673,1.0,0.025
744.0,attacker[1],1,0.0,0.0,0.0,0.0,0.5,1.0,0.0,0.0,0.0,0.025
299.0,ue[0],0,0.0,0.0053,0.0,0.0,0.5,0.993333,0.833333,0.0,0.0,0.022
298.0,ue[3],0,0.0,0.0053,0.0,0.0,0.498667,0.99,0.866667,0.0,0.0,0.018
656.0,attacker[0],1,0.0,0.0,0.0,0.0,0.5,1.0,0.0,0.0,0.0,0.03
734.0,ue[1],0,0.0,0.0,0.0,0.0,0.5,1.0,0.0,0.0,0.0,0.018
737.0,ue[0],0,0.0,0.0,0.0,0.0,0.5,1.0,0.0,0.0,0.0,0.022
1035.0,attacker[1],1,0.0,0.0,0.0,0.0,0.5,1.0,0.0,0.0,0.0,0.0
529.0,ue[0],0,0.0,0.0,0.0,0.0,0.5,1.0,0.0,0.0,0.0,0.022
336.0,attacker[2],1,0.0,0.0,0.0,0.0,0.5,1.0,0.0,0.0,0.0,0.03
1102.0,ue[0],0,0.0,0.0,0.0,0.0,0.5,1.0,0.0,0.0,0.0,0.0
1422.0,ue[3],0,0.0,0.0,0.0,0.0,0.5,1.0,0.0,0.0,0.0,0.0
1472.0,ue[2],0,0.0,0.0,0.0,0.0,0.5,1.0,0.0,0.0,0.0,0.0
199.0,ue[3],0,0.008,0.0096,0.041667,0.002,0.498333,0.66,1.0,0.0,1.0,0.017
988.0,ue[2],0,0.0,0.0,0.0,0.0,0.5,1.0,0.0,0.0,0.0,0.0
1314.0,attacker[0],1,0.0,0.0,0.0,0.0,0.5,1.0,0.0,0.0,0.0,0.0
15.0,attacker[2],1,0.015,0.0157,0.047771,0.003,0.49925,0.046667,0.9375,0.070711,0.5,0.021
21.0,ue[2],0,0.012,0.0126,0.047619,0.002,0.498,0.066667,1.0,0.037573,0.733333,0.018
818.0,attacker[1],1,0.0,0.0,0.0,0.0,0.5,1.0,0.0,0.0,0.0,0.0
848.0,ue[4],0,0.0,0.0,0.0,0.0,0.5,1.0,0.0,0.0,0.0,0.0
269.0,ue[3],0,0.01,0.0107,0.046729,0.002,0.498833,0.893333,1.0,0.0,1.0,0.018
765.0,attacker[1],1,0.0,0.0,0.0,0.0,0.5,1.0,0.0,0.0,0.0,0.025
1008.0,ue[1],0,0.0,0.0,0.0,0.0,0.5,1.0,0.0,0.0,0.0,0.0
702.0,ue[0],0,0.0,0.0,0.0,0.0,0.5,1.0,0.0,0.0,0.0,0.022
976.0,ue[3],0,0.0,0.0,0.0,0.0,0.5,1.0,0.0,0.0,0.0,0.0
452.0,attacker[2],1,0.0,0.0,0.0,0.0,0.5,1.0,0.0,0.0,0.0,0.03
937.0,ue[4],0,0.0,0.0,0.0,0.0,0.5,1.0,0.0,0.0,0.0,0.0
1172.0,ue[1],0,0.0,0.0,0.0,0.0,0.5,1.0,0.0,0.0,0.0,0.0
933.0,attacker[2],1,0.0,0.0,0.0,0.0,0.5,1.0,0.0,0.0,0.0,0.0
1271.0,attacker[1],1,0.0,0.0,0.0,0.0,0.5,1.0,0.0,0.0,0.0,0.0
983.0,attacker[0],1,0.0,0.0,0.0,0.0,0.5,1.0,0.0,0.0,0.0,0.0
735.0,ue[3],0,0.0,0.0,0.0,0.0,0.5,1.0,0.0,0.0,0.0,0.016
1322.0,attacker[0],1,0.0,0.0,0.0,0.0,0.5,1.0,0.0,0.0,0.0,0.0
1451.0,attacker[1],1,0.0,0.0,0.0,0.0,0.5,1.0,0.0,0.0,0.0,0.0
821.0,ue[1],0,0.0,0.0,0.0,0.0,0.5,1.0,0.0,0.0,0.0,0.0
406.0,attacker[2],1,0.0,0.0,0.0,0.0,0.5,1.0,0.0,0.0,0.0,0.03
195.0,attacker[2],1,0.009,0.0137,0.032847,0.01,0.499833,0.646667,1.0,0.0,1.0,0.025
129.0,ue[0],0,0.008,0.0099,0.040404,0.0,0.498833,0.426667,1.0,0.0,1.0,0.018
228.0,attacker[2],1,0.014,0.0179,0.039106,0.012,0.5015,0.756667,1.0,0.120605,1.0,0.026
892.0,ue[4],0,0.0,0.0,0.0,0.0,0.5,1.0,0.0,0.0,0.0,0.0
1216.0,ue[1],0,0.0,0.0,0.0,0.0,0.5,1.0,0.0,0.0,0.0,0.0
1197.0,ue[3],0,0.0,0.0,0.0,0.0,0.5,1.0,0.0,0.0,0.0,0.0
191.0,attacker[1],1,0.016,0.0184,0.043478,0.009,0.501083,0.633333,1.0,0.30792,1.0,0.029
737.0,ue[4],0,0.0,0.0,0.0,0.0,0.5,1.0,0.0,0.0,0.0,0.018
355.0,ue[0],0,0.0,0.0,0.0,0.0,0.5,1.0,0.0,0.0,0.0,0.022
483.0,ue[0],0,0.0,0.0,0.0,0.0,0.5,1.0,0.0,0.0,0.0,0.022
1138.0,attacker[2],1,0.0,0.0,0.0,0.0,0.5,1.0,0.0,0.0,0.0,0.0
72.0,ue[4],0,0.012,0.0086,0.069767,0.003,0.500917,0.236667,1.0,0.0,1.0,0.019
768.0,ue[0],0,0.0,0.0,0.0,0.0,0.5,1.0,0.0,0.0,0.0,0.014
93.0,ue[1],0,0.008,0.011,0.036364,0.006,0.500167,0.306667,1.0,0.0,1.0,0.022
158.0,attacker[1],1,0.015,0.0148,0.050676,0.003,0.502083,0.523333,1.0,0.264129,1.0,0.029
1402.0,ue[0],0,0.0,0.0,0.0,0.0,0.5,1.0,0.0,0.0,0.0,0.0
356.0,ue[4],0,0.0,0.0,0.0,0.0,0.5,1.0,0.0,0.0,0.0,0.019
1369.0,ue[0],0,0.0,0.0,0.0,0.0,0.5,1.0,0.0,0.0,0.0,0.0
759.0,ue[0],0,0.0,0.0,0.0,0.0,0.5,1.0,0.0,0.0,0.0,0.022
1084.0,attacker[2],1,0.0,0.0,0.0,0.0,0.5,1.0,0.0,0.0,0.0,0.0
356.0,ue[1],0,0.0,0.0,0.0,0.0,0.5,1.0,0.0,0.0,0.0,0.022
182.0,ue[0],0,0.012,0.0079,0.075949,0.004,0.501167,0.603333,1.0,0.014857,1.0,0.018
1205.0,ue[0],0,0.0,0.0,0.0,0.0,0.5,1.0,0.0,0.0,0.0,0.0
1195.0,attacker[0],1,0.0,0.0,0.0,0.0,0.5,1.0,0.0,0.0,0.0,0.0
1349.0,ue[1],0,0.0,0.0,0.0,0.0,0.5,1.0,0.0,0.0,0.0,0.0
782.0,ue[2],0,0.0,0.0,0.0,0.0,0.5,1.0,0.0,0.0,0.0,0.013
471.0,ue[3],0,0.0,0.0,0.0,0.0,0.5,1.0,0.0,0.0,0.0,0.018
1361.0,attacker[2],1,0.0,0.0,0.0,0.0,0.5,1.0,0.0,0.0,0.0,0.0
225.0,ue[1],0,0.009,0.01,0.045,0.001,0.49875,0.746667,1.0,0.0,1.0,0.022
951.0,ue[1],0,0.0,0.0,0.0,0.0,0.5,1.0,0.0,0.0,0.0,0.0
995.0,attacker[0],1,0.0,0.0,0.0,0.0,0.5,1.0,0.0,0.0,0.0,0.0
561.0,ue[2],0,0.0,0.0,0.0,0.0,0.5,1.0,0.0,0.0,0.0,0.02
289.0,attacker[2],1,0.014,0.0185,0.037838,0.0,0.4975,0.96,1.0,0.091766,1.0,0.03
941.0,attacker[0],1,0.0,0.0,0.0,0.0,0.5,1.0,0.0,0.0,0.0,0.0
302.0,ue[3],0,0.0,0.0022,0.0,0.0,0.5,1.0,0.733333,0.0,0.0,0.018
750.0,ue[0],0,0.0,0.0,0.0,0.0,0.5,1.0,0.0,0.0,0.0,0.022
757.0,attacker[1],1,0.0,0.0,0.0,0.0,0.5,1.0,0.0,0.0,0.0,0.025
598.0,attacker[2],1,0.0,0.0,0.0,0.0,0.5,1.0,0.0,0.0,0.0,0.03
1024.0,ue[3],0,0.0,0.0,0.0,0.0,0.5,1.0,0.0,0.0,0.0,0.0
1289.0,attacker[2],1,0.0,0.0,0.0,0.0,0.5,1.0,0.0,0.0,0.0,0.0
481.0,attacker[0],1,0.0,0.0,0.0,0.0,0.5,1.0,0.0,0.0,0.0,0.03
580.0,attacker[1],1,0.0,0.0,0.0,0.0,0.5,1.0,0.0,0.0,0.0,0.029
1460.0,ue[1],0,0.0,0.0,0.0,0.0,0.5,1.0,0.0,0.0,0.0,0.0
403.0,attacker[0],1,0.0,0.0,0.0,0.0,0.5,1.0,0.0,0.0,0.0,0.03
198.0,attacker[1],1,0.02,0.0187,0.053476,0.002,0.500667,0.656667,1.0,0.234971,1.0,0.029
1403.0,ue[4],0,0.0,0.0,0.0,0.0,0.5,1.0,0.0,0.0,0.0,0.0
586.0,ue[1],0,0.0,0.0,0.0,0.0,0.5,1.0,0.0,0.0,0.0,0.02
437.0,ue[2],0,0.0,0.0,0.0,0.0,0.5,1.0,0.0,0.0,0.0,0.02
83.0,attacker[0],1,0.008,0.0172,0.023256,0.01,0.497833,0.273333,1.0,0.0,1.0,0.027
463.0,ue[0],0,0.0,0.0,0.0,0.0,0.5,1.0,0.0,0.0,0.0,0.022
1315.0,ue[1],0,0.0,0.0,0.0,0.0,0.5,1.0,0.0,0.0,0.0,0.0
831.0,attacker[0],1,0.0,0.0,0.0,0.0,0.5,1.0,0.0,0.0,0.0,0.0
519.0,ue[4],0,0.0,0.0,0.0,0.0,0.5,1.0,0.0,0.0,0.0,0.019
381.0,attacker[2],1,0.0,0.0,0.0,0.0,0.5,1.0,0.0,0.0,0.0,0.03
430.0,attacker[2],1,0.0,0.0,0.0,0.0,0.5,1.0,0.0,0.0,0.0,0.03
516.0,ue[4],0,0.0,0.0,0.0,0.0,0.5,1.0,0.0,0.0,0.0,0.019
277.0,attacker[0],1,0.016,0.0163,0.04908,0.004,0.498833,0.92,1.0,0.240772,1.0,0.027
1153.0,ue[3],0,0.0,0.0,0.0,0.0,0.5,1.0,0.0,0.0,0.0,0.0
252.0,ue[4],0,0.006,0.0086,0.034884,0.001,0.49775,0.836667,1.0,0.0,1.0,0.019
584.0,ue[3],0,0.0,0.0,0.0,0.0,0.5,1.0,0.0,0.0,0.0,0.018
693.0,ue[4],0,0.0,0.0,0.0,0.0,0.5,1.0,0.0,0.0,0.0,0.018
608.0,ue[3],0,0.0,0.0,0.0,0.0,0.5,1.0,0.0,0.0,0.0,0.018
477.0,ue[3],0,0.0,0.0,0.0,0.0,0.5,1.0,0.0,0.0,0.0,0.018
993.0,attacker[2],1,0.0,0.0,0.0,0.0,0.5,1.0,0.0,0.0,0.0,0.0
133.0,ue[1],0,0.01,0.0089,0.05618,0.003,0.501917,0.44,1.0,0.0,1.0,0.022
177.0,ue[2],0,0.016,0.0104,0.076923,0.014,0.499667,0.586667,1.0,0.118517,1.0,0.018
781.0,ue[4],0,0.0,0.0,0.0,0.0,0.5,1.0,0.0,0.0,0.0,0.018
943.0,attacker[2],1,0.0,0.0,0.0,0.0,0.5,1.0,0.0,0.0,0.0,0.0
305.0,attacker[2],1,0.0,0.0,0.0,0.0,0.5,1.0,0.633333,0.0,0.0,0.03
1366.0,ue[4],0,0.0,0.0,0.0,0.0,0.5,1.0,0.0,0.0,0.0,0.0
1237.0,ue[3],0,0.0,0.0,0.0,0.0,0.5,1.0,0.0,0.0,0.0,0.0
1375.0,attacker[0],1,0.0,0.0,0.0,0.0,0.5,1.0,0.0,0.0,0.0,0.0
844.0,ue[4],0,0.0,0.0,0.0,0.0,0.5,1.0,0.0,0.0,0.0,0.0
1019.0,ue[3],0,0.0,0.0,0.0,0.0,0.5,1.0,0.0,0.0,0.0,0.0
20.0,ue[2],0,0.01,0.0126,0.039683,0.005,0.49925,0.063333,1.0,0.0,0.7,0.018
102.0,ue[0],0,0.008,0.0083,0.048193,0.001,0.500417,0.336667,1.0,0.0,1.0,0.018
1023.0,ue[2],0,0.0,0.0,0.0,0.0,0.5,1.0,0.0,0.0,0.0,0.0
775.0,attacker[1],1,0.0,0.0,0.0,0.0,0.5,1.0,0.0,0.0,0.0,0.025
1148.0,attacker[0],1,0.0,0.0,0.0,0.0,0.5,1.0,0.0,0.0,0.0,0.0
1433.0,ue[3],0,0.0,0.0,0.0,0.0,0.5,1.0,0.0,0.0,0.0,0.0
1113.0,ue[4],0,0.0,0.0,0.0,0.0,0.5,1.0,0.0,0.0,0.0,0.0
214.0,attacker[2],1,0.016,0.0157,0.050955,0.001,0.498917,0.71,1.0,0.162178,1.0,0.025
1176.0,ue[4],0,0.0,0.0,0.0,0.0,0.5,1.0,0.0,0.0,0.0,0.0
678.0,ue[2],0,0.0,0.0,0.0,0.0,0.5,1.0,0.0,0.0,0.0,0.02
655.0,attacker[2],1,0.0,0.0,0.0,0.0,0.5,1.0,0.0,0.0,0.0,0.03
1249.0,attacker[0],1,0.0,0.0,0.0,0.0,0.5,1.0,0.0,0.0,0.0,0.0
1231.0,attacker[2],1,0.0,0.0,0.0,0.0,0.5,1.0,0.0,0.0,0.0,0.0
732.0,ue[3],0,0.0,0.0,0.0,0.0,0.5,1.0,0.0,0.0,0.0,0.016
298.0,ue[1],0,0.0,0.0056,0.0,0.0,0.498,0.99,0.866667,0.0,0.0,0.022
628.0,attacker[2],1,0.0,0.0,0.0,0.0,0.5,1.0,0.0,0.0,0.0,0.03
1186.0,ue[2],0,0.0,0.0,0.0,0.0,0.5,1.0,0.0,0.0,0.0,0.0
615.0,attacker[0],1,0.0,0.0,0.0,0.0,0.5,1.0,0.0,0.0,0.0,0.03
612.0,ue[0],0,0.0,0.0,0.0,0.0,0.5,1.0,0.0,0.0,0.0,0.022
670.0,attacker[2],1,0.0,0.0,0.0,0.0,0.5,1.0,0.0,0.0,0.0,0.03
1171.0,ue[0],0,0.0,0.0,0.0,0.0,0.5,1.0,0.0,0.0,0.0,0.0
133.0,ue[2],0,0.012,0.0099,0.060606,0.001,0.502583,0.44,1.0,0.00684,1.0,0.018
260.0,attacker[0],1,0.019,0.0164,0.057927,0.006,0.500167,0.863333,1.0,0.356034,1.0,0.027
749.0,ue[1],0,0.0,0.0,0.0,0.0,0.5,1.0,0.0,0.0,0.0,0.018
895.0,attacker[2],1,0.0,0.0,0.0,0.0,0.5,1.0,0.0,0.0,0.0,0.0
374.0,attacker[0],1,0.0,0.0,0.0,0.0,0.5,1.0,0.0,0.0,0.0,0.03
940.0,ue[2],0,0.0,0.0,0.0,0.0,0.5,1.0,0.0,0.0,0.0,0.0
143.0,ue[0],0,0.013,0.0105,0.061905,0.001,0.501417,0.473333,1.0,0.0,1.0,0.018
187.0,ue[3],0,0.005,0.0077,0.032468,0.004,0.499,0.62,1.0,0.0,1.0,0.017
186.0,ue[4],0,0.015,0.0111,0.067568,0.0,0.501833,0.616667,1.0,0.090496,1.0,0.019
1064.0,ue[2],0,0.0,0.0,0.0,0.0,0.5,1.0,0.0,0.0,0.0,0.0
465.0,attacker[2],1,0.0,0.0,0.0,0.0,0.5,1.0,0.0,0.0,0.0,0.03
1028.0,ue[4],0,0.0,0.0,0.0,0.0,0.5,1.0,0.0,0.0,0.0,0.0
816.0,ue[0],0,0.0,0.0,0.0,0.0,0.5,1.0,0.0,0.0,0.0,0.0
1135.0,ue[0],0,0.0,0.0,0.0,0.0,0.5,1.0,0.0,0.0,0.0,0.0
338.0,ue[4],0,0.0,0.0,0.0,0.0,0.5,1.0,0.0,0.0,0.0,0.019
374.0,ue[1],0,0.0,0.0,0.0,0.0,0.5,1.0,0.0,0.0,0.0,0.022
943.0,ue[2],0,0.0,0.0,0.0,0.0,0.5,1.0,0.0,0.0,0.0,0.0
765.0,ue[0],0,0.0,0.0,0.0,0.0,0.5,1.0,0.0,0.0,0.0,0.022
1364.0,ue[4],0,0.0,0.0,0.0,0.0,0.5,1.0,0.0,0.0,0.0,0.0
472.0,ue[0],0,0.0,0.0,0.0,0.0,0.5,1.0,0.0,0.0,0.0,0.022
1314.0,ue[4],0,0.0,0.0,0.0,0.0,0.5,1.0,0.0,0.0,0.0,0.0
66.0,ue[0],0,0.008,0.0087,0.045977,0.002,0.502,0.216667,1.0,0.0,1.0,0.018
1234.0,ue[0],0,0.0,0.0,0.0,0.0,0.5,1.0,0.0,0.0,0.0,0.0
375.0,ue[2],0,0.0,0.0,0.0,0.0,0.5,1.0,0.0,0.0,0.0,0.02
535.0,ue[0],0,0.0,0.0,0.0,0.0,0.5,1.0,0.0,0.0,0.0,0.022
977.0,attacker[2],1,0.0,0.0,0.0,0.0,0.5,1.0,0.0,0.0,0.0,0.0
1266.0,ue[1],0,0.0,0.0,0.0,0.0,0.5,1.0,0.0,0.0,0.0,0.0
912.0,attacker[1],1,0.0,0.0,0.0,0.0,0.5,1.0,0.0,0.0,0.0,0.0
233.0,ue[3],0,0.014,0.0102,0.068627,0.006,0.501833,0.773333,1.0,0.018199,1.0,0.018
802.0,ue[0],0,0.0,0.0,0.0,0.0,0.5,1.0,0.0,0.0,0.0,0.0
354.0,ue[2],0,0.0,0.0,0.0,0.0,0.5,1.0,0.0,0.0,0.0,0.02
374.0,attacker[1],1,0.0,0.0,0.0,0.0,0.5,1.0,0.0,0.0,0.0,0.029
610.0,ue[1],0,0.0,0.0,0.0,0.0,0.5,1.0,0.0,0.0,0.0,0.02
81.0,attacker[0],1,0.017,0.0178,0.047753,0.002,0.5015,0.266667,1.0,0.163025,1.0,0.027
939.0,ue[2],0,0.0,0.0,0.0,0.0,0.5,1.0,0.0,0.0,0.0,0.0
1045.0,ue[3],0,0.0,0.0,0.0,0.0,0.5,1.0,0.0,0.0,0.0,0.0
1176.0,attacker[0],1,0.0,0.0,0.0,0.0,0.5,1.0,0.0,0.0,0.0,0.0
1314.0,ue[2],0,0.0,0.0,0.0,0.0,0.5,1.0,0.0,0.0,0.0,0.0
1471.0,attacker[2],1,0.0,0.0,0.0,0.0,0.5,1.0,0.0,0.0,0.0,0.0
1415.0,attacker[2],1,0.0,0.0,0.0,0.0,0.5,1.0,0.0,0.0,0.0,0.0
1284.0,ue[4],0,0.0,0.0,0.0,0.0,0.5,1.0,0.0,0.0,0.0,0.0
548.0,ue[2],0,0.0,0.0,0.0,0.0,0.5,1.0,0.0,0.0,0.0,0.02
1314.0,ue[0],0,0.0,0.0,0.0,0.0,0.5,1.0,0.0,0.0,0.0,0.0
250.0,ue[0],0,0.009,0.0109,0.041284,0.004,0.500667,0.83,1.0,0.0,1.0,0.018
726.0,attacker[1],1,0.0,0.0,0.0,0.0,0.5,1.0,0.0,0.0,0.0,0.025
187.0,ue[2],0,0.008,0.0108,0.037037,0.004,0.499167,0.62,1.0,0.0,1.0,0.018
215.0,ue[2],0,0.009,0.0091,0.049451,0.004,0.4995,0.713333,1.0,0.0,1.0,0.018
347.0,ue[2],0,0.0,0.0,0.0,0.0,0.5,1.0,0.0,0.0,0.0,0.02
1347.0,ue[0],0,0.0,0.0,0.0,0.0,0.5,1.0,0.0,0.0,0.0,0.0
613.0,attacker[1],1,0.0,0.0,0.0,0.0,0.5,1.0,0.0,0.0,0.0,0.029
1400.0,attacker[0],1,0.0,0.0,0.0,0.0,0.5,1.0,0.0,0.0,0.0,0.0
963.0,ue[4],0,0.0,0.0,0.0,0.0,0.5,1.0,0.0,0.0,0.0,0.0
1327.0,ue[3],0,0.0,0.0,0.0,0.0,0.5,1.0,0.0,0.0,0.0,0.0
93.0,ue[0],0,0.009,0.012,0.0375,0.008,0.500833,0.306667,1.0,0.0,1.0,0.018
1430.0,attacker[2],1,0.0,0.0,0.0,0.0,0.5,1.0,0.0,0.0,0.0,0.0
1360.0,attacker[0],1,0.0,0.0,0.0,0.0,0.5,1.0,0.0,0.0,0.0,0.0
998.0,ue[3],0,0.0,0.0,0.0,0.0,0.5,1.0,0.0,0.0,0.0,0.0
786.0,attacker[0],1,0.0,0.0,0.0,0.0,0.5,1.0,0.0,0.0,0.0,0.022
303.0,ue[1],0,0.0,0.0012,0.0,0.0,0.5,1.0,0.7,0.0,0.0,0.022
1276.0,attacker[0],1,0.0,0.0,0.0,0.0,0.5,1.0,0.0,0.0,0.0,0.0
294.0,attacker[2],1,0.014,0.0162,0.04321,0.005,0.49675,0.976667,1.0,0.0,1.0,0.03
545.0,attacker[0],1,0.0,0.0,0.0,0.0,0.5,1.0,0.0,0.0,0.0,0.03
785.0,attacker[0],1,0.0,0.0,0.0,0.0,0.5,1.0,0.0,0.0,0.0,0.03
1369.0,ue[1],0,0.0,0.0,0.0,0.0,0.5,1.0,0.0,0.0,0.0,0.0
370.0,attacker[2],1,0.0,0.0,0.0,0.0,0.5,1.0,0.0,0.0,0.0,0.03
797.0,ue[2],0,0.0,0.0,0.0,0.0,0.5,1.0,0.0,0.0,0.0,0.0
1303.0,ue[3],0,0.0,0.0,0.0,0.0,0.5,1.0,0.0,0.0,0.0,0.0
331.0,ue[4],0,0.0,0.0,0.0,0.0,0.5,1.0,0.0,0.0,0.0,0.019
1474.0,attacker[2],1,0.0,0.0,0.0,0.0,0.5,1.0,0.0,0.0,0.0,0.0
353.0,attacker[0],1,0.0,0.0,0.0,0.0,0.5,1.0,0.0,0.0,0.0,0.03
688.0,ue[2],0,0.0,0.0,0.0,0.0,0.5,1.0,0.0,0.0,0.0,0.02
1066.0,ue[4],0,0.0,0.0,0.0,0.0,0.5,1.0,0.0,0.0,0.0,0.0
374.0,ue[2],0,0.0,0.0,0.0,0.0,0.5,1.0,0.0,0.0,0.0,0.02
538.0,ue[0],0,0.0,0.0,0.0,0.0,0.5,1.0,0.0,0.0,0.0,0.022
1146.0,ue[3],0,0.0,0.0,0.0,0.0,0.5,1.0,0.0,0.0,0.0,0.0
418.0,attacker[1],1,0.0,0.0,0.0,0.0,0.5,1.0,0.0,0.0,0.0,0.029
188.0,ue[1],0,0.006,0.0098,0.030612,0.008,0.499,0.623333,1.0,0.0,1.0,0.022
1316.0,ue[4],0,0.0,0.0,0.0,0.0,0.5,1.0,0.0,0.0,0.0,0.0
254.0,ue[3],0,0.01,0.0107,0.046729,0.001,0.498083,0.843333,1.0,0.0,1.0,0.018
887.0,ue[0],0,0.0,0.0,0.0,0.0,0.5,1.0,0.0,0.0,0.0,0.0
982.0,ue[0],0,0.0,0.0,0.0,0.0,0.5,1.0,0.0,0.0,0.0,0.0
352.0,ue[1],0,0.0,0.0,0.0,0.0,0.5,1.0,0.0,0.0,0.0,0.022
1124.0,attacker[0],1,0.0,0.0,0.0,0.0,0.5,1.0,0.0,0.0,0.0,0.0
163.0,attacker[0],1,0.018,0.0172,0.052326,0.001,0.49975,0.54,1.0,0.25424,1.0,0.027
496.0,ue[1],0,0.0,0.0,0.0,0.0,0.5,1.0,0.0,0.0,0.0,0.022
1236.0,ue[4],0,0.0,0.0,0.0,0.0,0.5,1.0,0.0,0.0,0.0,0.0
104.0,attacker[2],1,0.014,0.0155,0.045161,0.001,0.501583,0.343333,1.0,0.108335,1.0,0.025
521.0,ue[0],0,0.0,0.0,0.0,0.0,0.5,1.0,0.0,0.0,0.0,0.022
597.0,attacker[0],1,0.0,0.0,0.0,0.0,0.5,1.0,0.0,0.0,0.0,0.03
598.0,ue[2],0,0.0,0.0,0.0,0.0,0.5,1.0,0.0,0.0,0.0,0.02
1087.0,ue[4],0,0.0,0.0,0.0,0.0,0.5,1.0,0.0,0.0,0.0,0.0
1290.0,ue[4],0,0.0,0.0,0.0,0.0,0.5,1.0,0.0,0.0,0.0,0.0
243.0,ue[1],0,0.015,0.0106,0.070755,0.003,0.502583,0.806667,1.0,0.208514,1.0,0.022
408.0,ue[2],0,0.0,0.0,0.0,0.0,0.5,1.0,0.0,0.0,0.0,0.02
618.0,ue[4],0,0.0,0.0,0.0,0.0,0.5,1.0,0.0,0.0,0.0,0.018
1331.0,ue[3],0,0.0,0.0,0.0,0.0,0.5,1.0,0.0,0.0,0.0,0.0
821.0,ue[0],0,0.0,0.0,0.0,0.0,0.5,1.0,0.0,0.0,0.0,0.0
292.0,ue[2],0,0.01,0.0102,0.04902,0.001,0.49975,0.97,1.0,0.0,1.0,0.02
155.0,attacker[0],1,0.019,0.0151,0.062914,0.003,0.504583,0.513333,1.0,0.254825,1.0,0.027
1066.0,ue[3],0,0.0,0.0,0.0,0.0,0.5,1.0,0.0,0.0,0.0,0.0
1188.0,ue[4],0,0.0,0.0,0.0,0.0,0.5,1.0,0.0,0.0,0.0,0.0
303.0,attacker[2],1,0.0,0.0014,0.0,0.0,0.5,1.0,0.7,0.0,0.0,0.03
1453.0,attacker[2],1,0.0,0.0,0.0,0.0,0.5,1.0,0.0,0.0,0.0,0.0
472.0,ue[4],0,0.0,0.0,0.0,0.0,0.5,1.0,0.0,0.0,0.0,0.019
57.0,ue[1],0,0.007,0.0115,0.030435,0.009,0.50225,0.186667,1.0,0.0,1.0,0.022
820.0,ue[3],0,0.0,0.0,0.0,0.0,0.5,1.0,0.0,0.0,0.0,0.0
1434.0,attacker[2],1,0.0,0.0,0.0,0.0,0.5,1.0,0.0,0.0,0.0,0.0
74.0,attacker[0],1,0.024,0.0187,0.064171,0.003,0.502417,0.243333,1.0,0.282355,1.0,0.027
254.0,ue[4],0,0.01,0.0084,0.059524,0.002,0.501167,0.843333,1.0,0.0,1.0,0.019
1233.0,ue[0],0,0.0,0.0,0.0,0.0,0.5,1.0,0.0,0.0,0.0,0.0
816.0,ue[2],0,0.0,0.0,0.0,0.0,0.5,1.0,0.0,0.0,0.0,0.0
112.0,ue[1],0,0.011,0.0088,0.0625,0.004,0.499833,0.37,1.0,0.0,1.0,0.022
920.0,ue[0],0,0.0,0.0,0.0,0.0,0.5,1.0,0.0,0.0,0.0,0.0
197.0,attacker[2],1,0.015,0.0152,0.049342,0.002,0.500667,0.653333,1.0,0.114161,1.0,0.025
482.0,ue[0],0,0.0,0.0,0.0,0.0,0.5,1.0,0.0,0.0,0.0,0.022
1476.0,attacker[1],1,0.0,0.0,0.0,0.0,0.5,1.0,0.0,0.0,0.0,0.0
419.0,ue[3],0,0.0,0.0,0.0,0.0,0.5,1.0,0.0,0.0,0.0,0.018
1294.0,attacker[2],1,0.0,0.0,0.0,0.0,0.5,1.0,0.0,0.0,0.0,0.0
864.0,attacker[2],1,0.0,0.0,0.0,0.0,0.5,1.0,0.0,0.0,0.0,0.0
1152.0,ue[0],0,0.0,0.0,0.0,0.0,0.5,1.0,0.0,0.0,0.0,0.0
1467.0,ue[2],0,0.0,0.0,0.0,0.0,0.5,1.0,0.0,0.0,0.0,0.0
341.0,attacker[1],1,0.0,0.0,0.0,0.0,0.5,1.0,0.0,0.0,0.0,0.029
363.0,attacker[0],1,0.0,0.0,0.0,0.0,0.5,1.0,0.0,0.0,0.0,0.03
905.0,ue[2],0,0.0,0.0,0.0,0.0,0.5,1.0,0.0,0.0,0.0,0.0
921.0,attacker[1],1,0.0,0.0,0.0,0.0,0.5,1.0,0.0,0.0,0.0,0.0
693.0,ue[3],0,0.0,0.0,0.0,0.0,0.5,1.0,0.0,0.0,0.0,0.018
261.0,ue[4],0,0.011,0.0106,0.051887,0.001,0.49925,0.866667,1.0,0.0,1.0,0.019
996.0,attacker[1],1,0.0,0.0,0.0,0.0,0.5,1.0,0.0,0.0,0.0,0.0
1168.0,ue[3],0,0.0,0.0,0.0,0.0,0.5,1.0,0.0,0.0,0.0,0.0
1187.0,ue[3],0,0.0,0.0,0.0,0.0,0.5,1.0,0.0,0.0,0.0,0.0
1235.0,ue[4],0,0.0,0.0,0.0,0.0,0.5,1.0,0.0,0.0,0.0,0.0
804.0,attacker[0],1,0.0,0.0,0.0,0.0,0.5,1.0,0.0,0.0,0.0,0.0
1079.0,attacker[2],1,0.0,0.0,0.0,0.0,0.5,1.0,0.0,0.0,0.0,0.0
185.0,ue[0],0,0.01,0.0087,0.057471,0.0,0.500167,0.613333,1.0,0.0,1.0,0.018
533.0,ue[3],0,0.0,0.0,0.0,0.0,0.5,1.0,0.0,0.0,0.0,0.018
920.0,ue[2],0,0.0,0.0,0.0,0.0,0.5,1.0,0.0,0.0,0.0,0.0
44.0,ue[1],0,0.007,0.0092,0.038043,0.002,0.499667,0.143333,1.0,0.0,1.0,0.017
673.0,attacker[2],1,0.0,0.0,0.0,0.0,0.5,1.0,0.0,0.0,0.0,0.03
1053.0,ue[3],0,0.0,0.0,0.0,0.0,0.5,1.0,0.0,0.0,0.0,0.0
564.0,attacker[1],1,0.0,0.0,0.0,0.0,0.5,1.0,0.0,0.0,0.0,0.029
1156.0,ue[2],0,0.0,0.0,0.0,0.0,0.5,1.0,0.0,0.0,0.0,0.0
687.0,ue[4],0,0.0,0.0,0.0,0.0,0.5,1.0,0.0,0.0,0.0,0.018
1081.0,ue[3],0,0.0,0.0,0.0,0.0,0.5,1.0,0.0,0.0,0.0,0.0
1267.0,ue[2],0,0.0,0.0,0.0,0.0,0.5,1.0,0.0,0.0,0.0,0.0
1450.0,ue[3],0,0.0,0.0,0.0,0.0,0.5,1.0,0.0,0.0,0.0,0.0
520.0,ue[4],0,0.0,0.0,0.0,0.0,0.5,1.0,0.0,0.0,0.0,0.019
722.0,attacker[0],1,0.0,0.0,0.0,0.0,0.5,1.0,0.0,0.0,0.0,0.03
1400.0,ue[3],0,0.0,0.0,0.0,0.0,0.5,1.0,0.0,0.0,0.0,0.0
307.0,ue[0],0,0.0,0.0,0.0,0.0,0.5,1.0,0.566667,0.0,0.0,0.022
803.0,ue[1],0,0.0,0.0,0.0,0.0,0.5,1.0,0.0,0.0,0.0,0.0
1306.0,attacker[1],1,0.0,0.0,0.0,0.0,0.5,1.0,0.0,0.0,0.0,0.0
553.0,ue[1],0,0.0,0.0,0.0,0.0,0.5,1.0,0.0,0.0,0.0,0.02
1435.0,ue[3],0,0.0,0.0,0.0,0.0,0.5,1.0,0.0,0.0,0.0,0.0
727.0,ue[4],0,0.0,0.0,0.0,0.0,0.5,1.0,0.0,0.0,0.0,0.018
1084.0,ue[4],0,0.0,0.0,0.0,0.0,0.5,1.0,0.0,0.0,0.0,0.0
670.0,attacker[0],1,0.0,0.0,0.0,0.0,0.5,1.0,0.0,0.0,0.0,0.03
609.0,attacker[0],1,0.0,0.0,0.0,0.0,0.5,1.0,0.0,0.0,0.0,0.03
722.0,ue[3],0,0.0,0.0,0.0,0.0,0.5,1.0,0.0,0.0,0.0,0.018
810.0,ue[3],0,0.0,0.0,0.0,0.0,0.5,1.0,0.0,0.0,0.0,0.0
839.0,attacker[0],1,0.0,0.0,0.0,0.0,0.5,1.0,0.0,0.0,0.0,0.0
1414.0,attacker[1],1,0.0,0.0,0.0,0.0,0.5,1.0,0.0,0.0,0.0,0.0
1150.0,ue[2],0,0.0,0.0,0.0,0.0,0.5,1.0,0.0,0.0,0.0,0.0
1491.0,attacker[2],1,0.0,0.0,0.0,0.0,0.5,1.0,0.0,0.0,0.0,0.0
197.0,ue[3],0,0.009,0.0099,0.045455,0.0,0.498167,0.653333,1.0,0.0,1.0,0.017
1101.0,ue[0],0,0.0,0.0,0.0,0.0,0.5,1.0,0.0,0.0,0.0,0.0
1362.0,attacker[1],1,0.0,0.0,0.0,0.0,0.5,1.0,0.0,0.0,0.0,0.0
747.0,attacker[1],1,0.0,0.0,0.0,0.0,0.5,1.0,0.0,0.0,0.0,0.025
1103.0,ue[3],0,0.0,0.0,0.0,0.0,0.5,1.0,0.0,0.0,0.0,0.0
1285.0,ue[4],0,0.0,0.0,0.0,0.0,0.5,1.0,0.0,0.0,0.0,0.0
1463.0,ue[2],0,0.0,0.0,0.0,0.0,0.5,1.0,0.0,0.0,0.0,0.0
423.0,ue[2],0,0.0,0.0,0.0,0.0,0.5,1.0,0.0,0.0,0.0,0.02
490.0,ue[1],0,0.0,0.0,0.0,0.0,0.5,1.0,0.0,0.0,0.0,0.022
1083.0,ue[4],0,0.0,0.0,0.0,0.0,0.5,1.0,0.0,0.0,0.0,0.0
697.0,ue[2],0,0.0,0.0,0.0,0.0,0.5,1.0,0.0,0.0,0.0,0.02
1137.0,ue[2],0,0.0,0.0,0.0,0.0,0.5,1.0,0.0,0.0,0.0,0.0
1238.0,ue[4],0,0.0,0.0,0.0,0.0,0.5,1.0,0.0,0.0,0.0,0.0
63.0,attacker[2],1,0.021,0.016,0.065625,0.007,0.50125,0.206667,1.0,0.30583,1.0,0.025
737.0,ue[1],0,0.0,0.0,0.0,0.0,0.5,1.0,0.0,0.0,0.0,0.018
1031.0,attacker[0],1,0.0,0.0,0.0,0.0,0.5,1.0,0.0,0.0,0.0,0.0
652.0,ue[1],0,0.0,0.0,0.0,0.0,0.5,1.0,0.0,0.0,0.0,0.02
905.0,ue[0],0,0.0,0.0,0.0,0.0,0.5,1.0,0.0,0.0,0.0,0.0
796.0,ue[0],0,0.0,0.0,0.0,0.0,0.5,1.0,0.0,0.0,0.0,0.0
427.0,ue[4],0,0.0,0.0,0.0,0.0,0.5,1.0,0.0,0.0,0.0,0.019
379.0,ue[0],0,0.0,0.0,0.0,0.0,0.5,1.0,0.0,0.0,0.0,0.022
852.0,ue[0],0,0.0,0.0,0.0,0.0,0.5,1.0,0.0,0.0,0.0,0.0
206.0,ue[4],0,0.009,0.0118,0.038136,0.001,0.49825,0.683333,1.0,0.0,1.0,0.019
826.0,ue[2],0,0.0,0.0,0.0,0.0,0.5,1.0,0.0,0.0,0.0,0.0
1108.0,attacker[2],1,0.0,0.0,0.0,0.0,0.5,1.0,0.0,0.0,0.0,0.0
1272.0,ue[0],0,0.0,0.0,0.0,0.0,0.5,1.0,0.0,0.0,0.0,0.0
323.0,ue[3],0,0.0,0.0,0.0,0.0,0.5,1.0,0.033333,0.0,0.0,0.018
1186.0,attacker[1],1,0.0,0.0,0.0,0.0,0.5,1.0,0.0,0.0,0.0,0.0
1281.0,ue[2],0,0.0,0.0,0.0,0.0,0.5,1.0,0.0,0.0,0.0,0.0
673.0,ue[1],0,0.0,0.0,0.0,0.0,0.5,1.0,0.0,0.0,0.0,0.018
154.0,attacker[0],1,0.022,0.0151,0.072848,0.011,0.501583,0.51,1.0,0.33603,1.0,0.027
1414.0,ue[1],0,0.0,0.0,0.0,0.0,0.5,1.0,0.0,0.0,0.0,0.0
1330.0,ue[3],0,0.0,0.0,0.0,0.0,0.5,1.0,0.0,0.0,0.0,0.0
264.0,ue[1],0,0.01,0.0093,0.053763,0.004,0.499167,0.876667,1.0,0.0,1.0,0.022
1371.0,attacker[2],1,0.0,0.0,0.0,0.0,0.5,1.0,0.0,0.0,0.0,0.0
1405.0,ue[1],0,0.0,0.0,0.0,0.0,0.5,1.0,0.0,0.0,0.0,0.0
811.0,attacker[0],1,0.0,0.0,0.0,0.0,0.5,1.0,0.0,0.0,0.0,0.0
1077.0,ue[1],0,0.0,0.0,0.0,0.0,0.5,1.0,0.0,0.0,0.0,0.0
128.0,attacker[2],1,0.018,0.0171,0.052632,0.003,0.499083,0.423333,1.0,0.349297,1.0,0.025
860.0,ue[1],0,0.0,0.0,0.0,0.0,0.5,1.0,0.0,0.0,0.0,0.0
874.0,ue[0],0,0.0,0.0,0.0,0.0,0.5,1.0,0.0,0.0,0.0,0.0
351.0,ue[4],0,0.0,0.0,0.0,0.0,0.5,1.0,0.0,0.0,0.0,0.019
135.0,ue[2],0,0.012,0.01,0.06,0.002,0.5015,0.446667,1.0,0.0,1.0,0.018
783.0,ue[2],0,0.0,0.0,0.0,0.0,0.5,1.0,0.0,0.0,0.0,0.013
102.0,ue[4],0,0.012,0.0107,0.056075,0.007,0.503083,0.336667,1.0,0.026968,1.0,0.019
1034.0,ue[4],0,0.0,0.0,0.0,0.0,0.5,1.0,0.0,0.0,0.0,0.0
117.0,ue[3],0,0.011,0.0094,0.058511,0.004,0.500167,0.386667,1.0,0.0,1.0,0.017
1076.0,attacker[1],1,0.0,0.0,0.0,0.0,0.5,1.0,0.0,0.0,0.0,0.0
383.0,ue[1],0,0.0,0.0,0.0,0.0,0.5,1.0,0.0,0.0,0.0,0.022
271.0,ue[1],0,0.008,0.0086,0.046512,0.0,0.5,0.9,1.0,0.0,1.0,0.022
1060.0,ue[1],0,0.0,0.0,0.0,0.0,0.5,1.0,0.0,0.0,0.0,0.0
516.0,ue[1],0,0.0,0.0,0.0,0.0,0.5,1.0,0.0,0.0,0.0,0.022
274.0,attacker[0],1,0.016,0.0166,0.048193,0.003,0.49975,0.91,1.0,0.275927,1.0,0.027
237.0,ue[0],0,0.009,0.0101,0.044554,0.001,0.499417,0.786667,1.0,0.0,1.0,0.018
417.0,ue[3],0,0.0,0.0,0.0,0.0,0.5,1.0,0.0,0.0,0.0,0.018
1333.0,ue[4],0,0.0,0.0,0.0,0.0,0.5,1.0,0.0,0.0,0.0,0.0
579.0,ue[4],0,0.0,0.0,0.0,0.0,0.5,1.0,0.0,0.0,0.0,0.019
1430.0,attacker[0],1,0.0,0.0,0.0,0.0,0.5,1.0,0.0,0.0,0.0,0.0
677.0,ue[1],0,0.0,0.0,0.0,0.0,0.5,1.0,0.0,0.0,0.0,0.018
86.0,ue[0],0,0.011,0.0112,0.049107,0.005,0.501583,0.283333,1.0,0.0,1.0,0.018
278.0,ue[0],0,0.01,0.0111,0.045045,0.003,0.50025,0.923333,1.0,0.0,1.0,0.022
543.0,ue[1],0,0.0,0.0,0.0,0.0,0.5,1.0,0.0,0.0,0.0,0.022
742.0,ue[1],0,0.0,0.0,0.0,0.0,0.5,1.0,0.0,0.0,0.0,0.018
178.0,attacker[1],1,0.017,0.015,0.056667,0.005,0.498583,0.59,1.0,0.22188,1.0,0.029
453.0,attacker[2],1,0.0,0.0,0.0,0.0,0.5,1.0,0.0,0.0,0.0,0.03
933.0,ue[0],0,0.0,0.0,0.0,0.0,0.5,1.0,0.0,0.0,0.0,0.0
153.0,ue[4],0,0.013,0.01,0.065,0.005,0.50125,0.506667,1.0,0.128969,1.0,0.019
405.0,attacker[0],1,0.0,0.0,0.0,0.0,0.5,1.0,0.0,0.0,0.0,0.03
1417.0,ue[3],0,0.0,0.0,0.0,0.0,0.5,1.0,0.0,0.0,0.0,0.0
1062.0,attacker[0],1,0.0,0.0,0.0,0.0,0.5,1.0,0.0,0.0,0.0,0.0
1169.0,attacker[0],1,0.0,0.0,0.0,0.0,0.5,1.0,0.0,0.0,0.0,0.0
315.0,attacker[0],1,0.0,0.0,0.0,0.0,0.5,1.0,0.333333,0.0,0.0,0.03
1487.0,ue[3],0,0.0,0.0,0.0,0.0,0.5,1.0,0.0,0.0,0.0,0.0
89.0,ue[3],0,0.009,0.0102,0.044118,0.0,0.5,0.293333,1.0,0.0,1.0,0.016
1012.0,attacker[1],1,0.0,0.0,0.0,0.0,0.5,1.0,0.0,0.0,0.0,0.0
177.0,attacker[1],1,0.012,0.0152,0.039474,0.003,0.49725,0.586667,1.0,0.0,1.0,0.029
1047.0,ue[0],0,0.0,0.0,0.0,0.0,0.5,1.0,0.0,0.0,0.0,0.0
376.0,ue[1],0,0.0,0.0,0.0,0.0,0.5,1.0,0.0,0.0,0.0,0.022
1034.0,ue[1],0,0.0,0.0,0.0,0.0,0.5,1.0,0.0,0.0,0.0,0.0
1393.0,attacker[2],1,0.0,0.0,0.0,0.0,0.5,1.0,0.0,0.0,0.0,0.0
11.0,ue[0],0,0.01,0.0108,0.046296,0.008,0.499833,0.033333,1.0,0.0,0.4,0.018
423.0,ue[1],0,0.0,0.0,0.0,0.0,0.5,1.0,0.0,0.0,0.0,0.022
819.0,ue[1],0,0.0,0.0,0.0,0.0,0.5,1.0,0.0,0.0,0.0,0.0
388.0,ue[1],0,0.0,0.0,0.0,0.0,0.5,1.0,0.0,0.0,0.0,0.022
1211.0,attacker[1],1,0.0,0.0,0.0,0.0,0.5,1.0,0.0,0.0,0.0,0.0
36.0,attacker[2],1,0.016,0.0169,0.047337,0.0,0.499667,0.116667,1.0,0.07073,1.0,0.024
50.0,ue[3],0,0.008,0.011,0.036364,0.004,0.499333,0.163333,1.0,0.0,1.0,0.015
834.0,ue[4],0,0.0,0.0,0.0,0.0,0.5,1.0,0.0,0.0,0.0,0.0
1150.0,ue[4],0,0.0,0.0,0.0,0.0,0.5,1.0,0.0,0.0,0.0,0.0
968.0,ue[3],0,0.0,0.0,0.0,0.0,0.5,1.0,0.0,0.0,0.0,0.0
850.0,ue[0],0,0.0,0.0,0.0,0.0,0.5,1.0,0.0,0.0,0.0,0.0
872.0,attacker[0],1,0.0,0.0,0.0,0.0,0.5,1.0,0.0,0.0,0.0,0.0
764.0,ue[1],0,0.0,0.0,0.0,0.0,0.5,1.0,0.0,0.0,0.0,0.018
390.0,ue[4],0,0.0,0.0,0.0,0.0,0.5,1.0,0.0,0.0,0.0,0.019
791.0,ue[3],0,0.0,0.0,0.0,0.0,0.5,1.0,0.0,0.0,0.0,0.014
163.0,attacker[1],1,0.021,0.0154,0.068182,0.004,0.501833,0.54,1.0,0.384064,1.0,0.029
458.0,ue[0],0,0.0,0.0,0.0,0.0,0.5,1.0,0.0,0.0,0.0,0.022
133.0,attacker[2],1,0.018,0.0173,0.052023,0.002,0.501,0.44,1.0,0.335153,1.0,0.025
1057.0,attacker[0],1,0.0,0.0,0.0,0.0,0.5,1.0,0.0,0.0,0.0,0.0
1195.0,ue[0],0,0.0,0.0,0.0,0.0,0.5,1.0,0.0,0.0,0.0,0.0
229.0,attacker[1],1,0.02,0.0159,0.062893,0.005,0.502083,0.76,1.0,0.25891,1.0,0.029
940.0,ue[0],0,0.0,0.0,0.0,0.0,0.5,1.0,0.0,0.0,0.0,0.0
136.0,ue[3],0,0.006,0.0103,0.029126,0.005,0.498083,0.45,1.0,0.0,1.0,0.017
645.0,attacker[1],1,0.0,0.0,0.0,0.0,0.5,1.0,0.0,0.0,0.0,0.025
723.0,ue[0],0,0.0,0.0,0.0,0.0,0.5,1.0,0.0,0.0,0.0,0.022
658.0,attacker[0],1,0.0,0.0,0.0,0.0,0.5,1.0,0.0,0.0,0.0,0.03
357.0,ue[4],0,0.0,0.0,0.0,0.0,0.5,1.0,0.0,0.0,0.0,0.019
863.0,ue[1],0,0.0,0.0,0.0,0.0,0.5,1.0,0.0,0.0,0.0,0.0
256.0,attacker[0],1,0.018,0.016,0.05625,0.001,0.501083,0.85,1.0,0.356181,1.0,0.027
349.0,attacker[1],1,0.0,0.0,0.0,0.0,0.5,1.0,0.0,0.0,0.0,0.029
629.0,ue[4],0,0.0,0.0,0.0,0.0,0.5,1.0,0.0,0.0,0.0,0.018
1284.0,attacker[0],1,0.0,0.0,0.0,0.0,0.5,1.0,0.0,0.0,0.0,0.0
1440.0,ue[3],0,0.0,0.0,0.0,0.0,0.5,1.0,0.0,0.0,0.0,0.0
807.0,ue[2],0,0.0,0.0,0.0,0.0,0.5,1.0,0.0,0.0,0.0,0.0
1463.0,ue[1],0,0.0,0.0,0.0,0.0,0.5,1.0,0.0,0.0,0.0,0.0
1027.0,attacker[0],1,0.0,0.0,0.0,0.0,0.5,1.0,0.0,0.0,0.0,0.0
1305.0,ue[2],0,0.0,0.0,0.0,0.0,0.5,1.0,0.0,0.0,0.0,0.0
1229.0,ue[4],0,0.0,0.0,0.0,0.0,0.5,1.0,0.0,0.0,0.0,0.0
2.0,attacker[2],1,0.005,0.002333,0.107143,0.003,0.5,0.003333,0.666667,0.0,0.066667,0.005
867.0,ue[4],0,0.0,0.0,0.0,0.0,0.5,1.0,0.0,0.0,0.0,0.0
419.0,ue[0],0,0.0,0.0,0.0,0.0,0.5,1.0,0.0,0.0,0.0,0.022
632.0,ue[0],0,0.0,0.0,0.0,0.0,0.5,1.0,0.0,0.0,0.0,0.022
468.0,ue[2],0,0.0,0.0,0.0,0.0,0.5,1.0,0.0,0.0,0.0,0.02
162.0,ue[1],0,0.011,0.0104,0.052885,0.0,0.501,0.536667,1.0,0.0,1.0,0.022
1120.0,ue[2],0,0.0,0.0,0.0,0.0,0.5,1.0,0.0,0.0,0.0,0.0
1021.0,ue[1],0,0.0,0.0,0.0,0.0,0.5,1.0,0.0,0.0,0.0,0.0
879.0,ue[4],0,0.0,0.0,0.0,0.0,0.5,1.0,0.0,0.0,0.0,0.0
926.0,ue[1],0,0.0,0.0,0.0,0.0,0.5,1.0,0.0,0.0,0.0,0.0
1484.0,attacker[2],1,0.0,0.0,0.0,0.0,0.5,1.0,0.0,0.0,0.0,0.0
712.0,ue[0],0,0.0,0.0,0.0,0.0,0.5,1.0,0.0,0.0,0.0,0.022
1396.0,attacker[0],1,0.0,0.0,0.0,0.0,0.5,1.0,0.0,0.0,0.0,0.0
492.0,attacker[1],1,0.0,0.0,0.0,0.0,0.5,1.0,0.0,0.0,0.0,0.029
627.0,attacker[0],1,0.0,0.0,0.0,0.0,0.5,1.0,0.0,0.0,0.0,0.03
185.0,attacker[1],1,0.017,0.0154,0.055195,0.0,0.500333,0.613333,1.0,0.157317,1.0,0.029
257.0,ue[0],0,0.016,0.0111,0.072072,0.003,0.501083,0.853333,1.0,0.17056,1.0,0.018
1222.0,ue[2],0,0.0,0.0,0.0,0.0,0.5,1.0,0.0,0.0,0.0,0.0
1237.0,attacker[0],1,0.0,0.0,0.0,0.0,0.5,1.0,0.0,0.0,0.0,0.0
1216.0,ue[0],0,0.0,0.0,0.0,0.0,0.5,1.0,0.0,0.0,0.0,0.0
585.0,ue[0],0,0.0,0.0,0.0,0.0,0.5,1.0,0.0,0.0,0.0,0.022
325.0,attacker[2],1,0.0,0.0,0.0,0.0,0.5,1.0,0.0,0.0,0.0,0.03
1259.0,attacker[1],1,0.0,0.0,0.0,0.0,0.5,1.0,0.0,0.0,0.0,0.0
1021.0,ue[3],0,0.0,0.0,0.0,0.0,0.5,1.0,0.0,0.0,0.0,0.0
1028.0,attacker[1],1,0.0,0.0,0.0,0.0,0.5,1.0,0.0,0.0,0.0,0.0
1301.0,ue[2],0,0.0,0.0,0.0,0.0,0.5,1.0,0.0,0.0,0.0,0.0
877.0,attacker[2],1,0.0,0.0,0.0,0.0,0.5,1.0,0.0,0.0,0.0,0.0
949.0,attacker[0],1,0.0,0.0,0.0,0.0,0.5,1.0,0.0,0.0,0.0,0.0
132.0,attacker[1],1,0.01,0.0162,0.030864,0.008,0.4985,0.436667,1.0,0.0,1.0,0.029
42.0,attacker[1],1,0.019,0.0169,0.056213,0.004,0.502833,0.136667,1.0,0.271529,1.0,0.029
757.0,ue[3],0,0.0,0.0,0.0,0.0,0.5,1.0,0.0,0.0,0.0,0.015
410.0,attacker[1],1,0.0,0.0,0.0,0.0,0.5,1.0,0.0,0.0,0.0,0.029
493.0,ue[3],0,0.0,0.0,0.0,0.0,0.5,1.0,0.0,0.0,0.0,0.018
8.0,ue[4],0,0.006,0.011333,0.026471,0.007,0.498917,0.023333,1.0,0.0,0.3,0.019
704.0,ue[0],0,0.0,0.0,0.0,0.0,0.5,1.0,0.0,0.0,0.0,0.022
312.0,ue[3],0,0.0,0.0,0.0,0.0,0.5,1.0,0.4,0.0,0.0,0.018
449.0,attacker[2],1,0.0,0.0,0.0,0.0,0.5,1.0,0.0,0.0,0.0,0.03
868.0,ue[0],0,0.0,0.0,0.0,0.0,0.5,1.0,0.0,0.0,0.0,0.0
362.0,ue[3],0,0.0,0.0,0.0,0.0,0.5,1.0,0.0,0.0,0.0,0.018
1175.0,attacker[1],1,0.0,0.0,0.0,0.0,0.5,1.0,0.0,0.0,0.0,0.0
85.0,ue[2],0,0.01,0.0105,0.047619,0.005,0.498917,0.28,1.0,0.0,1.0,0.018
529.0,ue[1],0,0.0,0.0,0.0,0.0,0.5,1.0,0.0,0.0,0.0,0.022
970.0,attacker[0],1,0.0,0.0,0.0,0.0,0.5,1.0,0.0,0.0,0.0,0.0
451.0,ue[2],0,0.0,0.0,0.0,0.0,0.5,1.0,0.0,0.0,0.0,0.02
82.0,ue[1],0,0.009,0.0101,0.044554,0.002,0.497,0.27,1.0,0.0,1.0,0.022
1497.0,ue[2],0,0.0,0.0,0.0,0.0,0.5,1.0,0.0,0.0,0.0,0.0
31.0,ue[1],0,0.009,0.01,0.045,0.004,0.498167,0.1,1.0,0.0,1.0,0.017
1207.0,ue[2],0,0.0,0.0,0.0,0.0,0.5,1.0,0.0,0.0,0.0,0.0
673.0,attacker[1],1,0.0,0.0,0.0,0.0,0.5,1.0,0.0,0.0,0.0,0.025
50.0,ue[1],0,0.016,0.0113,0.070796,0.007,0.49875,0.163333,1.0,0.208465,1.0,0.022
118.0,attacker[1],1,0.02,0.0155,0.064516,0.004,0.500833,0.39,1.0,0.36345,1.0,0.029
986.0,ue[0],0,0.0,0.0,0.0,0.0,0.5,1.0,0.0,0.0,0.0,0.0
1189.0,attacker[0],1,0.0,0.0,0.0,0.0,0.5,1.0,0.0,0.0,0.0,0.0
985.0,ue[1],0,0.0,0.0,0.0,0.0,0.5,1.0,0.0,0.0,0.0,0.0
1467.0,attacker[2],1,0.0,0.0,0.0,0.0,0.5,1.0,0.0,0.0,0.0,0.0
803.0,ue[2],0,0.0,0.0,0.0,0.0,0.5,1.0,0.0,0.0,0.0,0.0
916.0,ue[1],0,0.0,0.0,0.0,0.0,0.5,1.0,0.0,0.0,0.0,0.0
512.0,ue[4],0,0.0,0.0,0.0,0.0,0.5,1.0,0.0,0.0,0.0,0.019
546.0,ue[2],0,0.0,0.0,0.0,0.0,0.5,1.0,0.0,0.0,0.0,0.02
1003.0,attacker[2],1,0.0,0.0,0.0,0.0,0.5,1.0,0.0,0.0,0.0,0.0
431.0,attacker[0],1,0.0,0.0,0.0,0.0,0.5,1.0,0.0,0.0,0.0,0.03
1295.0,ue[0],0,0.0,0.0,0.0,0.0,0.5,1.0,0.0,0.0,0.0,0.0
952.0,ue[0],0,0.0,0.0,0.0,0.0,0.5,1.0,0.0,0.0,0.0,0.0
21.0,attacker[0],1,0.011,0.0163,0.033742,0.003,0.49825,0.066667,0.954545,0.0,0.7,0.023
100.0,ue[1],0,0.007,0.0093,0.037634,0.002,0.498167,0.33,1.0,0.0,1.0,0.022
1130.0,ue[4],0,0.0,0.0,0.0,0.0,0.5,1.0,0.0,0.0,0.0,0.0
1100.0,attacker[0],1,0.0,0.0,0.0,0.0,0.5,1.0,0.0,0.0,0.0,0.0
378.0,ue[0],0,0.0,0.0,0.0,0.0,0.5,1.0,0.0,0.0,0.0,0.022
1147.0,attacker[2],1,0.0,0.0,0.0,0.0,0.5,1.0,0.0,0.0,0.0,0.0
432.0,ue[4],0,0.0,0.0,0.0,0.0,0.5,1.0,0.0,0.0,0.0,0.019
955.0,ue[0],0,0.0,0.0,0.0,0.0,0.5,1.0,0.0,0.0,0.0,0.0
1196.0,ue[4],0,0.0,0.0,0.0,0.0,0.5,1.0,0.0,0.0,0.0,0.0
677.0,ue[0],0,0.0,0.0,0.0,0.0,0.5,1.0,0.0,0.0,0.0,0.022
1069.0,ue[0],0,0.0,0.0,0.0,0.0,0.5,1.0,0.0,0.0,0.0,0.0
1071.0,ue[4],0,0.0,0.0,0.0,0.0,0.5,1.0,0.0,0.0,0.0,0.0
5.0,ue[1],0,0.017,0.0095,0.089474,0.009,0.501583,0.013333,1.0,0.248069,0.2,0.017
10.0,attacker[2],1,0.016,0.0137,0.058394,0.002,0.5,0.03,0.909091,0.084327,0.333333,0.021
941.0,ue[2],0,0.0,0.0,0.0,0.0,0.5,1.0,0.0,0.0,0.0,0.0
1157.0,attacker[1],1,0.0,0.0,0.0,0.0,0.5,1.0,0.0,0.0,0.0,0.0
1499.0,attacker[2],1,0.0,0.0,0.0,0.0,0.5,1.0,0.0,0.0,0.0,0.0
992.0,ue[0],0,0.0,0.0,0.0,0.0,0.5,1.0,0.0,0.0,0.0,0.0
1286.0,ue[3],0,0.0,0.0,0.0,0.0,0.5,1.0,0.0,0.0,0.0,0.0
1062.0,ue[4],0,0.0,0.0,0.0,0.0,0.5,1.0,0.0,0.0,0.0,0.0
428.0,ue[2],0,0.0,0.0,0.0,0.0,0.5,1.0,0.0,0.0,0.0,0.02
677.0,attacker[2],1,0.0,0.0,0.0,0.0,0.5,1.0,0.0,0.0,0.0,0.03
85.0,attacker[1],1,0.008,0.0173,0.023121,0.015,0.499583,0.28,1.0,0.0,1.0,0.029
1255.0,ue[3],0,0.0,0.0,0.0,0.0,0.5,1.0,0.0,0.0,0.0,0.0
570.0,attacker[2],1,0.0,0.0,0.0,0.0,0.5,1.0,0.0,0.0,0.0,0.03
769.0,attacker[2],1,0.0,0.0,0.0,0.0,0.5,1.0,0.0,0.0,0.0,0.026
152.0,ue[4],0,0.008,0.0102,0.039216,0.002,0.499333,0.503333,1.0,0.0,1.0,0.019
1197.0,attacker[2],1,0.0,0.0,0.0,0.0,0.5,1.0,0.0,0.0,0.0,0.0
370.0,ue[0],0,0.0,0.0,0.0,0.0,0.5,1.0,0.0,0.0,0.0,0.022
45.0,attacker[2],1,0.017,0.0159,0.053459,0.003,0.50125,0.146667,1.0,0.311127,1.0,0.024
651.0,ue[0],0,0.0,0.0,0.0,0.0,0.5,1.0,0.0,0.0,0.0,0.022
1332.0,ue[1],0,0.0,0.0,0.0,0.0,0.5,1.0,0.0,0.0,0.0,0.0
1366.0,ue[1],0,0.0,0.0,0.0,0.0,0.5,1.0,0.0,0.0,0.0,0.0
636.0,ue[3],0,0.0,0.0,0.0,0.0,0.5,1.0,0.0,0.0,0.0,0.018
1097.0,ue[0],0,0.0,0.0,0.0,0.0,0.5,1.0,0.0,0.0,0.0,0.0
1338.0,ue[3],0,0.0,0.0,0.0,0.0,0.5,1.0,0.0,0.0,0.0,0.0
203.0,attacker[1],1,0.012,0.0163,0.03681,0.003,0.49925,0.673333,1.0,0.006485,1.0,0.029
869.0,ue[2],0,0.0,0.0,0.0,0.0,0.5,1.0,0.0,0.0,0.0,0.0
250.0,attacker[2],1,0.02,0.0146,0.068493,0.005,0.500917,0.83,1.0,0.381436,1.0,0.03
794.0,ue[2],0,0.0,0.0,0.0,0.0,0.5,1.0,0.0,0.0,0.0,0.012
11.0,ue[2],0,0.012,0.0105,0.057143,0.003,0.499917,0.033333,1.0,0.0,0.4,0.015
730.0,ue[3],0,0.0,0.0,0.0,0.0,0.5,1.0,0.0,0.0,0.0,0.016
659.0,attacker[1],1,0.0,0.0,0.0,0.0,0.5,1.0,0.0,0.0,0.0,0.025
856.0,attacker[2],1,0.0,0.0,0.0,0.0,0.5,1.0,0.0,0.0,0.0,0.0
1120.0,attacker[1],1,0.0,0.0,0.0,0.0,0.5,1.0,0.0,0.0,0.0,0.0
1137.0,ue[4],0,0.0,0.0,0.0,0.0,0.5,1.0,0.0,0.0,0.0,0.0
686.0,ue[1],0,0.0,0.0,0.0,0.0,0.5,1.0,0.0,0.0,0.0,0.018
235.0,attacker[2],1,0.03,0.0175,0.085714,0.014,0.503667,0.78,1.0,0.410122,1.0,0.03
642.0,ue[4],0,0.0,0.0,0.0,0.0,0.5,1.0,0.0,0.0,0.0,0.018
838.0,ue[4],0,0.0,0.0,0.0,0.0,0.5,1.0,0.0,0.0,0.0,0.0
687.0,attacker[2],1,0.0,0.0,0.0,0.0,0.5,1.0,0.0,0.0,0.0,0.03
703.0,ue[3],0,0.0,0.0,0.0,0.0,0.5,1.0,0.0,0.0,0.0,0.018
1140.0,ue[1],0,0.0,0.0,0.0,0.0,0.5,1.0,0.0,0.0,0.0,0.0
1016.0,ue[1],0,0.0,0.0,0.0,0.0,0.5,1.0,0.0,0.0,0.0,0.0
709.0,ue[1],0,0.0,0.0,0.0,0.0,0.5,1.0,0.0,0.0,0.0,0.018
1015.0,attacker[1],1,0.0,0.0,0.0,0.0,0.5,1.0,0.0,0.0,0.0,0.0
186.0,ue[1],0,0.014,0.0109,0.06422,0.002,0.502333,0.616667,1.0,0.024681,1.0,0.022
339.0,ue[1],0,0.0,0.0,0.0,0.0,0.5,1.0,0.0,0.0,0.0,0.022
721.0,ue[3],0,0.0,0.0,0.0,0.0,0.5,1.0,0.0,0.0,0.0,0.018
435.0,ue[3],0,0.0,0.0,0.0,0.0,0.5,1.0,0.0,0.0,0.0,0.018
818.0,ue[2],0,0.0,0.0,0.0,0.0,0.5,1.0,0.0,0.0,0.0,0.0
927.0,attacker[2],1,0.0,0.0,0.0,0.0,0.5,1.0,0.0,0.0,0.0,0.0
1493.0,attacker[0],1,0.0,0.0,0.0,0.0,0.5,1.0,0.0,0.0,0.0,0.0
967.0,attacker[0],1,0.0,0.0,0.0,0.0,0.5,1.0,0.0,0.0,0.0,0.0
542.0,attacker[1],1,0.0,0.0,0.0,0.0,0.5,1.0,0.0,0.0,0.0,0.029
977.0,ue[2],0,0.0,0.0,0.0,0.0,0.5,1.0,0.0,0.0,0.0,0.0
309.0,attacker[0],1,0.0,0.0,0.0,0.0,0.5,1.0,0.5,0.0,0.0,0.03
137.0,ue[2],0,0.011,0.01,0.055,0.003,0.498417,0.453333,1.0,0.0,1.0,0.018
923.0,ue[0],0,0.0,0.0,0.0,0.0,0.5,1.0,0.0,0.0,0.0,0.0
1201.0,attacker[0],1,0.0,0.0,0.0,0.0,0.5,1.0,0.0,0.0,0.0,0.0
1287.0,attacker[2],1,0.0,0.0,0.0,0.0,0.5,1.0,0.0,0.0,0.0,0.0
317.0,ue[4],0,0.0,0.0,0.0,0.0,0.5,1.0,0.233333,0.0,0.0,0.019
29.0,attacker[0],1,0.007,0.0169,0.02071,0.016,0.496333,0.093333,0.966667,0.0,0.966667,0.027
1317.0,ue[2],0,0.0,0.0,0.0,0.0,0.5,1.0,0.0,0.0,0.0,0.0
329.0,attacker[1],1,0.0,0.0,0.0,0.0,0.5,1.0,0.0,0.0,0.0,0.029
461.0,ue[2],0,0.0,0.0,0.0,0.0,0.5,1.0,0.0,0.0,0.0,0.02
805.0,attacker[0],1,0.0,0.0,0.0,0.0,0.5,1.0,0.0,0.0,0.0,0.0
654.0,ue[4],0,0.0,0.0,0.0,0.0,0.5,1.0,0.0,0.0,0.0,0.018
1192.0,attacker[1],1,0.0,0.0,0.0,0.0,0.5,1.0,0.0,0.0,0.0,0.0
277.0,attacker[1],1,0.008,0.0164,0.02439,0.016,0.5,0.92,1.0,0.0,1.0,0.029
136.0,ue[4],0,0.008,0.0089,0.044944,0.0,0.5,0.45,1.0,0.0,1.0,0.019
162.0,attacker[0],1,0.017,0.0165,0.051515,0.004,0.5015,0.536667,1.0,0.214606,1.0,0.027
967.0,ue[3],0,0.0,0.0,0.0,0.0,0.5,1.0,0.0,0.0,0.0,0.0
598.0,ue[0],0,0.0,0.0,0.0,0.0,0.5,1.0,0.0,0.0,0.0,0.022
120.0,attacker[2],1,0.017,0.0171,0.049708,0.001,0.49925,0.396667,1.0,0.201732,1.0,0.025
1116.0,ue[1],0,0.0,0.0,0.0,0.0,0.5,1.0,0.0,0.0,0.0,0.0
193.0,ue[3],0,0.012,0.0085,0.070588,0.003,0.50125,0.64,1.0,0.0,1.0,0.017
558.0,ue[2],0,0.0,0.0,0.0,0.0,0.5,1.0,0.0,0.0,0.0,0.02
662.0,attacker[0],1,0.0,0.0,0.0,0.0,0.5,1.0,0.0,0.0,0.0,0.03
1371.0,ue[3],0,0.0,0.0,0.0,0.0,0.5,1.0,0.0,0.0,0.0,0.0
391.0,attacker[1],1,0.0,0.0,0.0,0.0,0.5,1.0,0.0,0.0,0.0,0.029
15.0,ue[4],0,0.015,0.0105,0.071429,0.008,0.5005,0.046667,1.0,0.070711,0.533333,0.019
13.0,ue[2],0,0.01,0.0109,0.045872,0.005,0.50075,0.04,1.0,0.0,0.466667,0.015
872.0,ue[2],0,0.0,0.0,0.0,0.0,0.5,1.0,0.0,0.0,0.0,0.0
1037.0,attacker[1],1,0.0,0.0,0.0,0.0,0.5,1.0,0.0,0.0,0.0,0.0
981.0,ue[2],0,0.0,0.0,0.0,0.0,0.5,1.0,0.0,0.0,0.0,0.0
1325.0,ue[4],0,0.0,0.0,0.0,0.0,0.5,1.0,0.0,0.0,0.0,0.0
425.0,attacker[0],1,0.0,0.0,0.0,0.0,0.5,1.0,0.0,0.0,0.0,0.03
49.0,ue[0],0,0.009,0.0095,0.047368,0.003,0.50275,0.16,1.0,0.0,1.0,0.018
1286.0,attacker[1],1,0.0,0.0,0.0,0.0,0.5,1.0,0.0,0.0,0.0,0.0
245.0,attacker[0],1,0.017,0.0175,0.048571,0.007,0.502917,0.813333,1.0,0.179605,1.0,0.027
1214.0,attacker[0],1,0.0,0.0,0.0,0.0,0.5,1.0,0.0,0.0,0.0,0.0
1141.0,ue[4],0,0.0,0.0,0.0,0.0,0.5,1.0,0.0,0.0,0.0,0.0
803.0,ue[3],0,0.0,0.0,0.0,0.0,0.5,1.0,0.0,0.0,0.0,0.0
744.0,ue[0],0,0.0,0.0,0.0,0.0,0.5,1.0,0.0,0.0,0.0,0.022
101.0,attacker[2],1,0.013,0.0154,0.042208,0.003,0.496917,0.333333,1.0,0.0,1.0,0.025
517.0,ue[3],0,0.0,0.0,0.0,0.0,0.5,1.0,0.0,0.0,0.0,0.018
1120.0,ue[0],0,0.0,0.0,0.0,0.0,0.5,1.0,0.0,0.0,0.0,0.0
1109.0,ue[3],0,0.0,0.0,0.0,0.0,0.5,1.0,0.0,0.0,0.0,0.0
965.0,ue[3],0,0.0,0.0,0.0,0.0,0.5,1.0,0.0,0.0,0.0,0.0
655.0,attacker[0],1,0.0,0.0,0.0,0.0,0.5,1.0,0.0,0.0,0.0,0.03
210.0,ue[1],0,0.007,0.0096,0.036458,0.003,0.49925,0.696667,1.0,0.0,1.0,0.022
426.0,ue[1],0,0.0,0.0,0.0,0.0,0.5,1.0,0.0,0.0,0.0,0.022
35.0,attacker[1],1,0.019,0.0179,0.053073,0.005,0.497417,0.113333,1.0,0.269047,1.0,0.029
1313.0,ue[2],0,0.0,0.0,0.0,0.0,0.5,1.0,0.0,0.0,0.0,0.0
856.0,ue[4],0,0.0,0.0,0.0,0.0,0.5,1.0,0.0,0.0,0.0,0.0
1454.0,attacker[2],1,0.0,0.0,0.0,0.0,0.5,1.0,0.0,0.0,0.0,0.0
350.0,ue[4],0,0.0,0.0,0.0,0.0,0.5,1.0,0.0,0.0,0.0,0.019
1441.0,attacker[1],1,0.0,0.0,0.0,0.0,0.5,1.0,0.0,0.0,0.0,0.0
801.0,ue[3],0,0.0,0.0,0.0,0.0,0.5,1.0,0.0,0.0,0.0,0.0
1454.0,ue[2],0,0.0,0.0,0.0,0.0,0.5,1.0,0.0,0.0,0.0,0.0
1251.0,ue[2],0,0.0,0.0,0.0,0.0,0.5,1.0,0.0,0.0,0.0,0.0
1499.0,ue[2],0,0.0,0.0,0.0,0.0,0.5,1.0,0.0,0.0,0.0,0.0
544.0,attacker[2],1,0.0,0.0,0.0,0.0,0.5,1.0,0.0,0.0,0.0,0.03
1263.0,attacker[2],1,0.0,0.0,0.0,0.0,0.5,1.0,0.0,0.0,0.0,0.0
280.0,attacker[0],1,0.01,0.0151,0.033113,0.003,0.497917,0.93,1.0,0.0,1.0,0.027
176.0,attacker[1],1,0.015,0.0154,0.048701,0.003,0.49975,0.583333,1.0,0.24199,1.0,0.029
469.0,attacker[2],1,0.0,0.0,0.0,0.0,0.5,1.0,0.0,0.0,0.0,0.03
1455.0,attacker[0],1,0.0,0.0,0.0,0.0,0.5,1.0,0.0,0.0,0.0,0.0
651.0,attacker[2],1,0.0,0.0,0.0,0.0,0.5,1.0,0.0,0.0,0.0,0.03
333.0,attacker[1],1,0.0,0.0,0.0,0.0,0.5,1.0,0.0,0.0,0.0,0.029
921.0,attacker[2],1,0.0,0.0,0.0,0.0,0.5,1.0,0.0,0.0,0.0,0.0
529.0,ue[4],0,0.0,0.0,0.0,0.0,0.5,1.0,0.0,0.0,0.0,0.019
1007.0,ue[0],0,0.0,0.0,0.0,0.0,0.5,1.0,0.0,0.0,0.0,0.0
629.0,ue[2],0,0.0,0.0,0.0,0.0,0.5,1.0,0.0,0.0,0.0,0.02
380.0,attacker[1],1,0.0,0.0,0.0,0.0,0.5,1.0,0.0,0.0,0.0,0.029
1115.0,ue[1],0,0.0,0.0,0.0,0.0,0.5,1.0,0.0,0.0,0.0,0.0
61.0,ue[4],0,0.008,0.0093,0.043011,0.006,0.5005,0.2,1.0,0.0,1.0,0.019
986.0,attacker[0],1,0.0,0.0,0.0,0.0,0.5,1.0,0.0,0.0,0.0,0.0
1181.0,ue[2],0,0.0,0.0,0.0,0.0,0.5,1.0,0.0,0.0,0.0,0.0
152.0,ue[1],0,0.008,0.0093,0.043011,0.002,0.499167,0.503333,1.0,0.0,1.0,0.022
500.0,ue[3],0,0.0,0.0,0.0,0.0,0.5,1.0,0.0,0.0,0.0,0.018
178.0,ue[3],0,0.011,0.0093,0.05914,0.001,0.502083,0.59,1.0,0.0,1.0,0.017
1228.0,ue[2],0,0.0,0.0,0.0,0.0,0.5,1.0,0.0,0.0,0.0,0.0
950.0,attacker[0],1,0.0,0.0,0.0,0.0,0.5,1.0,0.0,0.0,0.0,0.0
602.0,ue[1],0,0.0,0.0,0.0,0.0,0.5,1.0,0.0,0.0,0.0,0.02
878.0,ue[0],0,0.0,0.0,0.0,0.0,0.5,1.0,0.0,0.0,0.0,0.0
314.0,attacker[2],1,0.0,0.0,0.0,0.0,0.5,1.0,0.333333,0.0,0.0,0.03
91.0,ue[2],0,0.008,0.0093,0.043011,0.0,0.4985,0.3,1.0,0.0,1.0,0.018
898.0,ue[1],0,0.0,0.0,0.0,0.0,0.5,1.0,0.0,0.0,0.0,0.0
1258.0,attacker[2],1,0.0,0.0,0.0,0.0,0.5,1.0,0.0,0.0,0.0,0.0
1228.0,attacker[2],1,0.0,0.0,0.0,0.0,0.5,1.0,0.0,0.0,0.0,0.0
389.0,ue[1],0,0.0,0.0,0.0,0.0,0.5,1.0,0.0,0.0,0.0,0.022
1184.0,ue[1],0,0.0,0.0,0.0,0.0,0.5,1.0,0.0,0.0,0.0,0.0
380.0,ue[3],0,0.0,0.0,0.0,0.0,0.5,1.0,0.0,0.0,0.0,0.018
472.0,ue[1],0,0.0,0.0,0.0,0.0,0.5,1.0,0.0,0.0,0.0,0.022
698.0,ue[3],0,0.0,0.0,0.0,0.0,0.5,1.0,0.0,0.0,0.0,0.018
110.0,ue[2],0,0.015,0.0109,0.068807,0.007,0.500083,0.363333,1.0,0.096592,1.0,0.018
451.0,ue[3],0,0.0,0.0,0.0,0.0,0.5,1.0,0.0,0.0,0.0,0.018
159.0,attacker[2],1,0.02,0.0143,0.06993,0.007,0.501917,0.526667,1.0,0.303901,1.0,0.025
570.0,ue[0],0,0.0,0.0,0.0,0.0,0.5,1.0,0.0,0.0,0.0,0.022
1354.0,ue[3],0,0.0,0.0,0.0,0.0,0.5,1.0,0.0,0.0,0.0,0.0
890.0,ue[4],0,0.0,0.0,0.0,0.0,0.5,1.0,0.0,0.0,0.0,0.0
1020.0,ue[0],0,0.0,0.0,0.0,0.0,0.5,1.0,0.0,0.0,0.0,0.0
317.0,attacker[2],1,0.0,0.0,0.0,0.0,0.5,1.0,0.233333,0.0,0.0,0.03
582.0,ue[4],0,0.0,0.0,0.0,0.0,0.5,1.0,0.0,0.0,0.0,0.019
1023.0,attacker[0],1,0.0,0.0,0.0,0.0,0.5,1.0,0.0,0.0,0.0,0.0
323.0,attacker[2],1,0.0,0.0,0.0,0.0,0.5,1.0,0.033333,0.0,0.0,0.03
1071.0,attacker[2],1,0.0,0.0,0.0,0.0,0.5,1.0,0.0,0.0,0.0,0.0
491.0,ue[3],0,0.0,0.0,0.0,0.0,0.5,1.0,0.0,0.0,0.0,0.018
1385.0,ue[3],0,0.0,0.0,0.0,0.0,0.5,1.0,0.0,0.0,0.0,0.0
66.0,ue[3],0,0.01,0.0102,0.04902,0.002,0.500833,0.216667,1.0,0.0,1.0,0.015
1443.0,attacker[2],1,0.0,0.0,0.0,0.0,0.5,1.0,0.0,0.0,0.0,0.0
1075.0,ue[0],0,0.0,0.0,0.0,0.0,0.5,1.0,0.0,0.0,0.0,0.0
233.0,attacker[2],1,0.019,0.0169,0.056213,0.003,0.501583,0.773333,1.0,0.260846,1.0,0.026
1313.0,attacker[2],1,0.0,0.0,0.0,0.0,0.5,1.0,0.0,0.0,0.0,0.0
7.0,attacker[2],1,0.014,0.0105,0.066667,0.004,0.5005,0.02,0.875,0.081619,0.233333,0.021
831.0,attacker[2],1,0.0,0.0,0.0,0.0,0.5,1.0,0.0,0.0,0.0,0.0
1319.0,ue[2],0,0.0,0.0,0.0,0.0,0.5,1.0,0.0,0.0,0.0,0.0
1114.0,attacker[1],1,0.0,0.0,0.0,0.0,0.5,1.0,0.0,0.0,0.0,0.0
400.0,attacker[1],1,0.0,0.0,0.0,0.0,0.5,1.0,0.0,0.0,0.0,0.029
732.0,ue[4],0,0.0,0.0,0.0,0.0,0.5,1.0,0.0,0.0,0.0,0.018
1186.0,ue[3],0,0.0,0.0,0.0,0.0,0.5,1.0,0.0,0.0,0.0,0.0
1066.0,attacker[0],1,0.0,0.0,0.0,0.0,0.5,1.0,0.0,0.0,0.0,0.0
1248.0,attacker[1],1,0.0,0.0,0.0,0.0,0.5,1.0,0.0,0.0,0.0,0.0
482.0,ue[2],0,0.0,0.0,0.0,0.0,0.5,1.0,0.0,0.0,0.0,0.02
647.0,ue[2],0,0.0,0.0,0.0,0.0,0.5,1.0,0.0,0.0,0.0,0.02
23.0,ue[1],0,0.008,0.0105,0.038095,0.0,0.498167,0.073333,1.0,0.0,0.8,0.017
330.0,ue[4],0,0.0,0.0,0.0,0.0,0.5,1.0,0.0,0.0,0.0,0.019
1361.0,ue[4],0,0.0,0.0,0.0,0.0,0.5,1.0,0.0,0.0,0.0,0.0
1051.0,ue[2],0,0.0,0.0,0.0,0.0,0.5,1.0,0.0,0.0,0.0,0.0
862.0,ue[2],0,0.0,0.0,0.0,0.0,0.5,1.0,0.0,0.0,0.0,0.0
536.0,ue[1],0,0.0,0.0,0.0,0.0,0.5,1.0,0.0,0.0,0.0,0.022
1126.0,ue[1],0,0.0,0.0,0.0,0.0,0.5,1.0,0.0,0.0,0.0,0.0
1424.0,ue[0],0,0.0,0.0,0.0,0.0,0.5,1.0,0.0,0.0,0.0,0.0
660.0,ue[4],0,0.0,0.0,0.0,0.0,0.5,1.0,0.0,0.0,0.0,0.018
697.0,ue[0],0,0.0,0.0,0.0,0.0,0.5,1.0,0.0,0.0,0.0,0.022
863.0,attacker[1],1,0.0,0.0,0.0,0.0,0.5,1.0,0.0,0.0,0.0,0.0
494.0,ue[2],0,0.0,0.0,0.0,0.0,0.5,1.0,0.0,0.0,0.0,0.02
725.0,ue[0],0,0.0,0.0,0.0,0.0,0.5,1.0,0.0,0.0,0.0,0.022
542.0,attacker[2],1,0.0,0.0,0.0,0.0,0.5,1.0,0.0,0.0,0.0,0.03
313.0,attacker[0],1,0.0,0.0,0.0,0.0,0.5,1.0,0.366667,0.0,0.0,0.03
1398.0,attacker[1],1,0.0,0.0,0.0,0.0,0.5,1.0,0.0,0.0,0.0,0.0
142.0,ue[3],0,0.014,0.01,0.07,0.006,0.501,0.47,1.0,0.0,1.0,0.017
106.0,ue[3],0,0.011,0.0076,0.072368,0.0,0.501667,0.35,1.0,0.0,1.0,0.017
1274.0,ue[0],0,0.0,0.0,0.0,0.0,0.5,1.0,0.0,0.0,0.0,0.0
220.0,ue[0],0,0.006,0.0096,0.03125,0.006,0.499667,0.73,1.0,0.0,1.0,0.018
435.0,attacker[2],1,0.0,0.0,0.0,0.0,0.5,1.0,0.0,0.0,0.0,0.03
1114.0,ue[1],0,0.0,0.0,0.0,0.0,0.5,1.0,0.0,0.0,0.0,0.0
800.0,attacker[1],1,0.0,0.0,0.0,0.0,0.5,1.0,0.0,0.0,0.0,0.0
1012.0,ue[2],0,0.0,0.0,0.0,0.0,0.5,1.0,0.0,0.0,0.0,0.0
320.0,attacker[0],1,0.0,0.0,0.0,0.0,0.5,1.0,0.133333,0.0,0.0,0.03
1472.0,attacker[0],1,0.0,0.0,0.0,0.0,0.5,1.0,0.0,0.0,0.0,0.0
172.0,ue[0],0,0.014,0.0107,0.065421,0.005,0.500583,0.57,1.0,0.035277,1.0,0.018
241.0,attacker[1],1,0.013,0.0168,0.03869,0.005,0.499417,0.8,1.0,0.122577,1.0,0.029
291.0,ue[1],0,0.008,0.009,0.044444,0.003,0.498417,0.966667,1.0,0.0,1.0,0.022
308.0,ue[4],0,0.0,0.0,0.0,0.0,0.5,1.0,0.533333,0.0,0.0,0.019
1439.0,ue[1],0,0.0,0.0,0.0,0.0,0.5,1.0,0.0,0.0,0.0,0.0
689.0,attacker[2],1,0.0,0.0,0.0,0.0,0.5,1.0,0.0,0.0,0.0,0.03
743.0,attacker[1],1,0.0,0.0,0.0,0.0,0.5,1.0,0.0,0.0,0.0,0.025
119.0,ue[4],0,0.008,0.0105,0.038095,0.003,0.499417,0.393333,1.0,0.0,1.0,0.019
1153.0,ue[0],0,0.0,0.0,0.0,0.0,0.5,1.0,0.0,0.0,0.0,0.0
1230.0,attacker[0],1,0.0,0.0,0.0,0.0,0.5,1.0,0.0,0.0,0.0,0.0
672.0,ue[3],0,0.0,0.0,0.0,0.0,0.5,1.0,0.0,0.0,0.0,0.018
129.0,attacker[0],1,0.014,0.0158,0.044304,0.001,0.499917,0.426667,1.0,0.097736,1.0,0.027
296.0,ue[0],0,0.0,0.0088,0.0,0.0,0.493667,0.983333,0.933333,0.0,0.0,0.022
271.0,ue[0],0,0.012,0.0122,0.04918,0.0,0.499667,0.9,1.0,0.0,1.0,0.022
1328.0,ue[3],0,0.0,0.0,0.0,0.0,0.5,1.0,0.0,0.0,0.0,0.0
1306.0,attacker[2],1,0.0,0.0,0.0,0.0,0.5,1.0,0.0,0.0,0.0,0.0
1292.0,ue[4],0,0.0,0.0,0.0,0.0,0.5,1.0,0.0,0.0,0.0,0.0
11.0,attacker[2],1,0.017,0.0152,0.055921,0.001,0.49975,0.033333,0.916667,0.195325,0.366667,0.021
1158.0,ue[0],0,0.0,0.0,0.0,0.0,0.5,1.0,0.0,0.0,0.0,0.0
445.0,ue[0],0,0.0,0.0,0.0,0.0,0.5,1.0,0.0,0.0,0.0,0.022
1328.0,attacker[2],1,0.0,0.0,0.0,0.0,0.5,1.0,0.0,0.0,0.0,0.0
301.0,attacker[0],1,0.0,0.0048,0.0,0.0,0.5,1.0,0.766667,0.0,0.0,0.03
578.0,ue[4],0,0.0,0.0,0.0,0.0,0.5,1.0,0.0,0.0,0.0,0.019
1323.0,attacker[0],1,0.0,0.0,0.0,0.0,0.5,1.0,0.0,0.0,0.0,0.0
1187.0,ue[4],0,0.0,0.0,0.0,0.0,0.5,1.0,0.0,0.0,0.0,0.0
756.0,attacker[2],1,0.0,0.0,0.0,0.0,0.5,1.0,0.0,0.0,0.0,0.026
1402.0,ue[4],0,0.0,0.0,0.0,0.0,0.5,1.0,0.0,0.0,0.0,0.0
622.0,ue[0],0,0.0,0.0,0.0,0.0,0.5,1.0,0.0,0.0,0.0,0.022
603.0,ue[0],0,0.0,0.0,0.0,0.0,0.5,1.0,0.0,0.0,0.0,0.022
554.0,attacker[0],1,0.0,0.0,0.0,0.0,0.5,1.0,0.0,0.0,0.0,0.03
877.0,ue[4],0,0.0,0.0,0.0,0.0,0.5,1.0,0.0,0.0,0.0,0.0
838.0,ue[2],0,0.0,0.0,0.0,0.0,0.5,1.0,0.0,0.0,0.0,0.0
1481.0,attacker[0],1,0.0,0.0,0.0,0.0,0.5,1.0,0.0,0.0,0.0,0.0
380.0,ue[2],0,0.0,0.0,0.0,0.0,0.5,1.0,0.0,0.0,0.0,0.02
380.0,ue[1],0,0.0,0.0,0.0,0.0,0.5,1.0,0.0,0.0,0.0,0.022
1090.0,attacker[1],1,0.0,0.0,0.0,0.0,0.5,1.0,0.0,0.0,0.0,0.0
1383.0,attacker[1],1,0.0,0.0,0.0,0.0,0.5,1.0,0.0,0.0,0.0,0.0
506.0,attacker[1],1,0.0,0.0,0.0,0.0,0.5,1.0,0.0,0.0,0.0,0.029
310.0,ue[1],0,0.0,0.0,0.0,0.0,0.5,1.0,0.466667,0.0,0.0,0.022
176.0,ue[4],0,0.008,0.0096,0.041667,0.002,0.498833,0.583333,1.0,0.0,1.0,0.019
472.0,attacker[0],1,0.0,0.0,0.0,0.0,0.5,1.0,0.0,0.0,0.0,0.03
183.0,ue[3],0,0.011,0.0081,0.067901,0.005,0.501083,0.606667,1.0,0.0,1.0,0.017
468.0,ue[0],0,0.0,0.0,0.0,0.0,0.5,1.0,0.0,0.0,0.0,0.022
1442.0,attacker[2],1,0.0,0.0,0.0,0.0,0.5,1.0,0.0,0.0,0.0,0.0
1442.0,ue[1],0,0.0,0.0,0.0,0.0,0.5,1.0,0.0,0.0,0.0,0.0
915.0,ue[2],0,0.0,0.0,0.0,0.0,0.5,1.0,0.0,0.0,0.0,0.0
855.0,attacker[1],1,0.0,0.0,0.0,0.0,0.5,1.0,0.0,0.0,0.0,0.0
1020.0,ue[4],0,0.0,0.0,0.0,0.0,0.5,1.0,0.0,0.0,0.0,0.0
1064.0,ue[1],0,0.0,0.0,0.0,0.0,0.5,1.0,0.0,0.0,0.0,0.0
1273.0,attacker[0],1,0.0,0.0,0.0,0.0,0.5,1.0,0.0,0.0,0.0,0.0
417.0,ue[0],0,0.0,0.0,0.0,0.0,0.5,1.0,0.0,0.0,0.0,0.022
696.0,ue[4],0,0.0,0.0,0.0,0.0,0.5,1.0,0.0,0.0,0.0,0.018
219.0,attacker[0],1,0.017,0.0173,0.049133,0.0,0.5,0.726667,1.0,0.161457,1.0,0.027
1058.0,attacker[2],1,0.0,0.0,0.0,0.0,0.5,1.0,0.0,0.0,0.0,0.0
297.0,attacker[0],1,0.0,0.0131,0.0,0.0,0.494667,0.986667,0.9,0.0,0.0,0.03
1019.0,attacker[0],1,0.0,0.0,0.0,0.0,0.5,1.0,0.0,0.0,0.0,0.0
255.0,ue[2],0,0.008,0.0097,0.041237,0.001,0.499417,0.846667,1.0,0.0,1.0,0.02
1155.0,attacker[2],1,0.0,0.0,0.0,0.0,0.5,1.0,0.0,0.0,0.0,0.0
1127.0,ue[3],0,0.0,0.0,0.0,0.0,0.5,1.0,0.0,0.0,0.0,0.0
572.0,ue[1],0,0.0,0.0,0.0,0.0,0.5,1.0,0.0,0.0,0.0,0.02
1154.0,attacker[2],1,0.0,0.0,0.0,0.0,0.5,1.0,0.0,0.0,0.0,0.0
1344.0,attacker[0],1,0.0,0.0,0.0,0.0,0.5,1.0,0.0,0.0,0.0,0.0
1384.0,attacker[2],1,0.0,0.0,0.0,0.0,0.5,1.0,0.0,0.0,0.0,0.0
1082.0,attacker[1],1,0.0,0.0,0.0,0.0,0.5,1.0,0.0,0.0,0.0,0.0
935.0,ue[1],0,0.0,0.0,0.0,0.0,0.5,1.0,0.0,0.0,0.0,0.0
848.0,attacker[0],1,0.0,0.0,0.0,0.0,0.5,1.0,0.0,0.0,0.0,0.0
1493.0,ue[2],0,0.0,0.0,0.0,0.0,0.5,1.0,0.0,0.0,0.0,0.0
1335.0,ue[4],0,0.0,0.0,0.0,0.0,0.5,1.0,0.0,0.0,0.0,0.0
55.0,ue[2],0,0.01,0.0087,0.057471,0.001,0.500583,0.18,1.0,0.0,1.0,0.018
1001.0,ue[4],0,0.0,0.0,0.0,0.0,0.5,1.0,0.0,0.0,0.0,0.0
96.0,attacker[0],1,0.011,0.015,0.036667,0.006,0.5,0.316667,1.0,0.0,1.0,0.027
1423.0,ue[1],0,0.0,0.0,0.0,0.0,0.5,1.0,0.0,0.0,0.0,0.0
595.0,ue[0],0,0.0,0.0,0.0,0.0,0.5,1.0,0.0,0.0,0.0,0.022
1282.0,ue[1],0,0.0,0.0,0.0,0.0,0.5,1.0,0.0,0.0,0.0,0.0
127.0,ue[2],0,0.016,0.0108,0.074074,0.013,0.498917,0.42,1.0,0.201732,1.0,0.018
466.0,attacker[1],1,0.0,0.0,0.0,0.0,0.5,1.0,0.0,0.0,0.0,0.029
100.0,attacker[2],1,0.01,0.0153,0.03268,0.013,0.500083,0.33,1.0,0.014322,1.0,0.025
340.0,attacker[2],1,0.0,0.0,0.0,0.0,0.5,1.0,0.0,0.0,0.0,0.03
849.0,ue[4],0,0.0,0.0,0.0,0.0,0.5,1.0,0.0,0.0,0.0,0.0
1473.0,ue[0],0,0.0,0.0,0.0,0.0,0.5,1.0,0.0,0.0,0.0,0.0
254.0,attacker[0],1,0.012,0.0162,0.037037,0.009,0.499917,0.843333,1.0,0.022376,1.0,0.027
1136.0,attacker[0],1,0.0,0.0,0.0,0.0,0.5,1.0,0.0,0.0,0.0,0.0
121.0,ue[4],0,0.009,0.0098,0.045918,0.001,0.500083,0.4,1.0,0.0,1.0,0.019
172.0,attacker[2],1,0.023,0.0165,0.069697,0.01,0.501333,0.57,1.0,0.398122,1.0,0.025
572.0,attacker[2],1,0.0,0.0,0.0,0.0,0.5,1.0,0.0,0.0,0.0,0.03
1126.0,attacker[2],1,0.0,0.0,0.0,0.0,0.5,1.0,0.0,0.0,0.0,0.0
393.0,ue[0],0,0.0,0.0,0.0,0.0,0.5,1.0,0.0,0.0,0.0,0.022
537.0,ue[0],0,0.0,0.0,0.0,0.0,0.5,1.0,0.0,0.0,0.0,0.022
638.0,ue[3],0,0.0,0.0,0.0,0.0,0.5,1.0,0.0,0.0,0.0,0.018
26.0,attacker[1],1,0.022,0.0183,0.060109,0.001,0.499917,0.083333,0.962963,0.348335,0.866667,0.029
1094.0,attacker[0],1,0.0,0.0,0.0,0.0,0.5,1.0,0.0,0.0,0.0,0.0
700.0,attacker[2],1,0.0,0.0,0.0,0.0,0.5,1.0,0.0,0.0,0.0,0.03
478.0,attacker[0],1,0.0,0.0,0.0,0.0,0.5,1.0,0.0,0.0,0.0,0.03
524.0,attacker[1],1,0.0,0.0,0.0,0.0,0.5,1.0,0.0,0.0,0.0,0.029
902.0,ue[4],0,0.0,0.0,0.0,0.0,0.5,1.0,0.0,0.0,0.0,0.0
316.0,attacker[1],1,0.0,0.0,0.0,0.0,0.5,1.0,0.266667,0.0,0.0,0.029
4.0,ue[4],0,0.014,0.0124,0.056452,0.005,0.503417,0.01,1.0,0.0,0.166667,0.019
776.0,ue[4],0,0.0,0.0,0.0,0.0,0.5,1.0,0.0,0.0,0.0,0.018
845.0,attacker[1],1,0.0,0.0,0.0,0.0,0.5,1.0,0.0,0.0,0.0,0.0
1137.0,attacker[2],1,0.0,0.0,0.0,0.0,0.5,1.0,0.0,0.0,0.0,0.0
1369.0,attacker[1],1,0.0,0.0,0.0,0.0,0.5,1.0,0.0,0.0,0.0,0.0
787.0,ue[1],0,0.0,0.0,0.0,0.0,0.5,1.0,0.0,0.0,0.0,0.013
415.0,ue[3],0,0.0,0.0,0.0,0.0,0.5,1.0,0.0,0.0,0.0,0.018
1159.0,attacker[1],1,0.0,0.0,0.0,0.0,0.5,1.0,0.0,0.0,0.0,0.0
4.0,attacker[0],1,0.02,0.0126,0.079365,0.005,0.504083,0.01,0.8,0.242712,0.133333,0.02
1476.0,ue[4],0,0.0,0.0,0.0,0.0,0.5,1.0,0.0,0.0,0.0,0.0
1199.0,attacker[1],1,0.0,0.0,0.0,0.0,0.5,1.0,0.0,0.0,0.0,0.0
376.0,ue[4],0,0.0,0.0,0.0,0.0,0.5,1.0,0.0,0.0,0.0,0.019
109.0,ue[2],0,0.008,0.0106,0.037736,0.001,0.498417,0.36,1.0,0.0,1.0,0.018
960.0,attacker[2],1,0.0,0.0,0.0,0.0,0.5,1.0,0.0,0.0,0.0,0.0
1052.0,ue[4],0,0.0,0.0,0.0,0.0,0.5,1.0,0.0,0.0,0.0,0.0
1001.0,attacker[2],1,0.0,0.0,0.0,0.0,0.5,1.0,0.0,0.0,0.0,0.0
892.0,ue[3],0,0.0,0.0,0.0,0.0,0.5,1.0,0.0,0.0,0.0,0.0
1272.0,ue[2],0,0.0,0.0,0.0,0.0,0.5,1.0,0.0,0.0,0.0,0.0
1494.0,ue[4],0,0.0,0.0,0.0,0.0,0.5,1.0,0.0,0.0,0.0,0.0
1281.0,attacker[0],1,0.0,0.0,0.0,0.0,0.5,1.0,0.0,0.0,0.0,0.0
1013.0,ue[1],0,0.0,0.0,0.0,0.0,0.5,1.0,0.0,0.0,0.0,0.0
212.0,attacker[2],1,0.019,0.0155,0.06129,0.003,0.502417,0.703333,1.0,0.157832,1.0,0.025
171.0,ue[0],0,0.009,0.0101,0.044554,0.005,0.501417,0.566667,1.0,0.0,1.0,0.018
39.0,ue[1],0,0.006,0.0101,0.029703,0.006,0.499167,0.126667,1.0,0.0,1.0,0.017
1395.0,attacker[1],1,0.0,0.0,0.0,0.0,0.5,1.0,0.0,0.0,0.0,0.0
765.0,ue[2],0,0.0,0.0,0.0,0.0,0.5,1.0,0.0,0.0,0.0,0.013
80.0,ue[3],0,0.013,0.0114,0.057018,0.002,0.501167,0.263333,1.0,0.0,1.0,0.016
1163.0,ue[2],0,0.0,0.0,0.0,0.0,0.5,1.0,0.0,0.0,0.0,0.0
55.0,ue[4],0,0.01,0.0097,0.051546,0.0,0.5015,0.18,1.0,0.0,1.0,0.019
1203.0,ue[1],0,0.0,0.0,0.0,0.0,0.5,1.0,0.0,0.0,0.0,0.0
443.0,attacker[0],1,0.0,0.0,0.0,0.0,0.5,1.0,0.0,0.0,0.0,0.03
760.0,attacker[0],1,0.0,0.0,0.0,0.0,0.5,1.0,0.0,0.0,0.0,0.03
1266.0,ue[0],0,0.0,0.0,0.0,0.0,0.5,1.0,0.0,0.0,0.0,0.0
581.0,ue[3],0,0.0,0.0,0.0,0.0,0.5,1.0,0.0,0.0,0.0,0.018
804.0,ue[0],0,0.0,0.0,0.0,0.0,0.5,1.0,0.0,0.0,0.0,0.0
589.0,ue[0],0,0.0,0.0,0.0,0.0,0.5,1.0,0.0,0.0,0.0,0.022
74.0,ue[1],0,0.009,0.0096,0.046875,0.003,0.498417,0.243333,1.0,0.0,1.0,0.022
343.0,attacker[0],1,0.0,0.0,0.0,0.0,0.5,1.0,0.0,0.0,0.0,0.03
1323.0,ue[0],0,0.0,0.0,0.0,0.0,0.5,1.0,0.0,0.0,0.0,0.0
553.0,attacker[2],1,0.0,0.0,0.0,0.0,0.5,1.0,0.0,0.0,0.0,0.03
258.0,ue[3],0,0.011,0.0111,0.04955,0.001,0.50075,0.856667,1.0,0.0,1.0,0.018
711.0,ue[3],0,0.0,0.0,0.0,0.0,0.5,1.0,0.0,0.0,0.0,0.018
1356.0,ue[0],0,0.0,0.0,0.0,0.0,0.5,1.0,0.0,0.0,0.0,0.0
1288.0,ue[2],0,0.0,0.0,0.0,0.0,0.5,1.0,0.0,0.0,0.0,0.0
743.0,ue[2],0,0.0,0.0,0.0,0.0,0.5,1.0,0.0,0.0,0.0,0.014
1099.0,attacker[0],1,0.0,0.0,0.0,0.0,0.5,1.0,0.0,0.0,0.0,0.0
1245.0,attacker[1],1,0.0,0.0,0.0,0.0,0.5,1.0,0.0,0.0,0.0,0.0
1237.0,ue[0],0,0.0,0.0,0.0,0.0,0.5,1.0,0.0,0.0,0.0,0.0
906.0,ue[2],0,0.0,0.0,0.0,0.0,0.5,1.0,0.0,0.0,0.0,0.0
606.0,ue[0],0,0.0,0.0,0.0,0.0,0.5,1.0,0.0,0.0,0.0,0.022
1277.0,ue[4],0,0.0,0.0,0.0,0.0,0.5,1.0,0.0,0.0,0.0,0.0
458.0,ue[4],0,0.0,0.0,0.0,0.0,0.5,1.0,0.0,0.0,0.0,0.019
256.0,ue[3],0,0.006,0.0107,0.028037,0.008,0.499167,0.85,1.0,0.0,1.0,0.018
474.0,ue[4],0,0.0,0.0,0.0,0.0,0.5,1.0,0.0,0.0,0.0,0.019
1488.0,attacker[0],1,0.0,0.0,0.0,0.0,0.5,1.0,0.0,0.0,0.0,0.0
647.0,ue[3],0,0.0,0.0,0.0,0.0,0.5,1.0,0.0,0.0,0.0,0.018
337.0,attacker[0],1,0.0,0.0,0.0,0.0,0.5,1.0,0.0,0.0,0.0,0.03
576.0,ue[0],0,0.0,0.0,0.0,0.0,0.5,1.0,0.0,0.0,0.0,0.022
936.0,ue[0],0,0.0,0.0,0.0,0.0,0.5,1.0,0.0,0.0,0.0,0.0
901.0,attacker[1],1,0.0,0.0,0.0,0.0,0.5,1.0,0.0,0.0,0.0,0.0
1.0,attacker[1],1,0.008,0.004,0.1,0.008,0.5,0.0,0.5,0.017747,0.033333,0.008
669.0,ue[0],0,0.0,0.0,0.0,0.0,0.5,1.0,0.0,0.0,0.0,0.022
249.0,attacker[2],1,0.015,0.0144,0.052083,0.003,0.501083,0.826667,1.0,0.27215,1.0,0.03
588.0,ue[4],0,0.0,0.0,0.0,0.0,0.5,1.0,0.0,0.0,0.0,0.019
259.0,ue[4],0,0.014,0.0097,0.072165,0.003,0.500583,0.86,1.0,0.118808,1.0,0.019
609.0,ue[3],0,0.0,0.0,0.0,0.0,0.5,1.0,0.0,0.0,0.0,0.018
34.0,attacker[2],1,0.017,0.0177,0.048023,0.004,0.502333,0.11,1.0,0.240118,1.0,0.024
1226.0,ue[4],0,0.0,0.0,0.0,0.0,0.5,1.0,0.0,0.0,0.0,0.0
595.0,attacker[2],1,0.0,0.0,0.0,0.0,0.5,1.0,0.0,0.0,0.0,0.03
1208.0,ue[0],0,0.0,0.0,0.0,0.0,0.5,1.0,0.0,0.0,0.0,0.0
509.0,ue[1],0,0.0,0.0,0.0,0.0,0.5,1.0,0.0,0.0,0.0,0.022
1283.0,ue[0],0,0.0,0.0,0.0,0.0,0.5,1.0,0.0,0.0,0.0,0.0
231.0,attacker[0],1,0.017,0.0171,0.049708,0.005,0.50125,0.766667,1.0,0.183233,1.0,0.027
1423.0,ue[0],0,0.0,0.0,0.0,0.0,0.5,1.0,0.0,0.0,0.0,0.0
1338.0,ue[2],0,0.0,0.0,0.0,0.0,0.5,1.0,0.0,0.0,0.0,0.0
1137.0,ue[3],0,0.0,0.0,0.0,0.0,0.5,1.0,0.0,0.0,0.0,0.0
1162.0,ue[0],0,0.0,0.0,0.0,0.0,0.5,1.0,0.0,0.0,0.0,0.0
846.0,attacker[0],1,0.0,0.0,0.0,0.0,0.5,1.0,0.0,0.0,0.0,0.0
943.0,attacker[0],1,0.0,0.0,0.0,0.0,0.5,1.0,0.0,0.0,0.0,0.0
246.0,ue[1],0,0.011,0.0111,0.04955,0.003,0.499417,0.816667,1.0,0.0,1.0,0.022
11.0,attacker[1],1,0.014,0.0188,0.037234,0.002,0.498167,0.033333,0.916667,0.057448,0.366667,0.029
190.0,ue[4],0,0.009,0.0104,0.043269,0.003,0.500917,0.63,1.0,0.0,1.0,0.019
900.0,ue[2],0,0.0,0.0,0.0,0.0,0.5,1.0,0.0,0.0,0.0,0.0
888.0,ue[3],0,0.0,0.0,0.0,0.0,0.5,1.0,0.0,0.0,0.0,0.0
769.0,attacker[1],1,0.0,0.0,0.0,0.0,0.5,1.0,0.0,0.0,0.0,0.025
468.0,ue[4],0,0.0,0.0,0.0,0.0,0.5,1.0,0.0,0.0,0.0,0.019
1465.0,ue[0],0,0.0,0.0,0.0,0.0,0.5,1.0,0.0,0.0,0.0,0.0
795.0,ue[3],0,0.0,0.0,0.0,0.0,0.5,1.0,0.0,0.0,0.0,0.0
978.0,ue[3],0,0.0,0.0,0.0,0.0,0.5,1.0,0.0,0.0,0.0,0.0
119.0,ue[1],0,0.013,0.0094,0.069149,0.004,0.500667,0.393333,1.0,0.005795,1.0,0.022
333.0,ue[2],0,0.0,0.0,0.0,0.0,0.5,1.0,0.0,0.0,0.0,0.02
1089.0,attacker[1],1,0.0,0.0,0.0,0.0,0.5,1.0,0.0,0.0,0.0,0.0
283.0,ue[4],0,0.01,0.0098,0.05102,0.002,0.499,0.94,1.0,0.0,1.0,0.019
53.0,ue[1],0,0.01,0.0121,0.041322,0.005,0.500583,0.173333,1.0,0.0,1.0,0.022
240.0,attacker[0],1,0.024,0.0171,0.070175,0.008,0.501667,0.796667,1.0,0.358443,1.0,0.027
641.0,ue[1],0,0.0,0.0,0.0,0.0,0.5,1.0,0.0,0.0,0.0,0.02
303.0,ue[0],0,0.0,0.0013,0.0,0.0,0.5,1.0,0.7,0.0,0.0,0.022
342.0,ue[1],0,0.0,0.0,0.0,0.0,0.5,1.0,0.0,0.0,0.0,0.022
680.0,attacker[1],1,0.0,0.0,0.0,0.0,0.5,1.0,0.0,0.0,0.0,0.025
1225.0,ue[1],0,0.0,0.0,0.0,0.0,0.5,1.0,0.0,0.0,0.0,0.0
431.0,attacker[1],1,0.0,0.0,0.0,0.0,0.5,1.0,0.0,0.0,0.0,0.029
1467.0,attacker[0],1,0.0,0.0,0.0,0.0,0.5,1.0,0.0,0.0,0.0,0.0
1091.0,ue[3],0,0.0,0.0,0.0,0.0,0.5,1.0,0.0,0.0,0.0,0.0
631.0,ue[1],0,0.0,0.0,0.0,0.0,0.5,1.0,0.0,0.0,0.0,0.02
139.0,attacker[1],1,0.029,0.0181,0.08011,0.011,0.501583,0.46,1.0,0.438731,1.0,0.029
1343.0,ue[0],0,0.0,0.0,0.0,0.0,0.5,1.0,0.0,0.0,0.0,0.0
551.0,ue[4],0,0.0,0.0,0.0,0.0,0.5,1.0,0.0,0.0,0.0,0.019
35.0,ue[1],0,0.011,0.0108,0.050926,0.001,0.500083,0.113333,1.0,0.0,1.0,0.017
436.0,attacker[2],1,0.0,0.0,0.0,0.0,0.5,1.0,0.0,0.0,0.0,0.03
779.0,attacker[2],1,0.0,0.0,0.0,0.0,0.5,1.0,0.0,0.0,0.0,0.025
531.0,attacker[0],1,0.0,0.0,0.0,0.0,0.5,1.0,0.0,0.0,0.0,0.03
1328.0,ue[0],0,0.0,0.0,0.0,0.0,0.5,1.0,0.0,0.0,0.0,0.0
501.0,ue[3],0,0.0,0.0,0.0,0.0,0.5,1.0,0.0,0.0,0.0,0.018
357.0,ue[3],0,0.0,0.0,0.0,0.0,0.5,1.0,0.0,0.0,0.0,0.018
738.0,attacker[1],1,0.0,0.0,0.0,0.0,0.5,1.0,0.0,0.0,0.0,0.025
1454.0,ue[0],0,0.0,0.0,0.0,0.0,0.5,1.0,0.0,0.0,0.0,0.0
471.0,ue[2],0,0.0,0.0,0.0,0.0,0.5,1.0,0.0,0.0,0.0,0.02
88.0,ue[1],0,0.018,0.0108,0.083333,0.008,0.502333,0.29,1.0,0.166252,1.0,0.022
1238.0,ue[2],0,0.0,0.0,0.0,0.0,0.5,1.0,0.0,0.0,0.0,0.0
1357.0,attacker[0],1,0.0,0.0,0.0,0.0,0.5,1.0,0.0,0.0,0.0,0.0
591.0,ue[2],0,0.0,0.0,0.0,0.0,0.5,1.0,0.0,0.0,0.0,0.02
1487.0,ue[2],0,0.0,0.0,0.0,0.0,0.5,1.0,0.0,0.0,0.0,0.0
75.0,attacker[2],1,0.009,0.0181,0.024862,0.013,0.49925,0.246667,1.0,0.0,1.0,0.025
120.0,ue[1],0,0.008,0.0094,0.042553,0.005,0.500583,0.396667,1.0,0.0,1.0,0.022
397.0,ue[3],0,0.0,0.0,0.0,0.0,0.5,1.0,0.0,0.0,0.0,0.018
665.0,ue[3],0,0.0,0.0,0.0,0.0,0.5,1.0,0.0,0.0,0.0,0.018
706.0,ue[0],0,0.0,0.0,0.0,0.0,0.5,1.0,0.0,0.0,0.0,0.022
498.0,attacker[1],1,0.0,0.0,0.0,0.0,0.5,1.0,0.0,0.0,0.0,0.029
1382.0,ue[0],0,0.0,0.0,0.0,0.0,0.5,1.0,0.0,0.0,0.0,0.0
106.0,ue[1],0,0.006,0.0098,0.030612,0.006,0.5,0.35,1.0,0.0,1.0,0.022
1180.0,attacker[1],1,0.0,0.0,0.0,0.0,0.5,1.0,0.0,0.0,0.0,0.0
930.0,ue[4],0,0.0,0.0,0.0,0.0,0.5,1.0,0.0,0.0,0.0,0.0
686.0,attacker[0],1,0.0,0.0,0.0,0.0,0.5,1.0,0.0,0.0,0.0,0.03
1259.0,ue[2],0,0.0,0.0,0.0,0.0,0.5,1.0,0.0,0.0,0.0,0.0
238.0,attacker[2],1,0.021,0.0173,0.060694,0.007,0.497917,0.79,1.0,0.439092,1.0,0.03
797.0,ue[4],0,0.0,0.0,0.0,0.0,0.5,1.0,0.0,0.0,0.0,0.0
349.0,ue[0],0,0.0,0.0,0.0,0.0,0.5,1.0,0.0,0.0,0.0,0.022
551.0,attacker[0],1,0.0,0.0,0.0,0.0,0.5,1.0,0.0,0.0,0.0,0.03
557.0,ue[0],0,0.0,0.0,0.0,0.0,0.5,1.0,0.0,0.0,0.0,0.022
667.0,attacker[0],1,0.0,0.0,0.0,0.0,0.5,1.0,0.0,0.0,0.0,0.03
1164.0,ue[1],0,0.0,0.0,0.0,0.0,0.5,1.0,0.0,0.0,0.0,0.0
147.0,ue[4],0,0.012,0.0121,0.049587,0.004,0.497833,0.486667,1.0,0.0,1.0,0.019
443.0,ue[2],0,0.0,0.0,0.0,0.0,0.5,1.0,0.0,0.0,0.0,0.02
739.0,ue[2],0,0.0,0.0,0.0,0.0,0.5,1.0,0.0,0.0,0.0,0.015
1374.0,attacker[2],1,0.0,0.0,0.0,0.0,0.5,1.0,0.0,0.0,0.0,0.0
801.0,attacker[0],1,0.0,0.0,0.0,0.0,0.5,1.0,0.0,0.0,0.0,0.0
1407.0,ue[0],0,0.0,0.0,0.0,0.0,0.5,1.0,0.0,0.0,0.0,0.0
956.0,attacker[2],1,0.0,0.0,0.0,0.0,0.5,1.0,0.0,0.0,0.0,0.0
138.0,ue[1],0,0.005,0.0092,0.027174,0.008,0.499833,0.456667,1.0,0.0,1.0,0.022
421.0,ue[0],0,0.0,0.0,0.0,0.0,0.5,1.0,0.0,0.0,0.0,0.022
852.0,ue[1],0,0.0,0.0,0.0,0.0,0.5,1.0,0.0,0.0,0.0,0.0
803.0,attacker[0],1,0.0,0.0,0.0,0.0,0.5,1.0,0.0,0.0,0.0,0.0
357.0,ue[0],0,0.0,0.0,0.0,0.0,0.5,1.0,0.0,0.0,0.0,0.022
498.0,ue[1],0,0.0,0.0,0.0,0.0,0.5,1.0,0.0,0.0,0.0,0.022
951.0,ue[0],0,0.0,0.0,0.0,0.0,0.5,1.0,0.0,0.0,0.0,0.0
933.0,ue[1],0,0.0,0.0,0.0,0.0,0.5,1.0,0.0,0.0,0.0,0.0
1201.0,ue[3],0,0.0,0.0,0.0,0.0,0.5,1.0,0.0,0.0,0.0,0.0
304.0,attacker[0],1,0.0,0.0,0.0,0.0,0.5,1.0,0.666667,0.0,0.0,0.03
984.0,attacker[2],1,0.0,0.0,0.0,0.0,0.5,1.0,0.0,0.0,0.0,0.0
30.0,ue[0],0,0.011,0.0095,0.057895,0.004,0.5,0.096667,1.0,0.0,1.0,0.018
1060.0,attacker[2],1,0.0,0.0,0.0,0.0,0.5,1.0,0.0,0.0,0.0,0.0
56.0,ue[2],0,0.01,0.0089,0.05618,0.0,0.501,0.183333,1.0,0.0,1.0,0.018
1092.0,ue[1],0,0.0,0.0,0.0,0.0,0.5,1.0,0.0,0.0,0.0,0.0
1412.0,ue[1],0,0.0,0.0,0.0,0.0,0.5,1.0,0.0,0.0,0.0,0.0
176.0,ue[2],0,0.002,0.0097,0.010309,0.009,0.498083,0.583333,1.0,0.0,1.0,0.018
911.0,attacker[0],1,0.0,0.0,0.0,0.0,0.5,1.0,0.0,0.0,0.0,0.0
272.0,ue[2],0,0.008,0.01,0.04,0.0,0.498833,0.903333,1.0,0.0,1.0,0.02
738.0,attacker[0],1,0.0,0.0,0.0,0.0,0.5,1.0,0.0,0.0,0.0,0.03
524.0,ue[3],0,0.0,0.0,0.0,0.0,0.5,1.0,0.0,0.0,0.0,0.018
201.0,ue[3],0,0.015,0.0104,0.072115,0.005,0.502417,0.666667,1.0,0.032588,1.0,0.017
964.0,ue[2],0,0.0,0.0,0.0,0.0,0.5,1.0,0.0,0.0,0.0,0.0
744.0,ue[2],0,0.0,0.0,0.0,0.0,0.5,1.0,0.0,0.0,0.0,0.014
709.0,attacker[0],1,0.0,0.0,0.0,0.0,0.5,1.0,0.0,0.0,0.0,0.03
1447.0,ue[1],0,0.0,0.0,0.0,0.0,0.5,1.0,0.0,0.0,0.0,0.0
382.0,attacker[2],1,0.0,0.0,0.0,0.0,0.5,1.0,0.0,0.0,0.0,0.03
750.0,attacker[2],1,0.0,0.0,0.0,0.0,0.5,1.0,0.0,0.0,0.0,0.026
876.0,ue[3],0,0.0,0.0,0.0,0.0,0.5,1.0,0.0,0.0,0.0,0.0
954.0,ue[1],0,0.0,0.0,0.0,0.0,0.5,1.0,0.0,0.0,0.0,0.0
1049.0,ue[4],0,0.0,0.0,0.0,0.0,0.5,1.0,0.0,0.0,0.0,0.0
1195.0,attacker[1],1,0.0,0.0,0.0,0.0,0.5,1.0,0.0,0.0,0.0,0.0
62.0,attacker[2],1,0.014,0.0147,0.047619,0.002,0.500833,0.203333,1.0,0.085334,1.0,0.025
1267.0,attacker[2],1,0.0,0.0,0.0,0.0,0.5,1.0,0.0,0.0,0.0,0.0
838.0,attacker[2],1,0.0,0.0,0.0,0.0,0.5,1.0,0.0,0.0,0.0,0.0
1179.0,attacker[2],1,0.0,0.0,0.0,0.0,0.5,1.0,0.0,0.0,0.0,0.0
1397.0,attacker[1],1,0.0,0.0,0.0,0.0,0.5,1.0,0.0,0.0,0.0,0.0
148.0,ue[3],0,0.008,0.0105,0.038095,0.002,0.4975,0.49,1.0,0.0,1.0,0.017
714.0,ue[1],0,0.0,0.0,0.0,0.0,0.5,1.0,0.0,0.0,0.0,0.018
1300.0,ue[1],0,0.0,0.0,0.0,0.0,0.5,1.0,0.0,0.0,0.0,0.0
210.0,attacker[0],1,0.021,0.0179,0.058659,0.0,0.502333,0.696667,1.0,0.395422,1.0,0.027
1496.0,ue[4],0,0.0,0.0,0.0,0.0,0.5,1.0,0.0,0.0,0.0,0.0
1214.0,attacker[2],1,0.0,0.0,0.0,0.0,0.5,1.0,0.0,0.0,0.0,0.0
14.0,ue[3],0,0.009,0.0099,0.045455,0.004,0.497833,0.043333,1.0,0.0,0.5,0.014
416.0,attacker[1],1,0.0,0.0,0.0,0.0,0.5,1.0,0.0,0.0,0.0,0.029
44.0,ue[0],0,0.017,0.0126,0.06746,0.008,0.501,0.143333,1.0,0.192617,1.0,0.018
1199.0,ue[4],0,0.0,0.0,0.0,0.0,0.5,1.0,0.0,0.0,0.0,0.0
831.0,ue[3],0,0.0,0.0,0.0,0.0,0.5,1.0,0.0,0.0,0.0,0.0
1343.0,attacker[0],1,0.0,0.0,0.0,0.0,0.5,1.0,0.0,0.0,0.0,0.0
815.0,ue[4],0,0.0,0.0,0.0,0.0,0.5,1.0,0.0,0.0,0.0,0.0
193.0,attacker[0],1,0.018,0.0173,0.052023,0.006,0.498333,0.64,1.0,0.261539,1.0,0.027
790.0,ue[0],0,0.0,0.0,0.0,0.0,0.5,1.0,0.0,0.0,0.0,0.013
1016.0,ue[0],0,0.0,0.0,0.0,0.0,0.5,1.0,0.0,0.0,0.0,0.0
968.0,ue[4],0,0.0,0.0,0.0,0.0,0.5,1.0,0.0,0.0,0.0,0.0
942.0,ue[2],0,0.0,0.0,0.0,0.0,0.5,1.0,0.0,0.0,0.0,0.0
973.0,ue[0],0,0.0,0.0,0.0,0.0,0.5,1.0,0.0,0.0,0.0,0.0
513.0,ue[2],0,0.0,0.0,0.0,0.0,0.5,1.0,0.0,0.0,0.0,0.02
59.0,ue[3],0,0.012,0.0101,0.059406,0.004,0.499167,0.193333,1.0,0.0,1.0,0.015
1348.0,ue[3],0,0.0,0.0,0.0,0.0,0.5,1.0,0.0,0.0,0.0,0.0
1013.0,attacker[1],1,0.0,0.0,0.0,0.0,0.5,1.0,0.0,0.0,0.0,0.0
679.0,attacker[1],1,0.0,0.0,0.0,0.0,0.5,1.0,0.0,0.0,0.0,0.025
285.0,attacker[0],1,0.022,0.017,0.064706,0.011,0.497083,0.946667,1.0,0.247918,1.0,0.029
1101.0,ue[2],0,0.0,0.0,0.0,0.0,0.5,1.0,0.0,0.0,0.0,0.0
99.0,attacker[1],1,0.016,0.0179,0.044693,0.002,0.4995,0.326667,1.0,0.171397,1.0,0.029
464.0,ue[0],0,0.0,0.0,0.0,0.0,0.5,1.0,0.0,0.0,0.0,0.022
1282.0,ue[3],0,0.0,0.0,0.0,0.0,0.5,1.0,0.0,0.0,0.0,0.0
770.0,ue[3],0,0.0,0.0,0.0,0.0,0.5,1.0,0.0,0.0,0.0,0.015
1145.0,ue[1],0,0.0,0.0,0.0,0.0,0.5,1.0,0.0,0.0,0.0,0.0
65.0,attacker[2],1,0.021,0.0163,0.064417,0.004,0.501,0.213333,1.0,0.395557,1.0,0.025
191.0,ue[2],0,0.009,0.0102,0.044118,0.003,0.498917,0.633333,1.0,0.0,1.0,0.018
776.0,ue[0],0,0.0,0.0,0.0,0.0,0.5,1.0,0.0,0.0,0.0,0.014
343.0,ue[1],0,0.0,0.0,0.0,0.0,0.5,1.0,0.0,0.0,0.0,0.022
641.0,ue[0],0,0.0,0.0,0.0,0.0,0.5,1.0,0.0,0.0,0.0,0.022
671.0,attacker[2],1,0.0,0.0,0.0,0.0,0.5,1.0,0.0,0.0,0.0,0.03
1086.0,attacker[0],1,0.0,0.0,0.0,0.0,0.5,1.0,0.0,0.0,0.0,0.0
355.0,ue[1],0,0.0,0.0,0.0,0.0,0.5,1.0,0.0,0.0,0.0,0.022
64.0,ue[0],0,0.008,0.0087,0.045977,0.004,0.498167,0.21,1.0,0.0,1.0,0.018
266.0,ue[1],0,0.012,0.0097,0.061856,0.005,0.50025,0.883333,1.0,0.0,1.0,0.022
582.0,ue[2],0,0.0,0.0,0.0,0.0,0.5,1.0,0.0,0.0,0.0,0.02
273.0,ue[4],0,0.007,0.0106,0.033019,0.005,0.499083,0.906667,1.0,0.0,1.0,0.019
773.0,attacker[1],1,0.0,0.0,0.0,0.0,0.5,1.0,0.0,0.0,0.0,0.025
1187.0,ue[1],0,0.0,0.0,0.0,0.0,0.5,1.0,0.0,0.0,0.0,0.0
560.0,attacker[0],1,0.0,0.0,0.0,0.0,0.5,1.0,0.0,0.0,0.0,0.03
1008.0,ue[0],0,0.0,0.0,0.0,0.0,0.5,1.0,0.0,0.0,0.0,0.0
32.0,ue[2],0,0.012,0.0117,0.051282,0.001,0.499417,0.103333,1.0,0.014949,1.0,0.018
157.0,attacker[0],1,0.009,0.0152,0.029605,0.009,0.498083,0.52,1.0,0.0,1.0,0.027
121.0,ue[1],0,0.011,0.0098,0.056122,0.003,0.499417,0.4,1.0,0.0,1.0,0.022
884.0,attacker[0],1,0.0,0.0,0.0,0.0,0.5,1.0,0.0,0.0,0.0,0.0
77.0,ue[1],0,0.008,0.0093,0.043011,0.001,0.499917,0.253333,1.0,0.0,1.0,0.022
858.0,attacker[2],1,0.0,0.0,0.0,0.0,0.5,1.0,0.0,0.0,0.0,0.0
789.0,ue[0],0,0.0,0.0,0.0,0.0,0.5,1.0,0.0,0.0,0.0,0.013
745.0,ue[2],0,0.0,0.0,0.0,0.0,0.5,1.0,0.0,0.0,0.0,0.014
1135.0,attacker[1],1,0.0,0.0,0.0,0.0,0.5,1.0,0.0,0.0,0.0,0.0
627.0,attacker[2],1,0.0,0.0,0.0,0.0,0.5,1.0,0.0,0.0,0.0,0.03
1425.0,ue[4],0,0.0,0.0,0.0,0.0,0.5,1.0,0.0,0.0,0.0,0.0
1372.0,attacker[2],1,0.0,0.0,0.0,0.0,0.5,1.0,0.0,0.0,0.0,0.0
1070.0,ue[1],0,0.0,0.0,0.0,0.0,0.5,1.0,0.0,0.0,0.0,0.0
1348.0,ue[4],0,0.0,0.0,0.0,0.0,0.5,1.0,0.0,0.0,0.0,0.0
415.0,attacker[0],1,0.0,0.0,0.0,0.0,0.5,1.0,0.0,0.0,0.0,0.03
1274.0,attacker[2],1,0.0,0.0,0.0,0.0,0.5,1.0,0.0,0.0,0.0,0.0
1334.0,attacker[1],1,0.0,0.0,0.0,0.0,0.5,1.0,0.0,0.0,0.0,0.0
967.0,attacker[2],1,0.0,0.0,0.0,0.0,0.5,1.0,0.0,0.0,0.0,0.0
745.0,attacker[2],1,0.0,0.0,0.0,0.0,0.5,1.0,0.0,0.0,0.0,0.026
177.0,ue[3],0,0.012,0.0091,0.065934,0.006,0.499667,0.586667,1.0,0.0,1.0,0.017
879.0,attacker[1],1,0.0,0.0,0.0,0.0,0.5,1.0,0.0,0.0,0.0,0.0
1146.0,attacker[0],1,0.0,0.0,0.0,0.0,0.5,1.0,0.0,0.0,0.0,0.0
719.0,ue[2],0,0.0,0.0,0.0,0.0,0.5,1.0,0.0,0.0,0.0,0.02
1019.0,ue[1],0,0.0,0.0,0.0,0.0,0.5,1.0,0.0,0.0,0.0,0.0
16.0,ue[4],0,0.011,0.0105,0.052381,0.004,0.5015,0.05,1.0,0.0,0.566667,0.019
876.0,ue[4],0,0.0,0.0,0.0,0.0,0.5,1.0,0.0,0.0,0.0,0.0
312.0,attacker[2],1,0.0,0.0,0.0,0.0,0.5,1.0,0.4,0.0,0.0,0.03
725.0,ue[3],0,0.0,0.0,0.0,0.0,0.5,1.0,0.0,0.0,0.0,0.016
588.0,ue[2],0,0.0,0.0,0.0,0.0,0.5,1.0,0.0,0.0,0.0,0.02
506.0,ue[3],0,0.0,0.0,0.0,0.0,0.5,1.0,0.0,0.0,0.0,0.018
637.0,ue[1],0,0.0,0.0,0.0,0.0,0.5,1.0,0.0,0.0,0.0,0.02
981.0,ue[1],0,0.0,0.0,0.0,0.0,0.5,1.0,0.0,0.0,0.0,0.0
510.0,ue[4],0,0.0,0.0,0.0,0.0,0.5,1.0,0.0,0.0,0.0,0.019
919.0,attacker[0],1,0.0,0.0,0.0,0.0,0.5,1.0,0.0,0.0,0.0,0.0
190.0,attacker[2],1,0.013,0.0159,0.040881,0.005,0.50175,0.63,1.0,0.0,1.0,0.025
904.0,attacker[0],1,0.0,0.0,0.0,0.0,0.5,1.0,0.0,0.0,0.0,0.0
927.0,ue[3],0,0.0,0.0,0.0,0.0,0.5,1.0,0.0,0.0,0.0,0.0
1029.0,ue[0],0,0.0,0.0,0.0,0.0,0.5,1.0,0.0,0.0,0.0,0.0
1058.0,attacker[1],1,0.0,0.0,0.0,0.0,0.5,1.0,0.0,0.0,0.0,0.0
1146.0,attacker[2],1,0.0,0.0,0.0,0.0,0.5,1.0,0.0,0.0,0.0,0.0
9.0,ue[2],0,0.012,0.0092,0.065217,0.001,0.501583,0.026667,1.0,0.0,0.333333,0.015
360.0,attacker[0],1,0.0,0.0,0.0,0.0,0.5,1.0,0.0,0.0,0.0,0.03
420.0,ue[0],0,0.0,0.0,0.0,0.0,0.5,1.0,0.0,0.0,0.0,0.022
1381.0,attacker[2],1,0.0,0.0,0.0,0.0,0.5,1.0,0.0,0.0,0.0,0.0
572.0,ue[0],0,0.0,0.0,0.0,0.0,0.5,1.0,0.0,0.0,0.0,0.022
705.0,ue[1],0,0.0,0.0,0.0,0.0,0.5,1.0,0.0,0.0,0.0,0.018
532.0,attacker[1],1,0.0,0.0,0.0,0.0,0.5,1.0,0.0,0.0,0.0,0.029
137.0,ue[4],0,0.007,0.0091,0.038462,0.001,0.499917,0.453333,1.0,0.0,1.0,0.019
1452.0,ue[1],0,0.0,0.0,0.0,0.0,0.5,1.0,0.0,0.0,0.0,0.0
316.0,ue[2],0,0.0,0.0,0.0,0.0,0.5,1.0,0.266667,0.0,0.0,0.02
135.0,attacker[0],1,0.018,0.0159,0.056604,0.0,0.501,0.446667,1.0,0.149243,1.0,0.027
23.0,attacker[1],1,0.017,0.0169,0.050296,0.008,0.501833,0.073333,0.958333,0.2012,0.766667,0.029
1255.0,ue[2],0,0.0,0.0,0.0,0.0,0.5,1.0,0.0,0.0,0.0,0.0
1489.0,ue[4],0,0.0,0.0,0.0,0.0,0.5,1.0,0.0,0.0,0.0,0.0
204.0,attacker[1],1,0.019,0.017,0.055882,0.007,0.49975,0.676667,1.0,0.269047,1.0,0.029
1033.0,ue[0],0,0.0,0.0,0.0,0.0,0.5,1.0,0.0,0.0,0.0,0.0
1142.0,attacker[2],1,0.0,0.0,0.0,0.0,0.5,1.0,0.0,0.0,0.0,0.0
724.0,ue[2],0,0.0,0.0,0.0,0.0,0.5,1.0,0.0,0.0,0.0,0.02
1193.0,attacker[2],1,0.0,0.0,0.0,0.0,0.5,1.0,0.0,0.0,0.0,0.0
315.0,attacker[2],1,0.0,0.0,0.0,0.0,0.5,1.0,0.333333,0.0,0.0,0.03
1186.0,attacker[0],1,0.0,0.0,0.0,0.0,0.5,1.0,0.0,0.0,0.0,0.0
979.0,ue[0],0,0.0,0.0,0.0,0.0,0.5,1.0,0.0,0.0,0.0,0.0
1297.0,ue[0],0,0.0,0.0,0.0,0.0,0.5,1.0,0.0,0.0,0.0,0.0
998.0,attacker[2],1,0.0,0.0,0.0,0.0,0.5,1.0,0.0,0.0,0.0,0.0
886.0,attacker[0],1,0.0,0.0,0.0,0.0,0.5,1.0,0.0,0.0,0.0,0.0
424.0,attacker[0],1,0.0,0.0,0.0,0.0,0.5,1.0,0.0,0.0,0.0,0.03
661.0,attacker[0],1,0.0,0.0,0.0,0.0,0.5,1.0,0.0,0.0,0.0,0.03
1063.0,ue[0],0,0.0,0.0,0.0,0.0,0.5,1.0,0.0,0.0,0.0,0.0
652.0,ue[3],0,0.0,0.0,0.0,0.0,0.5,1.0,0.0,0.0,0.0,0.018
1271.0,ue[1],0,0.0,0.0,0.0,0.0,0.5,1.0,0.0,0.0,0.0,0.0
1241.0,ue[3],0,0.0,0.0,0.0,0.0,0.5,1.0,0.0,0.0,0.0,0.0
560.0,attacker[2],1,0.0,0.0,0.0,0.0,0.5,1.0,0.0,0.0,0.0,0.03
703.0,ue[1],0,0.0,0.0,0.0,0.0,0.5,1.0,0.0,0.0,0.0,0.018
655.0,attacker[1],1,0.0,0.0,0.0,0.0,0.5,1.0,0.0,0.0,0.0,0.025
1387.0,attacker[1],1,0.0,0.0,0.0,0.0,0.5,1.0,0.0,0.0,0.0,0.0
756.0,ue[4],0,0.0,0.0,0.0,0.0,0.5,1.0,0.0,0.0,0.0,0.018
1421.0,ue[2],0,0.0,0.0,0.0,0.0,0.5,1.0,0.0,0.0,0.0,0.0
1479.0,attacker[0],1,0.0,0.0,0.0,0.0,0.5,1.0,0.0,0.0,0.0,0.0
300.0,ue[2],0,0.0,0.0039,0.0,0.0,0.5,0.996667,0.8,0.0,0.0,0.02
87.0,ue[0],0,0.006,0.0108,0.027778,0.005,0.49725,0.286667,1.0,0.0,1.0,0.018
893.0,ue[3],0,0.0,0.0,0.0,0.0,0.5,1.0,0.0,0.0,0.0,0.0
399.0,ue[2],0,0.0,0.0,0.0,0.0,0.5,1.0,0.0,0.0,0.0,0.02
46.0,ue[4],0,0.008,0.0094,0.042553,0.003,0.50025,0.15,1.0,0.0,1.0,0.019
588.0,attacker[2],1,0.0,0.0,0.0,0.0,0.5,1.0,0.0,0.0,0.0,0.03
1111.0,ue[3],0,0.0,0.0,0.0,0.0,0.5,1.0,0.0,0.0,0.0,0.0
1272.0,attacker[0],1,0.0,0.0,0.0,0.0,0.5,1.0,0.0,0.0,0.0,0.0
204.0,ue[4],0,0.011,0.0123,0.044715,0.003,0.499583,0.676667,1.0,0.0,1.0,0.019
415.0,ue[4],0,0.0,0.0,0.0,0.0,0.5,1.0,0.0,0.0,0.0,0.019
730.0,ue[4],0,0.0,0.0,0.0,0.0,0.5,1.0,0.0,0.0,0.0,0.018
478.0,attacker[1],1,0.0,0.0,0.0,0.0,0.5,1.0,0.0,0.0,0.0,0.029
1309.0,ue[0],0,0.0,0.0,0.0,0.0,0.5,1.0,0.0,0.0,0.0,0.0
267.0,attacker[2],1,0.022,0.0169,0.065089,0.006,0.501667,0.886667,1.0,0.327203,1.0,0.03
64.0,attacker[2],1,0.017,0.0157,0.05414,0.004,0.503167,0.21,1.0,0.305313,1.0,0.025
377.0,attacker[0],1,0.0,0.0,0.0,0.0,0.5,1.0,0.0,0.0,0.0,0.03
840.0,ue[1],0,0.0,0.0,0.0,0.0,0.5,1.0,0.0,0.0,0.0,0.0
320.0,ue[3],0,0.0,0.0,0.0,0.0,0.5,1.0,0.133333,0.0,0.0,0.018
560.0,ue[4],0,0.0,0.0,0.0,0.0,0.5,1.0,0.0,0.0,0.0,0.019
1339.0,attacker[2],1,0.0,0.0,0.0,0.0,0.5,1.0,0.0,0.0,0.0,0.0
1386.0,attacker[2],1,0.0,0.0,0.0,0.0,0.5,1.0,0.0,0.0,0.0,0.0
970.0,ue[3],0,0.0,0.0,0.0,0.0,0.5,1.0,0.0,0.0,0.0,0.0
47.0,ue[4],0,0.015,0.0098,0.076531,0.007,0.50075,0.153333,1.0,0.078087,1.0,0.019
366.0,ue[4],0,0.0,0.0,0.0,0.0,0.5,1.0,0.0,0.0,0.0,0.019
1226.0,ue[2],0,0.0,0.0,0.0,0.0,0.5,1.0,0.0,0.0,0.0,0.0
487.0,ue[1],0,0.0,0.0,0.0,0.0,0.5,1.0,0.0,0.0,0.0,0.022
355.0,attacker[2],1,0.0,0.0,0.0,0.0,0.5,1.0,0.0,0.0,0.0,0.03
1292.0,ue[3],0,0.0,0.0,0.0,0.0,0.5,1.0,0.0,0.0,0.0,0.0
1093.0,attacker[2],1,0.0,0.0,0.0,0.0,0.5,1.0,0.0,0.0,0.0,0.0
917.0,attacker[0],1,0.0,0.0,0.0,0.0,0.5,1.0,0.0,0.0,0.0,0.0
67.0,ue[0],0,0.013,0.0089,0.073034,0.005,0.501583,0.22,1.0,0.011644,1.0,0.018
1358.0,attacker[1],1,0.0,0.0,0.0,0.0,0.5,1.0,0.0,0.0,0.0,0.0
436.0,ue[3],0,0.0,0.0,0.0,0.0,0.5,1.0,0.0,0.0,0.0,0.018
84.0,ue[3],0,0.011,0.0119,0.046218,0.006,0.497167,0.276667,1.0,0.0,1.0,0.016
288.0,ue[1],0,0.013,0.0101,0.064356,0.003,0.50175,0.956667,1.0,0.012427,1.0,0.022
262.0,ue[4],0,0.012,0.0112,0.053571,0.001,0.499583,0.87,1.0,0.0,1.0,0.019
1210.0,ue[1],0,0.0,0.0,0.0,0.0,0.5,1.0,0.0,0.0,0.0,0.0
868.0,ue[2],0,0.0,0.0,0.0,0.0,0.5,1.0,0.0,0.0,0.0,0.0
508.0,attacker[1],1,0.0,0.0,0.0,0.0,0.5,1.0,0.0,0.0,0.0,0.029
1340.0,attacker[0],1,0.0,0.0,0.0,0.0,0.5,1.0,0.0,0.0,0.0,0.0
1477.0,ue[2],0,0.0,0.0,0.0,0.0,0.5,1.0,0.0,0.0,0.0,0.0
819.0,ue[2],0,0.0,0.0,0.0,0.0,0.5,1.0,0.0,0.0,0.0,0.0
12.0,ue[4],0,0.009,0.0112,0.040179,0.002,0.499167,0.036667,1.0,0.0,0.433333,0.019
639.0,attacker[2],1,0.0,0.0,0.0,0.0,0.5,1.0,0.0,0.0,0.0,0.03
1495.0,attacker[1],1,0.0,0.0,0.0,0.0,0.5,1.0,0.0,0.0,0.0,0.0
308.0,ue[2],0,0.0,0.0,0.0,0.0,0.5,1.0,0.533333,0.0,0.0,0.02
195.0,attacker[1],1,0.012,0.0175,0.034286,0.003,0.497083,0.646667,1.0,0.0,1.0,0.029
484.0,ue[3],0,0.0,0.0,0.0,0.0,0.5,1.0,0.0,0.0,0.0,0.018
638.0,attacker[0],1,0.0,0.0,0.0,0.0,0.5,1.0,0.0,0.0,0.0,0.03
1168.0,attacker[0],1,0.0,0.0,0.0,0.0,0.5,1.0,0.0,0.0,0.0,0.0
1409.0,attacker[0],1,0.0,0.0,0.0,0.0,0.5,1.0,0.0,0.0,0.0,0.0
537.0,attacker[0],1,0.0,0.0,0.0,0.0,0.5,1.0,0.0,0.0,0.0,0.03
1217.0,attacker[0],1,0.0,0.0,0.0,0.0,0.5,1.0,0.0,0.0,0.0,0.0
722.0,ue[4],0,0.0,0.0,0.0,0.0,0.5,1.0,0.0,0.0,0.0,0.018
451.0,attacker[0],1,0.0,0.0,0.0,0.0,0.5,1.0,0.0,0.0,0.0,0.03
57.0,ue[2],0,0.008,0.0091,0.043956,0.002,0.5005,0.186667,1.0,0.0,1.0,0.018
999.0,ue[0],0,0.0,0.0,0.0,0.0,0.5,1.0,0.0,0.0,0.0,0.0
436.0,attacker[1],1,0.0,0.0,0.0,0.0,0.5,1.0,0.0,0.0,0.0,0.029
365.0,ue[0],0,0.0,0.0,0.0,0.0,0.5,1.0,0.0,0.0,0.0,0.022
1170.0,ue[3],0,0.0,0.0,0.0,0.0,0.5,1.0,0.0,0.0,0.0,0.0
1335.0,attacker[1],1,0.0,0.0,0.0,0.0,0.5,1.0,0.0,0.0,0.0,0.0
379.0,attacker[2],1,0.0,0.0,0.0,0.0,0.5,1.0,0.0,0.0,0.0,0.03
1021.0,attacker[1],1,0.0,0.0,0.0,0.0,0.5,1.0,0.0,0.0,0.0,0.0
1489.0,attacker[0],1,0.0,0.0,0.0,0.0,0.5,1.0,0.0,0.0,0.0,0.0
673.0,ue[3],0,0.0,0.0,0.0,0.0,0.5,1.0,0.0,0.0,0.0,0.018
1004.0,attacker[1],1,0.0,0.0,0.0,0.0,0.5,1.0,0.0,0.0,0.0,0.0
704.0,ue[3],0,0.0,0.0,0.0,0.0,0.5,1.0,0.0,0.0,0.0,0.018
342.0,ue[3],0,0.0,0.0,0.0,0.0,0.5,1.0,0.0,0.0,0.0,0.018
602.0,ue[2],0,0.0,0.0,0.0,0.0,0.5,1.0,0.0,0.0,0.0,0.02
5.0,attacker[0],1,0.014,0.012833,0.054545,0.006,0.501333,0.013333,0.833333,0.099228,0.166667,0.02
51.0,attacker[0],1,0.024,0.0186,0.064516,0.012,0.498833,0.166667,1.0,0.433526,1.0,0.027
1001.0,ue[0],0,0.0,0.0,0.0,0.0,0.5,1.0,0.0,0.0,0.0,0.0
93.0,attacker[2],1,0.014,0.0139,0.05036,0.004,0.498167,0.306667,1.0,0.144979,1.0,0.025
78.0,attacker[1],1,0.018,0.0176,0.051136,0.001,0.50075,0.256667,1.0,0.339467,1.0,0.029
758.0,ue[0],0,0.0,0.0,0.0,0.0,0.5,1.0,0.0,0.0,0.0,0.022
1206.0,ue[1],0,0.0,0.0,0.0,0.0,0.5,1.0,0.0,0.0,0.0,0.0
1494.0,attacker[1],1,0.0,0.0,0.0,0.0,0.5,1.0,0.0,0.0,0.0,0.0
873.0,attacker[2],1,0.0,0.0,0.0,0.0,0.5,1.0,0.0,0.0,0.0,0.0
139.0,attacker[0],1,0.018,0.0151,0.059603,0.008,0.5,0.46,1.0,0.129865,1.0,0.027
362.0,attacker[1],1,0.0,0.0,0.0,0.0,0.5,1.0,0.0,0.0,0.0,0.029
811.0,ue[4],0,0.0,0.0,0.0,0.0,0.5,1.0,0.0,0.0,0.0,0.0
456.0,ue[4],0,0.0,0.0,0.0,0.0,0.5,1.0,0.0,0.0,0.0,0.019
1398.0,ue[0],0,0.0,0.0,0.0,0.0,0.5,1.0,0.0,0.0,0.0,0.0
1164.0,attacker[0],1,0.0,0.0,0.0,0.0,0.5,1.0,0.0,0.0,0.0,0.0
1091.0,ue[1],0,0.0,0.0,0.0,0.0,0.5,1.0,0.0,0.0,0.0,0.0
1028.0,ue[2],0,0.0,0.0,0.0,0.0,0.5,1.0,0.0,0.0,0.0,0.0
125.0,ue[0],0,0.013,0.0104,0.0625,0.003,0.500583,0.413333,1.0,0.07316,1.0,0.018
711.0,attacker[1],1,0.0,0.0,0.0,0.0,0.5,1.0,0.0,0.0,0.0,0.025
114.0,attacker[2],1,0.011,0.0163,0.033742,0.005,0.49775,0.376667,1.0,0.0,1.0,0.025
299.0,ue[2],0,0.0,0.0046,0.0,0.0,0.5,0.993333,0.833333,0.0,0.0,0.02
797.0,ue[0],0,0.0,0.0,0.0,0.0,0.5,1.0,0.0,0.0,0.0,0.0
590.0,attacker[1],1,0.0,0.0,0.0,0.0,0.5,1.0,0.0,0.0,0.0,0.029
504.0,ue[3],0,0.0,0.0,0.0,0.0,0.5,1.0,0.0,0.0,0.0,0.018
689.0,attacker[1],1,0.0,0.0,0.0,0.0,0.5,1.0,0.0,0.0,0.0,0.025
760.0,ue[0],0,0.0,0.0,0.0,0.0,0.5,1.0,0.0,0.0,0.0,0.022
712.0,attacker[1],1,0.0,0.0,0.0,0.0,0.5,1.0,0.0,0.0,0.0,0.025
105.0,ue[2],0,0.01,0.0094,0.053191,0.004,0.498,0.346667,1.0,0.0,1.0,0.018
834.0,ue[2],0,0.0,0.0,0.0,0.0,0.5,1.0,0.0,0.0,0.0,0.0
638.0,ue[1],0,0.0,0.0,0.0,0.0,0.5,1.0,0.0,0.0,0.0,0.02
17.0,ue[4],0,0.012,0.0104,0.057692,0.001,0.49975,0.053333,1.0,0.0,0.6,0.019
700.0,ue[4],0,0.0,0.0,0.0,0.0,0.5,1.0,0.0,0.0,0.0,0.018
1369.0,attacker[2],1,0.0,0.0,0.0,0.0,0.5,1.0,0.0,0.0,0.0,0.0
590.0,ue[4],0,0.0,0.0,0.0,0.0,0.5,1.0,0.0,0.0,0.0,0.019
635.0,ue[2],0,0.0,0.0,0.0,0.0,0.5,1.0,0.0,0.0,0.0,0.02
120.0,attacker[1],1,0.014,0.0156,0.044872,0.006,0.499667,0.396667,1.0,0.077589,1.0,0.029
1004.0,ue[4],0,0.0,0.0,0.0,0.0,0.5,1.0,0.0,0.0,0.0,0.0
424.0,ue[0],0,0.0,0.0,0.0,0.0,0.5,1.0,0.0,0.0,0.0,0.022
973.0,ue[1],0,0.0,0.0,0.0,0.0,0.5,1.0,0.0,0.0,0.0,0.0
123.0,ue[3],0,0.011,0.0094,0.058511,0.003,0.50175,0.406667,1.0,0.0,1.0,0.017
1203.0,ue[0],0,0.0,0.0,0.0,0.0,0.5,1.0,0.0,0.0,0.0,0.0
930.0,ue[3],0,0.0,0.0,0.0,0.0,0.5,1.0,0.0,0.0,0.0,0.0
1452.0,ue[2],0,0.0,0.0,0.0,0.0,0.5,1.0,0.0,0.0,0.0,0.0
409.0,attacker[2],1,0.0,0.0,0.0,0.0,0.5,1.0,0.0,0.0,0.0,0.03
653.0,attacker[0],1,0.0,0.0,0.0,0.0,0.5,1.0,0.0,0.0,0.0,0.03
36.0,ue[2],0,0.009,0.0108,0.041667,0.007,0.50225,0.116667,1.0,0.0,1.0,0.018
430.0,ue[0],0,0.0,0.0,0.0,0.0,0.5,1.0,0.0,0.0,0.0,0.022
565.0,ue[0],0,0.0,0.0,0.0,0.0,0.5,1.0,0.0,0.0,0.0,0.022
1248.0,ue[2],0,0.0,0.0,0.0,0.0,0.5,1.0,0.0,0.0,0.0,0.0
1383.0,ue[3],0,0.0,0.0,0.0,0.0,0.5,1.0,0.0,0.0,0.0,0.0
751.0,ue[3],0,0.0,0.0,0.0,0.0,0.5,1.0,0.0,0.0,0.0,0.016
982.0,ue[4],0,0.0,0.0,0.0,0.0,0.5,1.0,0.0,0.0,0.0,0.0
919.0,ue[1],0,0.0,0.0,0.0,0.0,0.5,1.0,0.0,0.0,0.0,0.0
21.0,ue[0],0,0.007,0.0088,0.039773,0.003,0.496583,0.066667,1.0,0.0,0.733333,0.018
628.0,ue[4],0,0.0,0.0,0.0,0.0,0.5,1.0,0.0,0.0,0.0,0.018
864.0,ue[2],0,0.0,0.0,0.0,0.0,0.5,1.0,0.0,0.0,0.0,0.0
457.0,attacker[2],1,0.0,0.0,0.0,0.0,0.5,1.0,0.0,0.0,0.0,0.03
557.0,ue[4],0,0.0,0.0,0.0,0.0,0.5,1.0,0.0,0.0,0.0,0.019
1326.0,ue[0],0,0.0,0.0,0.0,0.0,0.5,1.0,0.0,0.0,0.0,0.0
277.0,ue[3],0,0.015,0.0097,0.07732,0.003,0.50225,0.92,1.0,0.192617,1.0,0.018
225.0,ue[4],0,0.007,0.0084,0.041667,0.004,0.498667,0.746667,1.0,0.0,1.0,0.019
578.0,attacker[2],1,0.0,0.0,0.0,0.0,0.5,1.0,0.0,0.0,0.0,0.03
1410.0,ue[1],0,0.0,0.0,0.0,0.0,0.5,1.0,0.0,0.0,0.0,0.0
719.0,ue[3],0,0.0,0.0,0.0,0.0,0.5,1.0,0.0,0.0,0.0,0.018
593.0,ue[0],0,0.0,0.0,0.0,0.0,0.5,1.0,0.0,0.0,0.0,0.022
1351.0,ue[0],0,0.0,0.0,0.0,0.0,0.5,1.0,0.0,0.0,0.0,0.0
193.0,ue[0],0,0.011,0.0098,0.056122,0.0,0.500167,0.64,1.0,0.0,1.0,0.018
1208.0,attacker[0],1,0.0,0.0,0.0,0.0,0.5,1.0,0.0,0.0,0.0,0.0
159.0,ue[0],0,0.018,0.01,0.09,0.007,0.502417,0.526667,1.0,0.188129,1.0,0.018
1304.0,ue[4],0,0.0,0.0,0.0,0.0,0.5,1.0,0.0,0.0,0.0,0.0
1431.0,ue[2],0,0.0,0.0,0.0,0.0,0.5,1.0,0.0,0.0,0.0,0.0
1396.0,ue[1],0,0.0,0.0,0.0,0.0,0.5,1.0,0.0,0.0,0.0,0.0
1104.0,ue[1],0,0.0,0.0,0.0,0.0,0.5,1.0,0.0,0.0,0.0,0.0
218.0,attacker[1],1,0.009,0.0152,0.029605,0.01,0.498833,0.723333,1.0,0.0,1.0,0.029
742.0,ue[0],0,0.0,0.0,0.0,0.0,0.5,1.0,0.0,0.0,0.0,0.022
1246.0,ue[3],0,0.0,0.0,0.0,0.0,0.5,1.0,0.0,0.0,0.0,0.0
202.0,ue[1],0,0.008,0.01,0.04,0.002,0.4995,0.67,1.0,0.0,1.0,0.022
844.0,ue[2],0,0.0,0.0,0.0,0.0,0.5,1.0,0.0,0.0,0.0,0.0
571.0,ue[4],0,0.0,0.0,0.0,0.0,0.5,1.0,0.0,0.0,0.0,0.019
672.0,ue[4],0,0.0,0.0,0.0,0.0,0.5,1.0,0.0,0.0,0.0,0.018
466.0,ue[3],0,0.0,0.0,0.0,0.0,0.5,1.0,0.0,0.0,0.0,0.018
1480.0,attacker[0],1,0.0,0.0,0.0,0.0,0.5,1.0,0.0,0.0,0.0,0.0
1017.0,attacker[0],1,0.0,0.0,0.0,0.0,0.5,1.0,0.0,0.0,0.0,0.0
1465.0,ue[1],0,0.0,0.0,0.0,0.0,0.5,1.0,0.0,0.0,0.0,0.0
1412.0,attacker[1],1,0.0,0.0,0.0,0.0,0.5,1.0,0.0,0.0,0.0,0.0
304.0,ue[3],0,0.0,0.0,0.0,0.0,0.5,1.0,0.666667,0.0,0.0,0.018
961.0,attacker[2],1,0.0,0.0,0.0,0.0,0.5,1.0,0.0,0.0,0.0,0.0
844.0,ue[0],0,0.0,0.0,0.0,0.0,0.5,1.0,0.0,0.0,0.0,0.0
1382.0,ue[3],0,0.0,0.0,0.0,0.0,0.5,1.0,0.0,0.0,0.0,0.0
555.0,ue[2],0,0.0,0.0,0.0,0.0,0.5,1.0,0.0,0.0,0.0,0.02
1151.0,ue[2],0,0.0,0.0,0.0,0.0,0.5,1.0,0.0,0.0,0.0,0.0
1000.0,ue[0],0,0.0,0.0,0.0,0.0,0.5,1.0,0.0,0.0,0.0,0.0
1407.0,ue[4],0,0.0,0.0,0.0,0.0,0.5,1.0,0.0,0.0,0.0,0.0
1046.0,attacker[0],1,0.0,0.0,0.0,0.0,0.5,1.0,0.0,0.0,0.0,0.0
475.0,ue[0],0,0.0,0.0,0.0,0.0,0.5,1.0,0.0,0.0,0.0,0.022
226.0,ue[1],0,0.013,0.0107,0.060748,0.004,0.500667,0.75,1.0,0.013515,1.0,0.022
1323.0,ue[3],0,0.0,0.0,0.0,0.0,0.5,1.0,0.0,0.0,0.0,0.0
397.0,attacker[2],1,0.0,0.0,0.0,0.0,0.5,1.0,0.0,0.0,0.0,0.03
198.0,attacker[2],1,0.021,0.0158,0.066456,0.006,0.502,0.656667,1.0,0.268538,1.0,0.025
608.0,attacker[1],1,0.0,0.0,0.0,0.0,0.5,1.0,0.0,0.0,0.0,0.029
1328.0,ue[1],0,0.0,0.0,0.0,0.0,0.5,1.0,0.0,0.0,0.0,0.0
822.0,attacker[0],1,0.0,0.0,0.0,0.0,0.5,1.0,0.0,0.0,0.0,0.0
1476.0,attacker[0],1,0.0,0.0,0.0,0.0,0.5,1.0,0.0,0.0,0.0,0.0
1158.0,attacker[1],1,0.0,0.0,0.0,0.0,0.5,1.0,0.0,0.0,0.0,0.0
811.0,ue[2],0,0.0,0.0,0.0,0.0,0.5,1.0,0.0,0.0,0.0,0.0
7.0,ue[2],0,0.009,0.008625,0.052174,0.003,0.49825,0.02,1.0,0.0,0.266667,0.015
132.0,ue[3],0,0.011,0.0102,0.053922,0.002,0.499833,0.436667,1.0,0.0,1.0,0.017
6.0,ue[3],0,0.01,0.009571,0.052239,0.0,0.499667,0.016667,1.0,0.0,0.233333,0.014
1190.0,ue[1],0,0.0,0.0,0.0,0.0,0.5,1.0,0.0,0.0,0.0,0.0
1320.0,ue[1],0,0.0,0.0,0.0,0.0,0.5,1.0,0.0,0.0,0.0,0.0
19.0,ue[0],0,0.01,0.0105,0.047619,0.003,0.501083,0.06,1.0,0.0,0.666667,0.018
1168.0,ue[2],0,0.0,0.0,0.0,0.0,0.5,1.0,0.0,0.0,0.0,0.0
1412.0,attacker[2],1,0.0,0.0,0.0,0.0,0.5,1.0,0.0,0.0,0.0,0.0
38.0,ue[1],0,0.012,0.0105,0.057143,0.002,0.499833,0.123333,1.0,0.0,1.0,0.017
607.0,attacker[0],1,0.0,0.0,0.0,0.0,0.5,1.0,0.0,0.0,0.0,0.03
480.0,ue[3],0,0.0,0.0,0.0,0.0,0.5,1.0,0.0,0.0,0.0,0.018
82.0,attacker[0],1,0.018,0.0185,0.048649,0.001,0.500083,0.27,1.0,0.196899,1.0,0.027
1227.0,attacker[1],1,0.0,0.0,0.0,0.0,0.5,1.0,0.0,0.0,0.0,0.0
1384.0,attacker[0],1,0.0,0.0,0.0,0.0,0.5,1.0,0.0,0.0,0.0,0.0
1221.0,ue[1],0,0.0,0.0,0.0,0.0,0.5,1.0,0.0,0.0,0.0,0.0
736.0,ue[3],0,0.0,0.0,0.0,0.0,0.5,1.0,0.0,0.0,0.0,0.016
360.0,ue[3],0,0.0,0.0,0.0,0.0,0.5,1.0,0.0,0.0,0.0,0.018
916.0,ue[4],0,0.0,0.0,0.0,0.0,0.5,1.0,0.0,0.0,0.0,0.0
761.0,attacker[2],1,0.0,0.0,0.0,0.0,0.5,1.0,0.0,0.0,0.0,0.026
1383.0,attacker[0],1,0.0,0.0,0.0,0.0,0.5,1.0,0.0,0.0,0.0,0.0
852.0,ue[2],0,0.0,0.0,0.0,0.0,0.5,1.0,0.0,0.0,0.0,0.0
1274.0,ue[2],0,0.0,0.0,0.0,0.0,0.5,1.0,0.0,0.0,0.0,0.0
226.0,attacker[1],1,0.017,0.0153,0.055556,0.004,0.498667,0.75,1.0,0.229751,1.0,0.029
218.0,ue[0],0,0.006,0.0102,0.029412,0.004,0.498667,0.723333,1.0,0.0,1.0,0.018
604.0,attacker[2],1,0.0,0.0,0.0,0.0,0.5,1.0,0.0,0.0,0.0,0.03
124.0,ue[4],0,0.011,0.0098,0.056122,0.002,0.5005,0.41,1.0,0.0,1.0,0.019
1391.0,ue[3],0,0.0,0.0,0.0,0.0,0.5,1.0,0.0,0.0,0.0,0.0
1210.0,ue[3],0,0.0,0.0,0.0,0.0,0.5,1.0,0.0,0.0,0.0,0.0
587.0,attacker[1],1,0.0,0.0,0.0,0.0,0.5,1.0,0.0,0.0,0.0,0.029
1022.0,ue[0],0,0.0,0.0,0.0,0.0,0.5,1.0,0.0,0.0,0.0,0.0
1048.0,ue[4],0,0.0,0.0,0.0,0.0,0.5,1.0,0.0,0.0,0.0,0.0
446.0,attacker[1],1,0.0,0.0,0.0,0.0,0.5,1.0,0.0,0.0,0.0,0.029
721.0,attacker[0],1,0.0,0.0,0.0,0.0,0.5,1.0,0.0,0.0,0.0,0.03
887.0,attacker[1],1,0.0,0.0,0.0,0.0,0.5,1.0,0.0,0.0,0.0,0.0
1291.0,ue[4],0,0.0,0.0,0.0,0.0,0.5,1.0,0.0,0.0,0.0,0.0
891.0,attacker[0],1,0.0,0.0,0.0,0.0,0.5,1.0,0.0,0.0,0.0,0.0
1005.0,ue[0],0,0.0,0.0,0.0,0.0,0.5,1.0,0.0,0.0,0.0,0.0
126.0,attacker[1],1,0.022,0.0176,0.0625,0.01,0.499667,0.416667,1.0,0.301562,1.0,0.029
1444.0,ue[2],0,0.0,0.0,0.0,0.0,0.5,1.0,0.0,0.0,0.0,0.0
615.0,attacker[1],1,0.0,0.0,0.0,0.0,0.5,1.0,0.0,0.0,0.0,0.029
174.0,ue[0],0,0.005,0.0098,0.02551,0.002,0.496833,0.576667,1.0,0.0,1.0,0.018
154.0,ue[2],0,0.005,0.0104,0.024038,0.006,0.4985,0.51,1.0,0.0,1.0,0.018
1099.0,ue[3],0,0.0,0.0,0.0,0.0,0.5,1.0,0.0,0.0,0.0,0.0
1211.0,ue[4],0,0.0,0.0,0.0,0.0,0.5,1.0,0.0,0.0,0.0,0.0
619.0,ue[1],0,0.0,0.0,0.0,0.0,0.5,1.0,0.0,0.0,0.0,0.02
499.0,ue[3],0,0.0,0.0,0.0,0.0,0.5,1.0,0.0,0.0,0.0,0.018
990.0,attacker[0],1,0.0,0.0,0.0,0.0,0.5,1.0,0.0,0.0,0.0,0.0
7.0,ue[3],0,0.007,0.00925,0.037838,0.003,0.499417,0.02,1.0,0.0,0.266667,0.014
65.0,ue[1],0,0.011,0.0115,0.047826,0.0,0.498,0.213333,1.0,0.0,1.0,0.022
79.0,attacker[2],1,0.015,0.0155,0.048387,0.002,0.500167,0.26,1.0,0.032292,1.0,0.025
1055.0,ue[4],0,0.0,0.0,0.0,0.0,0.5,1.0,0.0,0.0,0.0,0.0
875.0,ue[4],0,0.0,0.0,0.0,0.0,0.5,1.0,0.0,0.0,0.0,0.0
98.0,attacker[2],1,0.014,0.0155,0.045161,0.002,0.4985,0.323333,1.0,0.061199,1.0,0.025
1153.0,ue[2],0,0.0,0.0,0.0,0.0,0.5,1.0,0.0,0.0,0.0,0.0
607.0,attacker[2],1,0.0,0.0,0.0,0.0,0.5,1.0,0.0,0.0,0.0,0.03
156.0,attacker[1],1,0.01,0.015,0.033333,0.006,0.499167,0.516667,1.0,0.0,1.0,0.029
1244.0,ue[4],0,0.0,0.0,0.0,0.0,0.5,1.0,0.0,0.0,0.0,0.0
255.0,attacker[1],1,0.02,0.0179,0.055866,0.001,0.499917,0.846667,1.0,0.359738,1.0,0.029
1327.0,ue[1],0,0.0,0.0,0.0,0.0,0.5,1.0,0.0,0.0,0.0,0.0
966.0,attacker[0],1,0.0,0.0,0.0,0.0,0.5,1.0,0.0,0.0,0.0,0.0
333.0,attacker[2],1,0.0,0.0,0.0,0.0,0.5,1.0,0.0,0.0,0.0,0.03
163.0,ue[3],0,0.008,0.0102,0.039216,0.003,0.49975,0.54,1.0,0.0,1.0,0.017
314.0,ue[1],0,0.0,0.0,0.0,0.0,0.5,1.0,0.333333,0.0,0.0,0.022
1081.0,ue[4],0,0.0,0.0,0.0,0.0,0.5,1.0,0.0,0.0,0.0,0.0
598.0,attacker[0],1,0.0,0.0,0.0,0.0,0.5,1.0,0.0,0.0,0.0,0.03
966.0,ue[0],0,0.0,0.0,0.0,0.0,0.5,1.0,0.0,0.0,0.0,0.0
1066.0,ue[2],0,0.0,0.0,0.0,0.0,0.5,1.0,0.0,0.0,0.0,0.0
1081.0,attacker[1],1,0.0,0.0,0.0,0.0,0.5,1.0,0.0,0.0,0.0,0.0
217.0,ue[0],0,0.01,0.0105,0.047619,0.003,0.500583,0.72,1.0,0.0,1.0,0.018
1072.0,ue[4],0,0.0,0.0,0.0,0.0,0.5,1.0,0.0,0.0,0.0,0.0
618.0,attacker[1],1,0.0,0.0,0.0,0.0,0.5,1.0,0.0,0.0,0.0,0.029
585.0,ue[1],0,0.0,0.0,0.0,0.0,0.5,1.0,0.0,0.0,0.0,0.02
521.0,ue[4],0,0.0,0.0,0.0,0.0,0.5,1.0,0.0,0.0,0.0,0.019
653.0,ue[4],0,0.0,0.0,0.0,0.0,0.5,1.0,0.0,0.0,0.0,0.018
189.0,ue[0],0,0.011,0.0091,0.06044,0.005,0.499583,0.626667,1.0,0.0,1.0,0.018
1317.0,attacker[1],1,0.0,0.0,0.0,0.0,0.5,1.0,0.0,0.0,0.0,0.0
107.0,ue[1],0,0.011,0.0097,0.056701,0.005,0.500083,0.353333,1.0,0.0,1.0,0.022
612.0,attacker[0],1,0.0,0.0,0.0,0.0,0.5,1.0,0.0,0.0,0.0,0.03
921.0,ue[0],0,0.0,0.0,0.0,0.0,0.5,1.0,0.0,0.0,0.0,0.0
827.0,ue[3],0,0.0,0.0,0.0,0.0,0.5,1.0,0.0,0.0,0.0,0.0
286.0,ue[1],0,0.006,0.0092,0.032609,0.002,0.497833,0.95,1.0,0.0,1.0,0.022
362.0,attacker[0],1,0.0,0.0,0.0,0.0,0.5,1.0,0.0,0.0,0.0,0.03
354.0,ue[4],0,0.0,0.0,0.0,0.0,0.5,1.0,0.0,0.0,0.0,0.019
1139.0,ue[4],0,0.0,0.0,0.0,0.0,0.5,1.0,0.0,0.0,0.0,0.0
108.0,attacker[2],1,0.016,0.015,0.053333,0.001,0.499917,0.356667,1.0,0.118946,1.0,0.025
1189.0,ue[4],0,0.0,0.0,0.0,0.0,0.5,1.0,0.0,0.0,0.0,0.0
334.0,ue[0],0,0.0,0.0,0.0,0.0,0.5,1.0,0.0,0.0,0.0,0.022
381.0,ue[2],0,0.0,0.0,0.0,0.0,0.5,1.0,0.0,0.0,0.0,0.02
357.0,ue[2],0,0.0,0.0,0.0,0.0,0.5,1.0,0.0,0.0,0.0,0.02
1119.0,attacker[0],1,0.0,0.0,0.0,0.0,0.5,1.0,0.0,0.0,0.0,0.0
1047.0,attacker[2],1,0.0,0.0,0.0,0.0,0.5,1.0,0.0,0.0,0.0,0.0
878.0,ue[3],0,0.0,0.0,0.0,0.0,0.5,1.0,0.0,0.0,0.0,0.0
924.0,ue[1],0,0.0,0.0,0.0,0.0,0.5,1.0,0.0,0.0,0.0,0.0
550.0,ue[4],0,0.0,0.0,0.0,0.0,0.5,1.0,0.0,0.0,0.0,0.019
966.0,ue[2],0,0.0,0.0,0.0,0.0,0.5,1.0,0.0,0.0,0.0,0.0
440.0,attacker[1],1,0.0,0.0,0.0,0.0,0.5,1.0,0.0,0.0,0.0,0.029
953.0,ue[3],0,0.0,0.0,0.0,0.0,0.5,1.0,0.0,0.0,0.0,0.0
908.0,attacker[0],1,0.0,0.0,0.0,0.0,0.5,1.0,0.0,0.0,0.0,0.0
697.0,attacker[1],1,0.0,0.0,0.0,0.0,0.5,1.0,0.0,0.0,0.0,0.025
396.0,attacker[1],1,0.0,0.0,0.0,0.0,0.5,1.0,0.0,0.0,0.0,0.029
1109.0,attacker[0],1,0.0,0.0,0.0,0.0,0.5,1.0,0.0,0.0,0.0,0.0
424.0,attacker[1],1,0.0,0.0,0.0,0.0,0.5,1.0,0.0,0.0,0.0,0.029
342.0,ue[4],0,0.0,0.0,0.0,0.0,0.5,1.0,0.0,0.0,0.0,0.019
606.0,attacker[2],1,0.0,0.0,0.0,0.0,0.5,1.0,0.0,0.0,0.0,0.03
105.0,ue[1],0,0.012,0.0101,0.059406,0.003,0.500417,0.346667,1.0,0.0,1.0,0.022
1305.0,ue[4],0,0.0,0.0,0.0,0.0,0.5,1.0,0.0,0.0,0.0,0.0
179.0,attacker[2],1,0.013,0.0155,0.041935,0.004,0.5,0.593333,1.0,0.102069,1.0,0.025
1421.0,ue[0],0,0.0,0.0,0.0,0.0,0.5,1.0,0.0,0.0,0.0,0.0
59.0,ue[0],0,0.008,0.0107,0.037383,0.001,0.499417,0.193333,1.0,0.0,1.0,0.018
1178.0,ue[0],0,0.0,0.0,0.0,0.0,0.5,1.0,0.0,0.0,0.0,0.0
121.0,ue[2],0,0.009,0.0108,0.041667,0.001,0.497583,0.4,1.0,0.0,1.0,0.018
1492.0,ue[0],0,0.0,0.0,0.0,0.0,0.5,1.0,0.0,0.0,0.0,0.0
184.0,attacker[0],1,0.021,0.0176,0.059659,0.001,0.50175,0.61,1.0,0.265009,1.0,0.027
221.0,ue[4],0,0.009,0.0102,0.044118,0.002,0.500333,0.733333,1.0,0.0,1.0,0.019
1374.0,attacker[1],1,0.0,0.0,0.0,0.0,0.5,1.0,0.0,0.0,0.0,0.0
439.0,ue[1],0,0.0,0.0,0.0,0.0,0.5,1.0,0.0,0.0,0.0,0.022
894.0,attacker[1],1,0.0,0.0,0.0,0.0,0.5,1.0,0.0,0.0,0.0,0.0
352.0,ue[0],0,0.0,0.0,0.0,0.0,0.5,1.0,0.0,0.0,0.0,0.022
449.0,ue[2],0,0.0,0.0,0.0,0.0,0.5,1.0,0.0,0.0,0.0,0.02
988.0,attacker[2],1,0.0,0.0,0.0,0.0,0.5,1.0,0.0,0.0,0.0,0.0
866.0,ue[1],0,0.0,0.0,0.0,0.0,0.5,1.0,0.0,0.0,0.0,0.0
1451.0,ue[2],0,0.0,0.0,0.0,0.0,0.5,1.0,0.0,0.0,0.0,0.0
961.0,ue[0],0,0.0,0.0,0.0,0.0,0.5,1.0,0.0,0.0,0.0,0.0
805.0,attacker[1],1,0.0,0.0,0.0,0.0,0.5,1.0,0.0,0.0,0.0,0.0
475.0,attacker[2],1,0.0,0.0,0.0,0.0,0.5,1.0,0.0,0.0,0.0,0.03
1481.0,ue[3],0,0.0,0.0,0.0,0.0,0.5,1.0,0.0,0.0,0.0,0.0
1122.0,attacker[2],1,0.0,0.0,0.0,0.0,0.5,1.0,0.0,0.0,0.0,0.0
524.0,attacker[0],1,0.0,0.0,0.0,0.0,0.5,1.0,0.0,0.0,0.0,0.03
262.0,ue[0],0,0.011,0.0118,0.04661,0.004,0.498833,0.87,1.0,0.0,1.0,0.018
1201.0,attacker[2],1,0.0,0.0,0.0,0.0,0.5,1.0,0.0,0.0,0.0,0.0
1104.0,attacker[2],1,0.0,0.0,0.0,0.0,0.5,1.0,0.0,0.0,0.0,0.0
273.0,attacker[1],1,0.018,0.0173,0.052023,0.004,0.4985,0.906667,1.0,0.411096,1.0,0.029
581.0,attacker[0],1,0.0,0.0,0.0,0.0,0.5,1.0,0.0,0.0,0.0,0.03
801.0,attacker[2],1,0.0,0.0,0.0,0.0,0.5,1.0,0.0,0.0,0.0,0.0
1474.0,ue[1],0,0.0,0.0,0.0,0.0,0.5,1.0,0.0,0.0,0.0,0.0
270.0,ue[0],0,0.012,0.0117,0.051282,0.003,0.498583,0.896667,1.0,0.07698,1.0,0.022
1184.0,attacker[1],1,0.0,0.0,0.0,0.0,0.5,1.0,0.0,0.0,0.0,0.0
967.0,ue[4],0,0.0,0.0,0.0,0.0,0.5,1.0,0.0,0.0,0.0,0.0
10.0,attacker[0],1,0.023,0.0167,0.068862,0.0,0.504167,0.03,0.909091,0.379473,0.333333,0.023
33.0,ue[3],0,0.01,0.0113,0.044248,0.0,0.499,0.106667,1.0,0.0,1.0,0.015
236.0,ue[1],0,0.007,0.0091,0.038462,0.011,0.50225,0.783333,1.0,0.0,1.0,0.022
723.0,attacker[2],1,0.0,0.0,0.0,0.0,0.5,1.0,0.0,0.0,0.0,0.03
484.0,ue[2],0,0.0,0.0,0.0,0.0,0.5,1.0,0.0,0.0,0.0,0.02
1442.0,ue[2],0,0.0,0.0,0.0,0.0,0.5,1.0,0.0,0.0,0.0,0.0
927.0,attacker[0],1,0.0,0.0,0.0,0.0,0.5,1.0,0.0,0.0,0.0,0.0
339.0,ue[2],0,0.0,0.0,0.0,0.0,0.5,1.0,0.0,0.0,0.0,0.02
1373.0,attacker[1],1,0.0,0.0,0.0,0.0,0.5,1.0,0.0,0.0,0.0,0.0
336.0,attacker[1],1,0.0,0.0,0.0,0.0,0.5,1.0,0.0,0.0,0.0,0.029
684.0,attacker[1],1,0.0,0.0,0.0,0.0,0.5,1.0,0.0,0.0,0.0,0.025
825.0,attacker[2],1,0.0,0.0,0.0,0.0,0.5,1.0,0.0,0.0,0.0,0.0
152.0,ue[3],0,0.014,0.0107,0.065421,0.003,0.502583,0.503333,1.0,0.183039,1.0,0.017
524.0,ue[0],0,0.0,0.0,0.0,0.0,0.5,1.0,0.0,0.0,0.0,0.022
1250.0,ue[2],0,0.0,0.0,0.0,0.0,0.5,1.0,0.0,0.0,0.0,0.0
324.0,ue[3],0,0.0,0.0,0.0,0.0,0.5,1.0,0.0,0.0,0.0,0.018
1409.0,ue[3],0,0.0,0.0,0.0,0.0,0.5,1.0,0.0,0.0,0.0,0.0
653.0,attacker[1],1,0.0,0.0,0.0,0.0,0.5,1.0,0.0,0.0,0.0,0.025
803.0,attacker[1],1,0.0,0.0,0.0,0.0,0.5,1.0,0.0,0.0,0.0,0.0
724.0,attacker[2],1,0.0,0.0,0.0,0.0,0.5,1.0,0.0,0.0,0.0,0.03
621.0,ue[0],0,0.0,0.0,0.0,0.0,0.5,1.0,0.0,0.0,0.0,0.022
538.0,attacker[0],1,0.0,0.0,0.0,0.0,0.5,1.0,0.0,0.0,0.0,0.03
1380.0,attacker[0],1,0.0,0.0,0.0,0.0,0.5,1.0,0.0,0.0,0.0,0.0
602.0,ue[3],0,0.0,0.0,0.0,0.0,0.5,1.0,0.0,0.0,0.0,0.018
1421.0,ue[4],0,0.0,0.0,0.0,0.0,0.5,1.0,0.0,0.0,0.0,0.0
778.0,ue[0],0,0.0,0.0,0.0,0.0,0.5,1.0,0.0,0.0,0.0,0.014
620.0,ue[1],0,0.0,0.0,0.0,0.0,0.5,1.0,0.0,0.0,0.0,0.02
159.0,attacker[1],1,0.012,0.0141,0.042553,0.003,0.499417,0.526667,1.0,0.0,1.0,0.029
1447.0,ue[3],0,0.0,0.0,0.0,0.0,0.5,1.0,0.0,0.0,0.0,0.0
815.0,attacker[2],1,0.0,0.0,0.0,0.0,0.5,1.0,0.0,0.0,0.0,0.0
1398.0,ue[2],0,0.0,0.0,0.0,0.0,0.5,1.0,0.0,0.0,0.0,0.0
833.0,ue[1],0,0.0,0.0,0.0,0.0,0.5,1.0,0.0,0.0,0.0,0.0
438.0,ue[2],0,0.0,0.0,0.0,0.0,0.5,1.0,0.0,0.0,0.0,0.02
933.0,attacker[0],1,0.0,0.0,0.0,0.0,0.5,1.0,0.0,0.0,0.0,0.0
892.0,attacker[2],1,0.0,0.0,0.0,0.0,0.5,1.0,0.0,0.0,0.0,0.0
1134.0,ue[0],0,0.0,0.0,0.0,0.0,0.5,1.0,0.0,0.0,0.0,0.0
1437.0,ue[3],0,0.0,0.0,0.0,0.0,0.5,1.0,0.0,0.0,0.0,0.0
1345.0,ue[4],0,0.0,0.0,0.0,0.0,0.5,1.0,0.0,0.0,0.0,0.0
395.0,attacker[1],1,0.0,0.0,0.0,0.0,0.5,1.0,0.0,0.0,0.0,0.029
1000.0,attacker[1],1,0.0,0.0,0.0,0.0,0.5,1.0,0.0,0.0,0.0,0.0
496.0,ue[3],0,0.0,0.0,0.0,0.0,0.5,1.0,0.0,0.0,0.0,0.018
198.0,attacker[0],1,0.017,0.0172,0.049419,0.001,0.500083,0.656667,1.0,0.134269,1.0,0.027
935.0,attacker[2],1,0.0,0.0,0.0,0.0,0.5,1.0,0.0,0.0,0.0,0.0
1321.0,attacker[0],1,0.0,0.0,0.0,0.0,0.5,1.0,0.0,0.0,0.0,0.0
929.0,ue[4],0,0.0,0.0,0.0,0.0,0.5,1.0,0.0,0.0,0.0,0.0
493.0,ue[4],0,0.0,0.0,0.0,0.0,0.5,1.0,0.0,0.0,0.0,0.019
1374.0,ue[1],0,0.0,0.0,0.0,0.0,0.5,1.0,0.0,0.0,0.0,0.0
1218.0,ue[4],0,0.0,0.0,0.0,0.0,0.5,1.0,0.0,0.0,0.0,0.0
680.0,attacker[2],1,0.0,0.0,0.0,0.0,0.5,1.0,0.0,0.0,0.0,0.03
288.0,ue[4],0,0.007,0.0111,0.031532,0.007,0.49875,0.956667,1.0,0.0,1.0,0.019
713.0,ue[3],0,0.0,0.0,0.0,0.0,0.5,1.0,0.0,0.0,0.0,0.018
1117.0,ue[3],0,0.0,0.0,0.0,0.0,0.5,1.0,0.0,0.0,0.0,0.0
472.0,attacker[2],1,0.0,0.0,0.0,0.0,0.5,1.0,0.0,0.0,0.0,0.03
364.0,attacker[1],1,0.0,0.0,0.0,0.0,0.5,1.0,0.0,0.0,0.0,0.029
501.0,attacker[1],1,0.0,0.0,0.0,0.0,0.5,1.0,0.0,0.0,0.0,0.029
1355.0,ue[0],0,0.0,0.0,0.0,0.0,0.5,1.0,0.0,0.0,0.0,0.0
1026.0,attacker[2],1,0.0,0.0,0.0,0.0,0.5,1.0,0.0,0.0,0.0,0.0
1229.0,ue[0],0,0.0,0.0,0.0,0.0,0.5,1.0,0.0,0.0,0.0,0.0
1271.0,ue[3],0,0.0,0.0,0.0,0.0,0.5,1.0,0.0,0.0,0.0,0.0
871.0,ue[1],0,0.0,0.0,0.0,0.0,0.5,1.0,0.0,0.0,0.0,0.0
726.0,ue[4],0,0.0,0.0,0.0,0.0,0.5,1.0,0.0,0.0,0.0,0.018
640.0,ue[0],0,0.0,0.0,0.0,0.0,0.5,1.0,0.0,0.0,0.0,0.022
1200.0,attacker[1],1,0.0,0.0,0.0,0.0,0.5,1.0,0.0,0.0,0.0,0.0
979.0,attacker[1],1,0.0,0.0,0.0,0.0,0.5,1.0,0.0,0.0,0.0,0.0
1136.0,ue[4],0,0.0,0.0,0.0,0.0,0.5,1.0,0.0,0.0,0.0,0.0
171.0,ue[2],0,0.009,0.0105,0.042857,0.006,0.501167,0.566667,1.0,0.0,1.0,0.018
264.0,ue[0],0,0.015,0.0118,0.063559,0.006,0.5005,0.876667,1.0,0.117074,1.0,0.018
1384.0,ue[1],0,0.0,0.0,0.0,0.0,0.5,1.0,0.0,0.0,0.0,0.0
372.0,ue[4],0,0.0,0.0,0.0,0.0,0.5,1.0,0.0,0.0,0.0,0.019
805.0,ue[3],0,0.0,0.0,0.0,0.0,0.5,1.0,0.0,0.0,0.0,0.0
684.0,attacker[0],1,0.0,0.0,0.0,0.0,0.5,1.0,0.0,0.0,0.0,0.03
769.0,ue[4],0,0.0,0.0,0.0,0.0,0.5,1.0,0.0,0.0,0.0,0.018
430.0,ue[1],0,0.0,0.0,0.0,0.0,0.5,1.0,0.0,0.0,0.0,0.022
1498.0,attacker[0],1,0.0,0.0,0.0,0.0,0.5,1.0,0.0,0.0,0.0,0.0
36.0,ue[3],0,0.013,0.0112,0.058036,0.003,0.500583,0.116667,1.0,0.0,1.0,0.015
1070.0,attacker[1],1,0.0,0.0,0.0,0.0,0.5,1.0,0.0,0.0,0.0,0.0
391.0,attacker[0],1,0.0,0.0,0.0,0.0,0.5,1.0,0.0,0.0,0.0,0.03
261.0,ue[3],0,0.015,0.0113,0.066372,0.001,0.502417,0.866667,1.0,0.048625,1.0,0.018
52.0,ue[3],0,0.009,0.0109,0.041284,0.001,0.49875,0.17,1.0,0.0,1.0,0.015
46.0,ue[1],0,0.01,0.009,0.055556,0.0,0.500833,0.15,1.0,0.0,1.0,0.017
235.0,ue[1],0,0.018,0.0097,0.092784,0.009,0.502917,0.78,1.0,0.070711,1.0,0.022
880.0,ue[0],0,0.0,0.0,0.0,0.0,0.5,1.0,0.0,0.0,0.0,0.0
1423.0,ue[3],0,0.0,0.0,0.0,0.0,0.5,1.0,0.0,0.0,0.0,0.0
215.0,ue[3],0,0.01,0.0106,0.04717,0.005,0.50025,0.713333,1.0,0.0,1.0,0.017
1263.0,ue[1],0,0.0,0.0,0.0,0.0,0.5,1.0,0.0,0.0,0.0,0.0
454.0,ue[2],0,0.0,0.0,0.0,0.0,0.5,1.0,0.0,0.0,0.0,0.02
167.0,attacker[0],1,0.018,0.0182,0.049451,0.0,0.499,0.553333,1.0,0.328027,1.0,0.027
1095.0,ue[1],0,0.0,0.0,0.0,0.0,0.5,1.0,0.0,0.0,0.0,0.0
89.0,ue[2],0,0.009,0.0099,0.045455,0.001,0.499417,0.293333,1.0,0.0,1.0,0.018
1179.0,attacker[0],1,0.0,0.0,0.0,0.0,0.5,1.0,0.0,0.0,0.0,0.0
121.0,attacker[2],1,0.02,0.0176,0.056818,0.003,0.499917,0.4,1.0,0.267815,1.0,0.025
964.0,ue[1],0,0.0,0.0,0.0,0.0,0.5,1.0,0.0,0.0,0.0,0.0
156.0,ue[2],0,0.007,0.0105,0.033333,0.003,0.49925,0.516667,1.0,0.0,1.0,0.018
1223.0,ue[1],0,0.0,0.0,0.0,0.0,0.5,1.0,0.0,0.0,0.0,0.0
641.0,attacker[0],1,0.0,0.0,0.0,0.0,0.5,1.0,0.0,0.0,0.0,0.03
146.0,ue[0],0,0.01,0.0112,0.044643,0.002,0.497167,0.483333,1.0,0.0,1.0,0.018
1496.0,attacker[2],1,0.0,0.0,0.0,0.0,0.5,1.0,0.0,0.0,0.0,0.0
1276.0,ue[4],0,0.0,0.0,0.0,0.0,0.5,1.0,0.0,0.0,0.0,0.0
404.0,attacker[1],1,0.0,0.0,0.0,0.0,0.5,1.0,0.0,0.0,0.0,0.029
1462.0,ue[3],0,0.0,0.0,0.0,0.0,0.5,1.0,0.0,0.0,0.0,0.0
896.0,ue[4],0,0.0,0.0,0.0,0.0,0.5,1.0,0.0,0.0,0.0,0.0
698.0,ue[2],0,0.0,0.0,0.0,0.0,0.5,1.0,0.0,0.0,0.0,0.02
1188.0,attacker[0],1,0.0,0.0,0.0,0.0,0.5,1.0,0.0,0.0,0.0,0.0
434.0,attacker[1],1,0.0,0.0,0.0,0.0,0.5,1.0,0.0,0.0,0.0,0.029
1141.0,attacker[2],1,0.0,0.0,0.0,0.0,0.5,1.0,0.0,0.0,0.0,0.0
1453.0,ue[4],0,0.0,0.0,0.0,0.0,0.5,1.0,0.0,0.0,0.0,0.0
1301.0,ue[1],0,0.0,0.0,0.0,0.0,0.5,1.0,0.0,0.0,0.0,0.0
214.0,attacker[1],1,0.019,0.0161,0.059006,0.007,0.500417,0.71,1.0,0.296395,1.0,0.029
282.0,ue[2],0,0.008,0.0082,0.04878,0.002,0.500333,0.936667,1.0,0.0,1.0,0.02
1418.0,attacker[0],1,0.0,0.0,0.0,0.0,0.5,1.0,0.0,0.0,0.0,0.0
930.0,ue[2],0,0.0,0.0,0.0,0.0,0.5,1.0,0.0,0.0,0.0,0.0
1074.0,attacker[2],1,0.0,0.0,0.0,0.0,0.5,1.0,0.0,0.0,0.0,0.0
488.0,ue[1],0,0.0,0.0,0.0,0.0,0.5,1.0,0.0,0.0,0.0,0.022
1243.0,attacker[0],1,0.0,0.0,0.0,0.0,0.5,1.0,0.0,0.0,0.0,0.0
1297.0,attacker[0],1,0.0,0.0,0.0,0.0,0.5,1.0,0.0,0.0,0.0,0.0
971.0,attacker[2],1,0.0,0.0,0.0,0.0,0.5,1.0,0.0,0.0,0.0,0.0
93.0,attacker[0],1,0.013,0.0152,0.042763,0.001,0.499583,0.306667,1.0,0.083935,1.0,0.027
1097.0,ue[1],0,0.0,0.0,0.0,0.0,0.5,1.0,0.0,0.0,0.0,0.0
189.0,ue[4],0,0.012,0.0103,0.058252,0.006,0.498667,0.626667,1.0,0.0,1.0,0.019
203.0,ue[3],0,0.007,0.0103,0.033981,0.006,0.4995,0.673333,1.0,0.0,1.0,0.017
287.0,ue[1],0,0.01,0.0094,0.053191,0.004,0.498,0.953333,1.0,0.0,1.0,0.022
475.0,ue[4],0,0.0,0.0,0.0,0.0,0.5,1.0,0.0,0.0,0.0,0.019
840.0,attacker[2],1,0.0,0.0,0.0,0.0,0.5,1.0,0.0,0.0,0.0,0.0
222.0,attacker[2],1,0.015,0.017,0.044118,0.0,0.497833,0.736667,1.0,0.182522,1.0,0.025
1226.0,attacker[1],1,0.0,0.0,0.0,0.0,0.5,1.0,0.0,0.0,0.0,0.0
99.0,ue[3],0,0.007,0.01,0.035,0.0,0.498667,0.326667,1.0,0.0,1.0,0.017
421.0,attacker[0],1,0.0,0.0,0.0,0.0,0.5,1.0,0.0,0.0,0.0,0.03
1422.0,attacker[2],1,0.0,0.0,0.0,0.0,0.5,1.0,0.0,0.0,0.0,0.0
231.0,attacker[1],1,0.018,0.0163,0.055215,0.002,0.5025,0.766667,1.0,0.222851,1.0,0.029
1266.0,ue[3],0,0.0,0.0,0.0,0.0,0.5,1.0,0.0,0.0,0.0,0.0
548.0,attacker[2],1,0.0,0.0,0.0,0.0,0.5,1.0,0.0,0.0,0.0,0.03
1151.0,ue[1],0,0.0,0.0,0.0,0.0,0.5,1.0,0.0,0.0,0.0,0.0
590.0,attacker[2],1,0.0,0.0,0.0,0.0,0.5,1.0,0.0,0.0,0.0,0.03
318.0,attacker[1],1,0.0,0.0,0.0,0.0,0.5,1.0,0.2,0.0,0.0,0.029
563.0,attacker[2],1,0.0,0.0,0.0,0.0,0.5,1.0,0.0,0.0,0.0,0.03
666.0,ue[1],0,0.0,0.0,0.0,0.0,0.5,1.0,0.0,0.0,0.0,0.018
486.0,ue[0],0,0.0,0.0,0.0,0.0,0.5,1.0,0.0,0.0,0.0,0.022
1067.0,attacker[1],1,0.0,0.0,0.0,0.0,0.5,1.0,0.0,0.0,0.0,0.0
94.0,ue[0],0,0.007,0.0115,0.030435,0.002,0.497667,0.31,1.0,0.0,1.0,0.018
318.0,ue[4],0,0.0,0.0,0.0,0.0,0.5,1.0,0.2,0.0,0.0,0.019
1400.0,attacker[2],1,0.0,0.0,0.0,0.0,0.5,1.0,0.0,0.0,0.0,0.0
449.0,attacker[1],1,0.0,0.0,0.0,0.0,0.5,1.0,0.0,0.0,0.0,0.029
1493.0,ue[1],0,0.0,0.0,0.0,0.0,0.5,1.0,0.0,0.0,0.0,0.0
924.0,ue[2],0,0.0,0.0,0.0,0.0,0.5,1.0,0.0,0.0,0.0,0.0
203.0,attacker[2],1,0.012,0.0147,0.040816,0.001,0.498083,0.673333,1.0,0.006485,1.0,0.025
1109.0,attacker[1],1,0.0,0.0,0.0,0.0,0.5,1.0,0.0,0.0,0.0,0.0
325.0,attacker[0],1,0.0,0.0,0.0,0.0,0.5,1.0,0.0,0.0,0.0,0.03
1173.0,ue[2],0,0.0,0.0,0.0,0.0,0.5,1.0,0.0,0.0,0.0,0.0
764.0,attacker[0],1,0.0,0.0,0.0,0.0,0.5,1.0,0.0,0.0,0.0,0.03
774.0,attacker[1],1,0.0,0.0,0.0,0.0,0.5,1.0,0.0,0.0,0.0,0.025
674.0,attacker[0],1,0.0,0.0,0.0,0.0,0.5,1.0,0.0,0.0,0.0,0.03
323.0,ue[0],0,0.0,0.0,0.0,0.0,0.5,1.0,0.033333,0.0,0.0,0.022
1184.0,attacker[2],1,0.0,0.0,0.0,0.0,0.5,1.0,0.0,0.0,0.0,0.0
1022.0,ue[1],0,0.0,0.0,0.0,0.0,0.5,1.0,0.0,0.0,0.0,0.0
188.0,ue[2],0,0.012,0.011,0.054545,0.004,0.4985,0.623333,1.0,0.085395,1.0,0.018
150.0,ue[2],0,0.008,0.0102,0.039216,0.005,0.499583,0.496667,1.0,0.0,1.0,0.018
258.0,ue[2],0,0.013,0.0093,0.069892,0.001,0.503417,0.856667,1.0,0.0254,1.0,0.02
248.0,ue[2],0,0.013,0.0105,0.061905,0.001,0.501083,0.823333,1.0,0.0,1.0,0.02
123.0,attacker[1],1,0.014,0.0171,0.040936,0.005,0.499417,0.406667,1.0,0.080178,1.0,0.029
963.0,ue[3],0,0.0,0.0,0.0,0.0,0.5,1.0,0.0,0.0,0.0,0.0
1435.0,ue[2],0,0.0,0.0,0.0,0.0,0.5,1.0,0.0,0.0,0.0,0.0
83.0,ue[1],0,0.007,0.0102,0.034314,0.002,0.498,0.273333,1.0,0.0,1.0,0.022
209.0,attacker[1],1,0.019,0.0165,0.057576,0.004,0.499833,0.693333,1.0,0.256186,1.0,0.029
1139.0,ue[0],0,0.0,0.0,0.0,0.0,0.5,1.0,0.0,0.0,0.0,0.0
900.0,ue[3],0,0.0,0.0,0.0,0.0,0.5,1.0,0.0,0.0,0.0,0.0
335.0,attacker[1],1,0.0,0.0,0.0,0.0,0.5,1.0,0.0,0.0,0.0,0.029
1140.0,ue[0],0,0.0,0.0,0.0,0.0,0.5,1.0,0.0,0.0,0.0,0.0
533.0,attacker[1],1,0.0,0.0,0.0,0.0,0.5,1.0,0.0,0.0,0.0,0.029
580.0,ue[4],0,0.0,0.0,0.0,0.0,0.5,1.0,0.0,0.0,0.0,0.019
24.0,attacker[2],1,0.016,0.0148,0.054054,0.001,0.50075,0.076667,0.96,0.114415,0.8,0.021
352.0,ue[3],0,0.0,0.0,0.0,0.0,0.5,1.0,0.0,0.0,0.0,0.018
991.0,attacker[2],1,0.0,0.0,0.0,0.0,0.5,1.0,0.0,0.0,0.0,0.0
1370.0,ue[3],0,0.0,0.0,0.0,0.0,0.5,1.0,0.0,0.0,0.0,0.0
335.0,ue[0],0,0.0,0.0,0.0,0.0,0.5,1.0,0.0,0.0,0.0,0.022
24.0,ue[0],0,0.007,0.0097,0.036082,0.011,0.50275,0.076667,1.0,0.0,0.833333,0.018
808.0,ue[3],0,0.0,0.0,0.0,0.0,0.5,1.0,0.0,0.0,0.0,0.0
31.0,attacker[0],1,0.017,0.0173,0.049133,0.005,0.49775,0.1,1.0,0.220447,1.0,0.027
975.0,ue[1],0,0.0,0.0,0.0,0.0,0.5,1.0,0.0,0.0,0.0,0.0
881.0,attacker[0],1,0.0,0.0,0.0,0.0,0.5,1.0,0.0,0.0,0.0,0.0
470.0,ue[2],0,0.0,0.0,0.0,0.0,0.5,1.0,0.0,0.0,0.0,0.02
1154.0,ue[3],0,0.0,0.0,0.0,0.0,0.5,1.0,0.0,0.0,0.0,0.0
132.0,ue[2],0,0.011,0.0097,0.056701,0.004,0.500333,0.436667,1.0,0.0,1.0,0.018
283.0,ue[3],0,0.01,0.0098,0.05102,0.001,0.500417,0.94,1.0,0.0,1.0,0.018
137.0,ue[1],0,0.013,0.0093,0.069892,0.01,0.498167,0.453333,1.0,0.066728,1.0,0.022
601.0,attacker[2],1,0.0,0.0,0.0,0.0,0.5,1.0,0.0,0.0,0.0,0.03
523.0,ue[0],0,0.0,0.0,0.0,0.0,0.5,1.0,0.0,0.0,0.0,0.022
1202.0,ue[0],0,0.0,0.0,0.0,0.0,0.5,1.0,0.0,0.0,0.0,0.0
550.0,ue[3],0,0.0,0.0,0.0,0.0,0.5,1.0,0.0,0.0,0.0,0.018
1230.0,ue[1],0,0.0,0.0,0.0,0.0,0.5,1.0,0.0,0.0,0.0,0.0
1228.0,ue[3],0,0.0,0.0,0.0,0.0,0.5,1.0,0.0,0.0,0.0,0.0
1485.0,ue[2],0,0.0,0.0,0.0,0.0,0.5,1.0,0.0,0.0,0.0,0.0
651.0,ue[4],0,0.0,0.0,0.0,0.0,0.5,1.0,0.0,0.0,0.0,0.018
1026.0,ue[3],0,0.0,0.0,0.0,0.0,0.5,1.0,0.0,0.0,0.0,0.0
333.0,ue[1],0,0.0,0.0,0.0,0.0,0.5,1.0,0.0,0.0,0.0,0.022
1354.0,ue[2],0,0.0,0.0,0.0,0.0,0.5,1.0,0.0,0.0,0.0,0.0
510.0,ue[3],0,0.0,0.0,0.0,0.0,0.5,1.0,0.0,0.0,0.0,0.018
806.0,ue[0],0,0.0,0.0,0.0,0.0,0.5,1.0,0.0,0.0,0.0,0.0
1048.0,ue[0],0,0.0,0.0,0.0,0.0,0.5,1.0,0.0,0.0,0.0,0.0
1480.0,ue[4],0,0.0,0.0,0.0,0.0,0.5,1.0,0.0,0.0,0.0,0.0
290.0,ue[2],0,0.007,0.0101,0.034653,0.003,0.498417,0.963333,1.0,0.0,1.0,0.02
1446.0,ue[3],0,0.0,0.0,0.0,0.0,0.5,1.0,0.0,0.0,0.0,0.0
934.0,attacker[1],1,0.0,0.0,0.0,0.0,0.5,1.0,0.0,0.0,0.0,0.0
471.0,attacker[2],1,0.0,0.0,0.0,0.0,0.5,1.0,0.0,0.0,0.0,0.03
1414.0,attacker[0],1,0.0,0.0,0.0,0.0,0.5,1.0,0.0,0.0,0.0,0.0
1491.0,attacker[1],1,0.0,0.0,0.0,0.0,0.5,1.0,0.0,0.0,0.0,0.0
1337.0,ue[0],0,0.0,0.0,0.0,0.0,0.5,1.0,0.0,0.0,0.0,0.0
1037.0,ue[0],0,0.0,0.0,0.0,0.0,0.5,1.0,0.0,0.0,0.0,0.0
1172.0,ue[4],0,0.0,0.0,0.0,0.0,0.5,1.0,0.0,0.0,0.0,0.0
1324.0,attacker[1],1,0.0,0.0,0.0,0.0,0.5,1.0,0.0,0.0,0.0,0.0
442.0,ue[4],0,0.0,0.0,0.0,0.0,0.5,1.0,0.0,0.0,0.0,0.019
339.0,attacker[0],1,0.0,0.0,0.0,0.0,0.5,1.0,0.0,0.0,0.0,0.03
1448.0,attacker[0],1,0.0,0.0,0.0,0.0,0.5,1.0,0.0,0.0,0.0,0.0
112.0,attacker[1],1,0.013,0.0159,0.040881,0.004,0.496167,0.37,1.0,0.01206,1.0,0.029
40.0,ue[1],0,0.009,0.0105,0.042857,0.003,0.49825,0.13,1.0,0.0,1.0,0.017
266.0,ue[0],0,0.011,0.0117,0.047009,0.003,0.500417,0.883333,1.0,0.0,1.0,0.018
946.0,attacker[0],1,0.0,0.0,0.0,0.0,0.5,1.0,0.0,0.0,0.0,0.0
1100.0,ue[2],0,0.0,0.0,0.0,0.0,0.5,1.0,0.0,0.0,0.0,0.0
491.0,attacker[0],1,0.0,0.0,0.0,0.0,0.5,1.0,0.0,0.0,0.0,0.03
1076.0,ue[4],0,0.0,0.0,0.0,0.0,0.5,1.0,0.0,0.0,0.0,0.0
1119.0,attacker[2],1,0.0,0.0,0.0,0.0,0.5,1.0,0.0,0.0,0.0,0.0
549.0,attacker[0],1,0.0,0.0,0.0,0.0,0.5,1.0,0.0,0.0,0.0,0.03
533.0,attacker[0],1,0.0,0.0,0.0,0.0,0.5,1.0,0.0,0.0,0.0,0.03
1137.0,attacker[1],1,0.0,0.0,0.0,0.0,0.5,1.0,0.0,0.0,0.0,0.0
1344.0,ue[3],0,0.0,0.0,0.0,0.0,0.5,1.0,0.0,0.0,0.0,0.0
1323.0,ue[1],0,0.0,0.0,0.0,0.0,0.5,1.0,0.0,0.0,0.0,0.0
885.0,ue[4],0,0.0,0.0,0.0,0.0,0.5,1.0,0.0,0.0,0.0,0.0
711.0,ue[2],0,0.0,0.0,0.0,0.0,0.5,1.0,0.0,0.0,0.0,0.02
1001.0,ue[2],0,0.0,0.0,0.0,0.0,0.5,1.0,0.0,0.0,0.0,0.0
857.0,ue[3],0,0.0,0.0,0.0,0.0,0.5,1.0,0.0,0.0,0.0,0.0
785.0,attacker[2],1,0.0,0.0,0.0,0.0,0.5,1.0,0.0,0.0,0.0,0.025
476.0,attacker[2],1,0.0,0.0,0.0,0.0,0.5,1.0,0.0,0.0,0.0,0.03
764.0,ue[4],0,0.0,0.0,0.0,0.0,0.5,1.0,0.0,0.0,0.0,0.018
706.0,ue[2],0,0.0,0.0,0.0,0.0,0.5,1.0,0.0,0.0,0.0,0.02
1113.0,attacker[1],1,0.0,0.0,0.0,0.0,0.5,1.0,0.0,0.0,0.0,0.0
582.0,ue[1],0,0.0,0.0,0.0,0.0,0.5,1.0,0.0,0.0,0.0,0.02
238.0,ue[0],0,0.007,0.0099,0.035354,0.002,0.499,0.79,1.0,0.0,1.0,0.018
1468.0,attacker[2],1,0.0,0.0,0.0,0.0,0.5,1.0,0.0,0.0,0.0,0.0
1429.0,attacker[1],1,0.0,0.0,0.0,0.0,0.5,1.0,0.0,0.0,0.0,0.0
688.0,attacker[1],1,0.0,0.0,0.0,0.0,0.5,1.0,0.0,0.0,0.0,0.025
369.0,attacker[1],1,0.0,0.0,0.0,0.0,0.5,1.0,0.0,0.0,0.0,0.029
499.0,attacker[0],1,0.0,0.0,0.0,0.0,0.5,1.0,0.0,0.0,0.0,0.03
387.0,ue[3],0,0.0,0.0,0.0,0.0,0.5,1.0,0.0,0.0,0.0,0.018
345.0,attacker[0],1,0.0,0.0,0.0,0.0,0.5,1.0,0.0,0.0,0.0,0.03
863.0,ue[4],0,0.0,0.0,0.0,0.0,0.5,1.0,0.0,0.0,0.0,0.0
313.0,ue[1],0,0.0,0.0,0.0,0.0,0.5,1.0,0.366667,0.0,0.0,0.022
1152.0,ue[1],0,0.0,0.0,0.0,0.0,0.5,1.0,0.0,0.0,0.0,0.0
667.0,attacker[1],1,0.0,0.0,0.0,0.0,0.5,1.0,0.0,0.0,0.0,0.025
1242.0,attacker[1],1,0.0,0.0,0.0,0.0,0.5,1.0,0.0,0.0,0.0,0.0
1107.0,ue[1],0,0.0,0.0,0.0,0.0,0.5,1.0,0.0,0.0,0.0,0.0
1149.0,ue[3],0,0.0,0.0,0.0,0.0,0.5,1.0,0.0,0.0,0.0,0.0
617.0,ue[4],0,0.0,0.0,0.0,0.0,0.5,1.0,0.0,0.0,0.0,0.018
1206.0,ue[2],0,0.0,0.0,0.0,0.0,0.5,1.0,0.0,0.0,0.0,0.0
469.0,attacker[1],1,0.0,0.0,0.0,0.0,0.5,1.0,0.0,0.0,0.0,0.029
190.0,attacker[0],1,0.025,0.0183,0.068306,0.004,0.504,0.63,1.0,0.331231,1.0,0.027
683.0,ue[0],0,0.0,0.0,0.0,0.0,0.5,1.0,0.0,0.0,0.0,0.022
1063.0,ue[2],0,0.0,0.0,0.0,0.0,0.5,1.0,0.0,0.0,0.0,0.0
436.0,ue[1],0,0.0,0.0,0.0,0.0,0.5,1.0,0.0,0.0,0.0,0.022
847.0,ue[2],0,0.0,0.0,0.0,0.0,0.5,1.0,0.0,0.0,0.0,0.0
710.0,ue[2],0,0.0,0.0,0.0,0.0,0.5,1.0,0.0,0.0,0.0,0.02
1058.0,ue[3],0,0.0,0.0,0.0,0.0,0.5,1.0,0.0,0.0,0.0,0.0
1227.0,ue[4],0,0.0,0.0,0.0,0.0,0.5,1.0,0.0,0.0,0.0,0.0
1424.0,attacker[2],1,0.0,0.0,0.0,0.0,0.5,1.0,0.0,0.0,0.0,0.0
370.0,attacker[0],1,0.0,0.0,0.0,0.0,0.5,1.0,0.0,0.0,0.0,0.03
497.0,ue[0],0,0.0,0.0,0.0,0.0,0.5,1.0,0.0,0.0,0.0,0.022
568.0,ue[1],0,0.0,0.0,0.0,0.0,0.5,1.0,0.0,0.0,0.0,0.02
384.0,ue[3],0,0.0,0.0,0.0,0.0,0.5,1.0,0.0,0.0,0.0,0.018
272.0,attacker[1],1,0.014,0.0173,0.040462,0.01,0.501833,0.903333,1.0,0.033686,1.0,0.029
852.0,attacker[1],1,0.0,0.0,0.0,0.0,0.5,1.0,0.0,0.0,0.0,0.0
475.0,attacker[1],1,0.0,0.0,0.0,0.0,0.5,1.0,0.0,0.0,0.0,0.029
1182.0,attacker[0],1,0.0,0.0,0.0,0.0,0.5,1.0,0.0,0.0,0.0,0.0
564.0,ue[2],0,0.0,0.0,0.0,0.0,0.5,1.0,0.0,0.0,0.0,0.02
1279.0,ue[2],0,0.0,0.0,0.0,0.0,0.5,1.0,0.0,0.0,0.0,0.0
834.0,ue[0],0,0.0,0.0,0.0,0.0,0.5,1.0,0.0,0.0,0.0,0.0
764.0,attacker[2],1,0.0,0.0,0.0,0.0,0.5,1.0,0.0,0.0,0.0,0.026
1112.0,ue[0],0,0.0,0.0,0.0,0.0,0.5,1.0,0.0,0.0,0.0,0.0
27.0,attacker[2],1,0.018,0.0158,0.056962,0.002,0.499333,0.086667,0.964286,0.141828,0.9,0.024
512.0,attacker[2],1,0.0,0.0,0.0,0.0,0.5,1.0,0.0,0.0,0.0,0.03
874.0,ue[2],0,0.0,0.0,0.0,0.0,0.5,1.0,0.0,0.0,0.0,0.0
321.0,ue[1],0,0.0,0.0,0.0,0.0,0.5,1.0,0.1,0.0,0.0,0.022
172.0,ue[1],0,0.016,0.0097,0.082474,0.009,0.501083,0.57,1.0,0.115909,1.0,0.022
1180.0,ue[1],0,0.0,0.0,0.0,0.0,0.5,1.0,0.0,0.0,0.0,0.0
116.0,ue[3],0,0.007,0.0088,0.039773,0.001,0.49925,0.383333,1.0,0.0,1.0,0.017
793.0,ue[0],0,0.0,0.0,0.0,0.0,0.5,1.0,0.0,0.0,0.0,0.013
1301.0,ue[0],0,0.0,0.0,0.0,0.0,0.5,1.0,0.0,0.0,0.0,0.0
167.0,ue[1],0,0.006,0.0095,0.031579,0.005,0.499417,0.553333,1.0,0.0,1.0,0.022
1145.0,ue[4],0,0.0,0.0,0.0,0.0,0.5,1.0,0.0,0.0,0.0,0.0
1423.0,attacker[2],1,0.0,0.0,0.0,0.0,0.5,1.0,0.0,0.0,0.0,0.0
1355.0,attacker[1],1,0.0,0.0,0.0,0.0,0.5,1.0,0.0,0.0,0.0,0.0
732.0,attacker[2],1,0.0,0.0,0.0,0.0,0.5,1.0,0.0,0.0,0.0,0.03
1205.0,ue[1],0,0.0,0.0,0.0,0.0,0.5,1.0,0.0,0.0,0.0,0.0
283.0,ue[0],0,0.008,0.0108,0.037037,0.006,0.5005,0.94,1.0,0.0,1.0,0.022
691.0,ue[4],0,0.0,0.0,0.0,0.0,0.5,1.0,0.0,0.0,0.0,0.018
1390.0,ue[3],0,0.0,0.0,0.0,0.0,0.5,1.0,0.0,0.0,0.0,0.0
1270.0,ue[3],0,0.0,0.0,0.0,0.0,0.5,1.0,0.0,0.0,0.0,0.0
1004.0,ue[2],0,0.0,0.0,0.0,0.0,0.5,1.0,0.0,0.0,0.0,0.0
881.0,attacker[1],1,0.0,0.0,0.0,0.0,0.5,1.0,0.0,0.0,0.0,0.0
1062.0,ue[1],0,0.0,0.0,0.0,0.0,0.5,1.0,0.0,0.0,0.0,0.0
785.0,ue[1],0,0.0,0.0,0.0,0.0,0.5,1.0,0.0,0.0,0.0,0.013
518.0,ue[3],0,0.0,0.0,0.0,0.0,0.5,1.0,0.0,0.0,0.0,0.018
153.0,attacker[2],1,0.009,0.0142,0.03169,0.004,0.498333,0.506667,1.0,0.0,1.0,0.025
792.0,ue[2],0,0.0,0.0,0.0,0.0,0.5,1.0,0.0,0.0,0.0,0.012
1172.0,ue[3],0,0.0,0.0,0.0,0.0,0.5,1.0,0.0,0.0,0.0,0.0
1086.0,ue[0],0,0.0,0.0,0.0,0.0,0.5,1.0,0.0,0.0,0.0,0.0
1425.0,ue[1],0,0.0,0.0,0.0,0.0,0.5,1.0,0.0,0.0,0.0,0.0
1202.0,ue[4],0,0.0,0.0,0.0,0.0,0.5,1.0,0.0,0.0,0.0,0.0
906.0,ue[1],0,0.0,0.0,0.0,0.0,0.5,1.0,0.0,0.0,0.0,0.0
450.0,attacker[1],1,0.0,0.0,0.0,0.0,0.5,1.0,0.0,0.0,0.0,0.029
604.0,ue[0],0,0.0,0.0,0.0,0.0,0.5,1.0,0.0,0.0,0.0,0.022
1403.0,ue[0],0,0.0,0.0,0.0,0.0,0.5,1.0,0.0,0.0,0.0,0.0
346.0,ue[1],0,0.0,0.0,0.0,0.0,0.5,1.0,0.0,0.0,0.0,0.022
1123.0,ue[2],0,0.0,0.0,0.0,0.0,0.5,1.0,0.0,0.0,0.0,0.0
806.0,attacker[2],1,0.0,0.0,0.0,0.0,0.5,1.0,0.0,0.0,0.0,0.0
540.0,attacker[1],1,0.0,0.0,0.0,0.0,0.5,1.0,0.0,0.0,0.0,0.029
130.0,ue[4],0,0.014,0.0112,0.0625,0.001,0.502083,0.43,1.0,0.039519,1.0,0.019
787.0,attacker[1],1,0.0,0.0,0.0,0.0,0.5,1.0,0.0,0.0,0.0,0.025
523.0,attacker[2],1,0.0,0.0,0.0,0.0,0.5,1.0,0.0,0.0,0.0,0.03
889.0,ue[4],0,0.0,0.0,0.0,0.0,0.5,1.0,0.0,0.0,0.0,0.0
631.0,ue[3],0,0.0,0.0,0.0,0.0,0.5,1.0,0.0,0.0,0.0,0.018
851.0,attacker[1],1,0.0,0.0,0.0,0.0,0.5,1.0,0.0,0.0,0.0,0.0
1343.0,attacker[1],1,0.0,0.0,0.0,0.0,0.5,1.0,0.0,0.0,0.0,0.0
62.0,ue[3],0,0.009,0.0104,0.043269,0.003,0.500417,0.203333,1.0,0.0,1.0,0.015
682.0,ue[4],0,0.0,0.0,0.0,0.0,0.5,1.0,0.0,0.0,0.0,0.018
858.0,ue[3],0,0.0,0.0,0.0,0.0,0.5,1.0,0.0,0.0,0.0,0.0
1486.0,attacker[2],1,0.0,0.0,0.0,0.0,0.5,1.0,0.0,0.0,0.0,0.0
833.0,attacker[2],1,0.0,0.0,0.0,0.0,0.5,1.0,0.0,0.0,0.0,0.0
815.0,ue[2],0,0.0,0.0,0.0,0.0,0.5,1.0,0.0,0.0,0.0,0.0
505.0,attacker[1],1,0.0,0.0,0.0,0.0,0.5,1.0,0.0,0.0,0.0,0.029
1076.0,attacker[2],1,0.0,0.0,0.0,0.0,0.5,1.0,0.0,0.0,0.0,0.0
1335.0,ue[2],0,0.0,0.0,0.0,0.0,0.5,1.0,0.0,0.0,0.0,0.0
645.0,ue[3],0,0.0,0.0,0.0,0.0,0.5,1.0,0.0,0.0,0.0,0.018
184.0,ue[2],0,0.013,0.0103,0.063107,0.005,0.50025,0.61,1.0,0.0,1.0,0.018
1207.0,ue[3],0,0.0,0.0,0.0,0.0,0.5,1.0,0.0,0.0,0.0,0.0
928.0,ue[0],0,0.0,0.0,0.0,0.0,0.5,1.0,0.0,0.0,0.0,0.0
368.0,attacker[1],1,0.0,0.0,0.0,0.0,0.5,1.0,0.0,0.0,0.0,0.029
1050.0,attacker[2],1,0.0,0.0,0.0,0.0,0.5,1.0,0.0,0.0,0.0,0.0
729.0,attacker[1],1,0.0,0.0,0.0,0.0,0.5,1.0,0.0,0.0,0.0,0.025
771.0,attacker[2],1,0.0,0.0,0.0,0.0,0.5,1.0,0.0,0.0,0.0,0.026
181.0,ue[4],0,0.008,0.0089,0.044944,0.0,0.498833,0.6,1.0,0.0,1.0,0.019
19.0,ue[3],0,0.01,0.0099,0.050505,0.0,0.499833,0.06,1.0,0.0,0.666667,0.015
90.0,ue[0],0,0.015,0.0121,0.061983,0.002,0.501667,0.296667,1.0,0.009295,1.0,0.018
830.0,attacker[2],1,0.0,0.0,0.0,0.0,0.5,1.0,0.0,0.0,0.0,0.0
452.0,ue[4],0,0.0,0.0,0.0,0.0,0.5,1.0,0.0,0.0,0.0,0.019
798.0,ue[0],0,0.0,0.0,0.0,0.0,0.5,1.0,0.0,0.0,0.0,0.0
972.0,ue[0],0,0.0,0.0,0.0,0.0,0.5,1.0,0.0,0.0,0.0,0.0
962.0,ue[3],0,0.0,0.0,0.0,0.0,0.5,1.0,0.0,0.0,0.0,0.0
133.0,ue[0],0,0.012,0.0104,0.057692,0.001,0.50125,0.44,1.0,0.00684,1.0,0.018
1042.0,ue[4],0,0.0,0.0,0.0,0.0,0.5,1.0,0.0,0.0,0.0,0.0
16.0,attacker[0],1,0.021,0.0181,0.058011,0.006,0.5,0.05,0.941176,0.294584,0.533333,0.023
1321.0,ue[3],0,0.0,0.0,0.0,0.0,0.5,1.0,0.0,0.0,0.0,0.0
481.0,ue[1],0,0.0,0.0,0.0,0.0,0.5,1.0,0.0,0.0,0.0,0.022
137.0,attacker[0],1,0.013,0.0152,0.042763,0.002,0.497333,0.453333,1.0,0.066728,1.0,0.027
865.0,attacker[0],1,0.0,0.0,0.0,0.0,0.5,1.0,0.0,0.0,0.0,0.0
138.0,ue[2],0,0.013,0.01,0.065,0.002,0.500333,0.456667,1.0,0.078622,1.0,0.018
801.0,ue[4],0,0.0,0.0,0.0,0.0,0.5,1.0,0.0,0.0,0.0,0.0
1020.0,ue[2],0,0.0,0.0,0.0,0.0,0.5,1.0,0.0,0.0,0.0,0.0
65.0,attacker[1],1,0.016,0.0173,0.046243,0.002,0.498,0.213333,1.0,0.122759,1.0,0.029
154.0,attacker[2],1,0.021,0.0148,0.070946,0.012,0.5005,0.51,1.0,0.304771,1.0,0.025
596.0,attacker[1],1,0.0,0.0,0.0,0.0,0.5,1.0,0.0,0.0,0.0,0.029
1426.0,ue[4],0,0.0,0.0,0.0,0.0,0.5,1.0,0.0,0.0,0.0,0.0
1217.0,ue[3],0,0.0,0.0,0.0,0.0,0.5,1.0,0.0,0.0,0.0,0.0
626.0,ue[1],0,0.0,0.0,0.0,0.0,0.5,1.0,0.0,0.0,0.0,0.02
579.0,ue[3],0,0.0,0.0,0.0,0.0,0.5,1.0,0.0,0.0,0.0,0.018
675.0,ue[2],0,0.0,0.0,0.0,0.0,0.5,1.0,0.0,0.0,0.0,0.02
88.0,ue[0],0,0.015,0.0114,0.065789,0.009,0.49875,0.29,1.0,0.018472,1.0,0.018
31.0,ue[0],0,0.012,0.01,0.06,0.001,0.50125,0.1,1.0,0.0,1.0,0.018
1129.0,attacker[2],1,0.0,0.0,0.0,0.0,0.5,1.0,0.0,0.0,0.0,0.0
1459.0,ue[3],0,0.0,0.0,0.0,0.0,0.5,1.0,0.0,0.0,0.0,0.0
1379.0,ue[1],0,0.0,0.0,0.0,0.0,0.5,1.0,0.0,0.0,0.0,0.0
627.0,ue[0],0,0.0,0.0,0.0,0.0,0.5,1.0,0.0,0.0,0.0,0.022
638.0,ue[0],0,0.0,0.0,0.0,0.0,0.5,1.0,0.0,0.0,0.0,0.022
801.0,ue[1],0,0.0,0.0,0.0,0.0,0.5,1.0,0.0,0.0,0.0,0.0
698.0,ue[0],0,0.0,0.0,0.0,0.0,0.5,1.0,0.0,0.0,0.0,0.022
71.0,ue[1],0,0.01,0.0105,0.047619,0.001,0.500083,0.233333,1.0,0.0,1.0,0.022
1013.0,ue[0],0,0.0,0.0,0.0,0.0,0.5,1.0,0.0,0.0,0.0,0.0
750.0,attacker[0],1,0.0,0.0,0.0,0.0,0.5,1.0,0.0,0.0,0.0,0.03
1083.0,attacker[2],1,0.0,0.0,0.0,0.0,0.5,1.0,0.0,0.0,0.0,0.0
445.0,ue[2],0,0.0,0.0,0.0,0.0,0.5,1.0,0.0,0.0,0.0,0.02
594.0,ue[4],0,0.0,0.0,0.0,0.0,0.5,1.0,0.0,0.0,0.0,0.019
233.0,attacker[0],1,0.01,0.0169,0.029586,0.008,0.497333,0.773333,1.0,0.0,1.0,0.027
847.0,attacker[2],1,0.0,0.0,0.0,0.0,0.5,1.0,0.0,0.0,0.0,0.0
925.0,ue[2],0,0.0,0.0,0.0,0.0,0.5,1.0,0.0,0.0,0.0,0.0
686.0,ue[3],0,0.0,0.0,0.0,0.0,0.5,1.0,0.0,0.0,0.0,0.018
646.0,attacker[2],1,0.0,0.0,0.0,0.0,0.5,1.0,0.0,0.0,0.0,0.03
150.0,ue[1],0,0.012,0.0091,0.065934,0.001,0.502417,0.496667,1.0,0.041703,1.0,0.022
162.0,attacker[1],1,0.017,0.0151,0.056291,0.002,0.502,0.536667,1.0,0.214606,1.0,0.029
920.0,attacker[2],1,0.0,0.0,0.0,0.0,0.5,1.0,0.0,0.0,0.0,0.0
1203.0,attacker[1],1,0.0,0.0,0.0,0.0,0.5,1.0,0.0,0.0,0.0,0.0
793.0,ue[4],0,0.0,0.0,0.0,0.0,0.5,1.0,0.0,0.0,0.0,0.014
322.0,attacker[2],1,0.0,0.0,0.0,0.0,0.5,1.0,0.066667,0.0,0.0,0.03
1289.0,attacker[0],1,0.0,0.0,0.0,0.0,0.5,1.0,0.0,0.0,0.0,0.0
1135.0,attacker[2],1,0.0,0.0,0.0,0.0,0.5,1.0,0.0,0.0,0.0,0.0
832.0,ue[0],0,0.0,0.0,0.0,0.0,0.5,1.0,0.0,0.0,0.0,0.0
968.0,attacker[1],1,0.0,0.0,0.0,0.0,0.5,1.0,0.0,0.0,0.0,0.0
589.0,ue[2],0,0.0,0.0,0.0,0.0,0.5,1.0,0.0,0.0,0.0,0.02
730.0,attacker[1],1,0.0,0.0,0.0,0.0,0.5,1.0,0.0,0.0,0.0,0.025
1266.0,ue[4],0,0.0,0.0,0.0,0.0,0.5,1.0,0.0,0.0,0.0,0.0
1269.0,ue[1],0,0.0,0.0,0.0,0.0,0.5,1.0,0.0,0.0,0.0,0.0
1057.0,ue[2],0,0.0,0.0,0.0,0.0,0.5,1.0,0.0,0.0,0.0,0.0
42.0,attacker[2],1,0.014,0.0168,0.041667,0.003,0.496917,0.136667,1.0,0.035417,1.0,0.024
1343.0,attacker[2],1,0.0,0.0,0.0,0.0,0.5,1.0,0.0,0.0,0.0,0.0
913.0,ue[4],0,0.0,0.0,0.0,0.0,0.5,1.0,0.0,0.0,0.0,0.0
344.0,ue[3],0,0.0,0.0,0.0,0.0,0.5,1.0,0.0,0.0,0.0,0.018
674.0,ue[1],0,0.0,0.0,0.0,0.0,0.5,1.0,0.0,0.0,0.0,0.018
1189.0,ue[0],0,0.0,0.0,0.0,0.0,0.5,1.0,0.0,0.0,0.0,0.0
956.0,attacker[1],1,0.0,0.0,0.0,0.0,0.5,1.0,0.0,0.0,0.0,0.0
827.0,attacker[0],1,0.0,0.0,0.0,0.0,0.5,1.0,0.0,0.0,0.0,0.0
1350.0,ue[4],0,0.0,0.0,0.0,0.0,0.5,1.0,0.0,0.0,0.0,0.0
825.0,attacker[0],1,0.0,0.0,0.0,0.0,0.5,1.0,0.0,0.0,0.0,0.0
668.0,ue[2],0,0.0,0.0,0.0,0.0,0.5,1.0,0.0,0.0,0.0,0.02
454.0,ue[4],0,0.0,0.0,0.0,0.0,0.5,1.0,0.0,0.0,0.0,0.019
330.0,ue[2],0,0.0,0.0,0.0,0.0,0.5,1.0,0.0,0.0,0.0,0.02
1256.0,attacker[2],1,0.0,0.0,0.0,0.0,0.5,1.0,0.0,0.0,0.0,0.0
290.0,attacker[2],1,0.016,0.0182,0.043956,0.002,0.498333,0.963333,1.0,0.167734,1.0,0.03
1319.0,ue[0],0,0.0,0.0,0.0,0.0,0.5,1.0,0.0,0.0,0.0,0.0
928.0,attacker[1],1,0.0,0.0,0.0,0.0,0.5,1.0,0.0,0.0,0.0,0.0
1422.0,ue[1],0,0.0,0.0,0.0,0.0,0.5,1.0,0.0,0.0,0.0,0.0
648.0,attacker[0],1,0.0,0.0,0.0,0.0,0.5,1.0,0.0,0.0,0.0,0.03
953.0,ue[2],0,0.0,0.0,0.0,0.0,0.5,1.0,0.0,0.0,0.0,0.0
1150.0,ue[1],0,0.0,0.0,0.0,0.0,0.5,1.0,0.0,0.0,0.0,0.0
648.0,ue[2],0,0.0,0.0,0.0,0.0,0.5,1.0,0.0,0.0,0.0,0.02
874.0,ue[4],0,0.0,0.0,0.0,0.0,0.5,1.0,0.0,0.0,0.0,0.0
1385.0,ue[1],0,0.0,0.0,0.0,0.0,0.5,1.0,0.0,0.0,0.0,0.0
993.0,ue[1],0,0.0,0.0,0.0,0.0,0.5,1.0,0.0,0.0,0.0,0.0
357.0,attacker[0],1,0.0,0.0,0.0,0.0,0.5,1.0,0.0,0.0,0.0,0.03
841.0,attacker[0],1,0.0,0.0,0.0,0.0,0.5,1.0,0.0,0.0,0.0,0.0
574.0,ue[1],0,0.0,0.0,0.0,0.0,0.5,1.0,0.0,0.0,0.0,0.02
249.0,attacker[1],1,0.015,0.0156,0.048077,0.003,0.499083,0.826667,1.0,0.27215,1.0,0.029
958.0,attacker[2],1,0.0,0.0,0.0,0.0,0.5,1.0,0.0,0.0,0.0,0.0
180.0,attacker[2],1,0.024,0.0159,0.075472,0.011,0.501417,0.596667,1.0,0.368841,1.0,0.025
34.0,ue[0],0,0.009,0.0089,0.050562,0.003,0.498417,0.11,1.0,0.0,1.0,0.018
1165.0,ue[4],0,0.0,0.0,0.0,0.0,0.5,1.0,0.0,0.0,0.0,0.0
692.0,ue[0],0,0.0,0.0,0.0,0.0,0.5,1.0,0.0,0.0,0.0,0.022
573.0,ue[4],0,0.0,0.0,0.0,0.0,0.5,1.0,0.0,0.0,0.0,0.019
711.0,ue[4],0,0.0,0.0,0.0,0.0,0.5,1.0,0.0,0.0,0.0,0.018
484.0,ue[4],0,0.0,0.0,0.0,0.0,0.5,1.0,0.0,0.0,0.0,0.019
626.0,attacker[2],1,0.0,0.0,0.0,0.0,0.5,1.0,0.0,0.0,0.0,0.03
1437.0,ue[0],0,0.0,0.0,0.0,0.0,0.5,1.0,0.0,0.0,0.0,0.0
1241.0,attacker[1],1,0.0,0.0,0.0,0.0,0.5,1.0,0.0,0.0,0.0,0.0
1188.0,ue[1],0,0.0,0.0,0.0,0.0,0.5,1.0,0.0,0.0,0.0,0.0
1170.0,ue[4],0,0.0,0.0,0.0,0.0,0.5,1.0,0.0,0.0,0.0,0.0
1378.0,attacker[1],1,0.0,0.0,0.0,0.0,0.5,1.0,0.0,0.0,0.0,0.0
465.0,ue[3],0,0.0,0.0,0.0,0.0,0.5,1.0,0.0,0.0,0.0,0.018
279.0,ue[1],0,0.01,0.0096,0.052083,0.004,0.5005,0.926667,1.0,0.0,1.0,0.022
794.0,ue[1],0,0.0,0.0,0.0,0.0,0.5,1.0,0.0,0.0,0.0,0.012
111.0,ue[3],0,0.008,0.0091,0.043956,0.005,0.501083,0.366667,1.0,0.0,1.0,0.017
126.0,attacker[2],1,0.015,0.0178,0.042135,0.004,0.496667,0.416667,1.0,0.045691,1.0,0.025
471.0,ue[4],0,0.0,0.0,0.0,0.0,0.5,1.0,0.0,0.0,0.0,0.019
654.0,attacker[1],1,0.0,0.0,0.0,0.0,0.5,1.0,0.0,0.0,0.0,0.025
331.0,ue[2],0,0.0,0.0,0.0,0.0,0.5,1.0,0.0,0.0,0.0,0.02
983.0,attacker[2],1,0.0,0.0,0.0,0.0,0.5,1.0,0.0,0.0,0.0,0.0
448.0,ue[4],0,0.0,0.0,0.0,0.0,0.5,1.0,0.0,0.0,0.0,0.019
480.0,attacker[1],1,0.0,0.0,0.0,0.0,0.5,1.0,0.0,0.0,0.0,0.029
1401.0,ue[4],0,0.0,0.0,0.0,0.0,0.5,1.0,0.0,0.0,0.0,0.0
558.0,ue[0],0,0.0,0.0,0.0,0.0,0.5,1.0,0.0,0.0,0.0,0.022
1406.0,ue[3],0,0.0,0.0,0.0,0.0,0.5,1.0,0.0,0.0,0.0,0.0
981.0,ue[0],0,0.0,0.0,0.0,0.0,0.5,1.0,0.0,0.0,0.0,0.0
37.0,attacker[0],1,0.023,0.016,0.071875,0.004,0.502667,0.12,1.0,0.376288,1.0,0.027
1293.0,ue[1],0,0.0,0.0,0.0,0.0,0.5,1.0,0.0,0.0,0.0,0.0
1116.0,ue[2],0,0.0,0.0,0.0,0.0,0.5,1.0,0.0,0.0,0.0,0.0
592.0,ue[2],0,0.0,0.0,0.0,0.0,0.5,1.0,0.0,0.0,0.0,0.02
359.0,ue[1],0,0.0,0.0,0.0,0.0,0.5,1.0,0.0,0.0,0.0,0.022
150.0,ue[4],0,0.007,0.0111,0.031532,0.004,0.5,0.496667,1.0,0.0,1.0,0.019
1067.0,attacker[2],1,0.0,0.0,0.0,0.0,0.5,1.0,0.0,0.0,0.0,0.0
1491.0,attacker[0],1,0.0,0.0,0.0,0.0,0.5,1.0,0.0,0.0,0.0,0.0
1446.0,attacker[2],1,0.0,0.0,0.0,0.0,0.5,1.0,0.0,0.0,0.0,0.0
402.0,attacker[0],1,0.0,0.0,0.0,0.0,0.5,1.0,0.0,0.0,0.0,0.03
1409.0,attacker[1],1,0.0,0.0,0.0,0.0,0.5,1.0,0.0,0.0,0.0,0.0
754.0,attacker[1],1,0.0,0.0,0.0,0.0,0.5,1.0,0.0,0.0,0.0,0.025
965.0,ue[2],0,0.0,0.0,0.0,0.0,0.5,1.0,0.0,0.0,0.0,0.0
1307.0,ue[1],0,0.0,0.0,0.0,0.0,0.5,1.0,0.0,0.0,0.0,0.0
1198.0,attacker[0],1,0.0,0.0,0.0,0.0,0.5,1.0,0.0,0.0,0.0,0.0
1065.0,ue[2],0,0.0,0.0,0.0,0.0,0.5,1.0,0.0,0.0,0.0,0.0
1328.0,attacker[1],1,0.0,0.0,0.0,0.0,0.5,1.0,0.0,0.0,0.0,0.0
239.0,attacker[1],1,0.019,0.017,0.055882,0.003,0.499917,0.793333,1.0,0.357771,1.0,0.029
16.0,attacker[2],1,0.018,0.0157,0.057325,0.003,0.501583,0.05,0.941176,0.184115,0.533333,0.021
950.0,ue[1],0,0.0,0.0,0.0,0.0,0.5,1.0,0.0,0.0,0.0,0.0
871.0,attacker[0],1,0.0,0.0,0.0,0.0,0.5,1.0,0.0,0.0,0.0,0.0
717.0,attacker[0],1,0.0,0.0,0.0,0.0,0.5,1.0,0.0,0.0,0.0,0.03
949.0,attacker[1],1,0.0,0.0,0.0,0.0,0.5,1.0,0.0,0.0,0.0,0.0
745.0,attacker[1],1,0.0,0.0,0.0,0.0,0.5,1.0,0.0,0.0,0.0,0.025
1405.0,ue[4],0,0.0,0.0,0.0,0.0,0.5,1.0,0.0,0.0,0.0,0.0
150.0,attacker[1],1,0.015,0.0179,0.041899,0.004,0.4995,0.496667,1.0,0.208514,1.0,0.029
1158.0,attacker[0],1,0.0,0.0,0.0,0.0,0.5,1.0,0.0,0.0,0.0,0.0
164.0,attacker[2],1,0.017,0.0144,0.059028,0.004,0.500333,0.543333,1.0,0.290363,1.0,0.025
1462.0,attacker[0],1,0.0,0.0,0.0,0.0,0.5,1.0,0.0,0.0,0.0,0.0
347.0,attacker[1],1,0.0,0.0,0.0,0.0,0.5,1.0,0.0,0.0,0.0,0.029
1362.0,ue[2],0,0.0,0.0,0.0,0.0,0.5,1.0,0.0,0.0,0.0,0.0
1398.0,ue[4],0,0.0,0.0,0.0,0.0,0.5,1.0,0.0,0.0,0.0,0.0
1288.0,attacker[2],1,0.0,0.0,0.0,0.0,0.5,1.0,0.0,0.0,0.0,0.0
296.0,ue[4],0,0.0,0.009,0.0,0.0,0.493,0.983333,0.933333,0.0,0.0,0.019
757.0,attacker[0],1,0.0,0.0,0.0,0.0,0.5,1.0,0.0,0.0,0.0,0.03
376.0,ue[3],0,0.0,0.0,0.0,0.0,0.5,1.0,0.0,0.0,0.0,0.018
307.0,ue[3],0,0.0,0.0,0.0,0.0,0.5,1.0,0.566667,0.0,0.0,0.018
910.0,attacker[0],1,0.0,0.0,0.0,0.0,0.5,1.0,0.0,0.0,0.0,0.0
861.0,ue[1],0,0.0,0.0,0.0,0.0,0.5,1.0,0.0,0.0,0.0,0.0
1247.0,ue[0],0,0.0,0.0,0.0,0.0,0.5,1.0,0.0,0.0,0.0,0.0
818.0,ue[4],0,0.0,0.0,0.0,0.0,0.5,1.0,0.0,0.0,0.0,0.0
1387.0,ue[2],0,0.0,0.0,0.0,0.0,0.5,1.0,0.0,0.0,0.0,0.0
116.0,ue[4],0,0.01,0.0106,0.04717,0.006,0.5015,0.383333,1.0,0.0,1.0,0.019
1353.0,attacker[0],1,0.0,0.0,0.0,0.0,0.5,1.0,0.0,0.0,0.0,0.0
184.0,ue[1],0,0.01,0.0104,0.048077,0.001,0.501583,0.61,1.0,0.0,1.0,0.022
294.0,attacker[0],1,0.016,0.0203,0.039409,0.0,0.4985,0.976667,1.0,0.076038,1.0,0.03
99.0,ue[0],0,0.008,0.0095,0.042105,0.002,0.499,0.326667,1.0,0.0,1.0,0.018
799.0,ue[4],0,0.0,0.0,0.0,0.0,0.5,1.0,0.0,0.0,0.0,0.0
975.0,attacker[2],1,0.0,0.0,0.0,0.0,0.5,1.0,0.0,0.0,0.0,0.0
631.0,ue[0],0,0.0,0.0,0.0,0.0,0.5,1.0,0.0,0.0,0.0,0.022
448.0,attacker[2],1,0.0,0.0,0.0,0.0,0.5,1.0,0.0,0.0,0.0,0.03
35.0,ue[0],0,0.014,0.0095,0.073684,0.005,0.50125,0.113333,1.0,0.029894,1.0,0.018
1425.0,ue[3],0,0.0,0.0,0.0,0.0,0.5,1.0,0.0,0.0,0.0,0.0
287.0,attacker[0],1,0.02,0.0192,0.052083,0.01,0.504,0.953333,1.0,0.315621,1.0,0.03
941.0,attacker[1],1,0.0,0.0,0.0,0.0,0.5,1.0,0.0,0.0,0.0,0.0
819.0,attacker[0],1,0.0,0.0,0.0,0.0,0.5,1.0,0.0,0.0,0.0,0.0
209.0,ue[3],0,0.008,0.0101,0.039604,0.001,0.498083,0.693333,1.0,0.0,1.0,0.017
185.0,attacker[0],1,0.022,0.018,0.061111,0.001,0.502583,0.613333,1.0,0.430911,1.0,0.027
53.0,ue[4],0,0.01,0.0095,0.052632,0.007,0.498417,0.173333,1.0,0.0,1.0,0.019
1164.0,ue[4],0,0.0,0.0,0.0,0.0,0.5,1.0,0.0,0.0,0.0,0.0
979.0,ue[4],0,0.0,0.0,0.0,0.0,0.5,1.0,0.0,0.0,0.0,0.0
852.0,ue[3],0,0.0,0.0,0.0,0.0,0.5,1.0,0.0,0.0,0.0,0.0
1392.0,ue[3],0,0.0,0.0,0.0,0.0,0.5,1.0,0.0,0.0,0.0,0.0
1371.0,ue[0],0,0.0,0.0,0.0,0.0,0.5,1.0,0.0,0.0,0.0,0.0
1262.0,ue[1],0,0.0,0.0,0.0,0.0,0.5,1.0,0.0,0.0,0.0,0.0
880.0,ue[3],0,0.0,0.0,0.0,0.0,0.5,1.0,0.0,0.0,0.0,0.0
739.0,ue[1],0,0.0,0.0,0.0,0.0,0.5,1.0,0.0,0.0,0.0,0.018
735.0,ue[1],0,0.0,0.0,0.0,0.0,0.5,1.0,0.0,0.0,0.0,0.018
1095.0,ue[3],0,0.0,0.0,0.0,0.0,0.5,1.0,0.0,0.0,0.0,0.0
1321.0,ue[0],0,0.0,0.0,0.0,0.0,0.5,1.0,0.0,0.0,0.0,0.0
860.0,ue[0],0,0.0,0.0,0.0,0.0,0.5,1.0,0.0,0.0,0.0,0.0
752.0,attacker[1],1,0.0,0.0,0.0,0.0,0.5,1.0,0.0,0.0,0.0,0.025
539.0,ue[4],0,0.0,0.0,0.0,0.0,0.5,1.0,0.0,0.0,0.0,0.019
1136.0,ue[2],0,0.0,0.0,0.0,0.0,0.5,1.0,0.0,0.0,0.0,0.0
58.0,ue[1],0,0.007,0.01,0.035,0.0,0.499,0.19,1.0,0.0,1.0,0.022
832.0,attacker[2],1,0.0,0.0,0.0,0.0,0.5,1.0,0.0,0.0,0.0,0.0
1134.0,attacker[1],1,0.0,0.0,0.0,0.0,0.5,1.0,0.0,0.0,0.0,0.0
117.0,ue[1],0,0.01,0.0092,0.054348,0.001,0.50025,0.386667,1.0,0.0,1.0,0.022
1341.0,ue[3],0,0.0,0.0,0.0,0.0,0.5,1.0,0.0,0.0,0.0,0.0
1295.0,ue[4],0,0.0,0.0,0.0,0.0,0.5,1.0,0.0,0.0,0.0,0.0
1216.0,ue[3],0,0.0,0.0,0.0,0.0,0.5,1.0,0.0,0.0,0.0,0.0
6.0,ue[2],0,0.006,0.008571,0.035,0.004,0.498,0.016667,1.0,0.0,0.233333,0.015
407.0,ue[0],0,0.0,0.0,0.0,0.0,0.5,1.0,0.0,0.0,0.0,0.022
187.0,ue[1],0,0.014,0.0105,0.066667,0.0,0.5015,0.62,1.0,0.196599,1.0,0.022
882.0,attacker[2],1,0.0,0.0,0.0,0.0,0.5,1.0,0.0,0.0,0.0,0.0
1216.0,attacker[2],1,0.0,0.0,0.0,0.0,0.5,1.0,0.0,0.0,0.0,0.0
864.0,attacker[0],1,0.0,0.0,0.0,0.0,0.5,1.0,0.0,0.0,0.0,0.0
197.0,attacker[1],1,0.018,0.0183,0.04918,0.001,0.50025,0.653333,1.0,0.275329,1.0,0.029
133.0,ue[4],0,0.005,0.0106,0.023585,0.004,0.497667,0.44,1.0,0.0,1.0,0.019
705.0,ue[0],0,0.0,0.0,0.0,0.0,0.5,1.0,0.0,0.0,0.0,0.022
1192.0,ue[2],0,0.0,0.0,0.0,0.0,0.5,1.0,0.0,0.0,0.0,0.0
1197.0,ue[2],0,0.0,0.0,0.0,0.0,0.5,1.0,0.0,0.0,0.0,0.0
1169.0,ue[3],0,0.0,0.0,0.0,0.0,0.5,1.0,0.0,0.0,0.0,0.0
1391.0,attacker[2],1,0.0,0.0,0.0,0.0,0.5,1.0,0.0,0.0,0.0,0.0
1395.0,ue[3],0,0.0,0.0,0.0,0.0,0.5,1.0,0.0,0.0,0.0,0.0
1415.0,ue[1],0,0.0,0.0,0.0,0.0,0.5,1.0,0.0,0.0,0.0,0.0
530.0,ue[1],0,0.0,0.0,0.0,0.0,0.5,1.0,0.0,0.0,0.0,0.022
1106.0,attacker[0],1,0.0,0.0,0.0,0.0,0.5,1.0,0.0,0.0,0.0,0.0
1188.0,ue[2],0,0.0,0.0,0.0,0.0,0.5,1.0,0.0,0.0,0.0,0.0
1054.0,ue[0],0,0.0,0.0,0.0,0.0,0.5,1.0,0.0,0.0,0.0,0.0
161.0,ue[2],0,0.009,0.0096,0.046875,0.006,0.501833,0.533333,1.0,0.0,1.0,0.018
605.0,attacker[2],1,0.0,0.0,0.0,0.0,0.5,1.0,0.0,0.0,0.0,0.03
1332.0,ue[2],0,0.0,0.0,0.0,0.0,0.5,1.0,0.0,0.0,0.0,0.0
326.0,ue[1],0,0.0,0.0,0.0,0.0,0.5,1.0,0.0,0.0,0.0,0.022
295.0,ue[2],0,0.0,0.0091,0.0,0.012,0.4985,0.98,0.966667,0.0,0.0,0.02
219.0,ue[2],0,0.013,0.008,0.08125,0.005,0.501083,0.726667,1.0,0.004893,1.0,0.018
54.0,ue[4],0,0.01,0.0098,0.05102,0.0,0.501,0.176667,1.0,0.0,1.0,0.019
891.0,ue[0],0,0.0,0.0,0.0,0.0,0.5,1.0,0.0,0.0,0.0,0.0
203.0,attacker[0],1,0.019,0.0168,0.056548,0.002,0.5015,0.673333,1.0,0.36967,1.0,0.027
343.0,ue[4],0,0.0,0.0,0.0,0.0,0.5,1.0,0.0,0.0,0.0,0.019
1112.0,ue[1],0,0.0,0.0,0.0,0.0,0.5,1.0,0.0,0.0,0.0,0.0
292.0,ue[3],0,0.009,0.0084,0.053571,0.003,0.502083,0.97,1.0,0.0,1.0,0.018
128.0,ue[1],0,0.006,0.0089,0.033708,0.002,0.497,0.423333,1.0,0.0,1.0,0.022
1263.0,ue[2],0,0.0,0.0,0.0,0.0,0.5,1.0,0.0,0.0,0.0,0.0
1242.0,ue[1],0,0.0,0.0,0.0,0.0,0.5,1.0,0.0,0.0,0.0,0.0
933.0,ue[3],0,0.0,0.0,0.0,0.0,0.5,1.0,0.0,0.0,0.0,0.0
162.0,ue[2],0,0.01,0.0092,0.054348,0.001,0.499417,0.536667,1.0,0.0,1.0,0.018
796.0,ue[3],0,0.0,0.0,0.0,0.0,0.5,1.0,0.0,0.0,0.0,0.0
1473.0,ue[2],0,0.0,0.0,0.0,0.0,0.5,1.0,0.0,0.0,0.0,0.0
245.0,attacker[2],1,0.014,0.0152,0.046053,0.003,0.49975,0.813333,1.0,0.035921,1.0,0.03
984.0,ue[4],0,0.0,0.0,0.0,0.0,0.5,1.0,0.0,0.0,0.0,0.0
305.0,ue[0],0,0.0,0.0,0.0,0.0,0.5,1.0,0.633333,0.0,0.0,0.022
949.0,ue[0],0,0.0,0.0,0.0,0.0,0.5,1.0,0.0,0.0,0.0,0.0
312.0,ue[4],0,0.0,0.0,0.0,0.0,0.5,1.0,0.4,0.0,0.0,0.019
1266.0,attacker[2],1,0.0,0.0,0.0,0.0,0.5,1.0,0.0,0.0,0.0,0.0
276.0,attacker[1],1,0.024,0.0177,0.067797,0.01,0.5015,0.916667,1.0,0.406164,1.0,0.029
304.0,ue[4],0,0.0,0.0,0.0,0.0,0.5,1.0,0.666667,0.0,0.0,0.019
529.0,attacker[0],1,0.0,0.0,0.0,0.0,0.5,1.0,0.0,0.0,0.0,0.03
457.0,ue[0],0,0.0,0.0,0.0,0.0,0.5,1.0,0.0,0.0,0.0,0.022
996.0,ue[0],0,0.0,0.0,0.0,0.0,0.5,1.0,0.0,0.0,0.0,0.0
855.0,attacker[0],1,0.0,0.0,0.0,0.0,0.5,1.0,0.0,0.0,0.0,0.0
1275.0,attacker[0],1,0.0,0.0,0.0,0.0,0.5,1.0,0.0,0.0,0.0,0.0
765.0,attacker[2],1,0.0,0.0,0.0,0.0,0.5,1.0,0.0,0.0,0.0,0.026
284.0,attacker[2],1,0.019,0.0186,0.051075,0.0,0.499167,0.943333,1.0,0.477945,1.0,0.03
1112.0,ue[2],0,0.0,0.0,0.0,0.0,0.5,1.0,0.0,0.0,0.0,0.0
632.0,attacker[2],1,0.0,0.0,0.0,0.0,0.5,1.0,0.0,0.0,0.0,0.03
977.0,attacker[0],1,0.0,0.0,0.0,0.0,0.5,1.0,0.0,0.0,0.0,0.0
1281.0,attacker[1],1,0.0,0.0,0.0,0.0,0.5,1.0,0.0,0.0,0.0,0.0
459.0,ue[1],0,0.0,0.0,0.0,0.0,0.5,1.0,0.0,0.0,0.0,0.022
101.0,attacker[0],1,0.018,0.0149,0.060403,0.007,0.498917,0.333333,1.0,0.193866,1.0,0.027
1092.0,ue[3],0,0.0,0.0,0.0,0.0,0.5,1.0,0.0,0.0,0.0,0.0
373.0,attacker[0],1,0.0,0.0,0.0,0.0,0.5,1.0,0.0,0.0,0.0,0.03
1027.0,ue[2],0,0.0,0.0,0.0,0.0,0.5,1.0,0.0,0.0,0.0,0.0
1137.0,ue[1],0,0.0,0.0,0.0,0.0,0.5,1.0,0.0,0.0,0.0,0.0
394.0,attacker[1],1,0.0,0.0,0.0,0.0,0.5,1.0,0.0,0.0,0.0,0.029
1453.0,attacker[1],1,0.0,0.0,0.0,0.0,0.5,1.0,0.0,0.0,0.0,0.0
280.0,ue[0],0,0.009,0.0106,0.042453,0.002,0.498167,0.93,1.0,0.0,1.0,0.022
1029.0,ue[4],0,0.0,0.0,0.0,0.0,0.5,1.0,0.0,0.0,0.0,0.0
1220.0,attacker[1],1,0.0,0.0,0.0,0.0,0.5,1.0,0.0,0.0,0.0,0.0
822.0,attacker[1],1,0.0,0.0,0.0,0.0,0.5,1.0,0.0,0.0,0.0,0.0
139.0,ue[0],0,0.009,0.0102,0.044118,0.002,0.501167,0.46,1.0,0.0,1.0,0.018
937.0,ue[1],0,0.0,0.0,0.0,0.0,0.5,1.0,0.0,0.0,0.0,0.0
951.0,attacker[2],1,0.0,0.0,0.0,0.0,0.5,1.0,0.0,0.0,0.0,0.0
850.0,ue[1],0,0.0,0.0,0.0,0.0,0.5,1.0,0.0,0.0,0.0,0.0
552.0,ue[4],0,0.0,0.0,0.0,0.0,0.5,1.0,0.0,0.0,0.0,0.019
1319.0,ue[4],0,0.0,0.0,0.0,0.0,0.5,1.0,0.0,0.0,0.0,0.0
911.0,ue[0],0,0.0,0.0,0.0,0.0,0.5,1.0,0.0,0.0,0.0,0.0
537.0,attacker[2],1,0.0,0.0,0.0,0.0,0.5,1.0,0.0,0.0,0.0,0.03
1472.0,ue[3],0,0.0,0.0,0.0,0.0,0.5,1.0,0.0,0.0,0.0,0.0
1453.0,ue[0],0,0.0,0.0,0.0,0.0,0.5,1.0,0.0,0.0,0.0,0.0
1099.0,ue[2],0,0.0,0.0,0.0,0.0,0.5,1.0,0.0,0.0,0.0,0.0
1195.0,attacker[2],1,0.0,0.0,0.0,0.0,0.5,1.0,0.0,0.0,0.0,0.0
1147.0,ue[3],0,0.0,0.0,0.0,0.0,0.5,1.0,0.0,0.0,0.0,0.0
130.0,attacker[1],1,0.018,0.0172,0.052326,0.001,0.499917,0.43,1.0,0.220177,1.0,0.029
1226.0,ue[3],0,0.0,0.0,0.0,0.0,0.5,1.0,0.0,0.0,0.0,0.0
1175.0,attacker[2],1,0.0,0.0,0.0,0.0,0.5,1.0,0.0,0.0,0.0,0.0
1194.0,ue[0],0,0.0,0.0,0.0,0.0,0.5,1.0,0.0,0.0,0.0,0.0
85.0,ue[4],0,0.007,0.0083,0.042169,0.003,0.500583,0.28,1.0,0.0,1.0,0.019
953.0,attacker[0],1,0.0,0.0,0.0,0.0,0.5,1.0,0.0,0.0,0.0,0.0
324.0,ue[2],0,0.0,0.0,0.0,0.0,0.5,1.0,0.0,0.0,0.0,0.02
1384.0,ue[3],0,0.0,0.0,0.0,0.0,0.5,1.0,0.0,0.0,0.0,0.0
253.0,attacker[0],1,0.021,0.0174,0.060345,0.008,0.501167,0.84,1.0,0.371521,1.0,0.027
373.0,ue[2],0,0.0,0.0,0.0,0.0,0.5,1.0,0.0,0.0,0.0,0.02
592.0,ue[0],0,0.0,0.0,0.0,0.0,0.5,1.0,0.0,0.0,0.0,0.022
574.0,attacker[0],1,0.0,0.0,0.0,0.0,0.5,1.0,0.0,0.0,0.0,0.03
1007.0,ue[3],0,0.0,0.0,0.0,0.0,0.5,1.0,0.0,0.0,0.0,0.0
1357.0,attacker[1],1,0.0,0.0,0.0,0.0,0.5,1.0,0.0,0.0,0.0,0.0
436.0,ue[2],0,0.0,0.0,0.0,0.0,0.5,1.0,0.0,0.0,0.0,0.02
295.0,attacker[0],1,0.0,0.0181,0.0,0.016,0.4955,0.98,0.966667,0.0,0.0,0.03
64.0,ue[1],0,0.011,0.011,0.05,0.006,0.500167,0.21,1.0,0.0,1.0,0.022
454.0,attacker[1],1,0.0,0.0,0.0,0.0,0.5,1.0,0.0,0.0,0.0,0.029
1133.0,ue[0],0,0.0,0.0,0.0,0.0,0.5,1.0,0.0,0.0,0.0,0.0
1173.0,attacker[0],1,0.0,0.0,0.0,0.0,0.5,1.0,0.0,0.0,0.0,0.0
1061.0,ue[4],0,0.0,0.0,0.0,0.0,0.5,1.0,0.0,0.0,0.0,0.0
502.0,ue[1],0,0.0,0.0,0.0,0.0,0.5,1.0,0.0,0.0,0.0,0.022
279.0,ue[2],0,0.007,0.0077,0.045455,0.001,0.500583,0.926667,1.0,0.0,1.0,0.02
1327.0,ue[2],0,0.0,0.0,0.0,0.0,0.5,1.0,0.0,0.0,0.0,0.0
1073.0,ue[2],0,0.0,0.0,0.0,0.0,0.5,1.0,0.0,0.0,0.0,0.0
758.0,ue[1],0,0.0,0.0,0.0,0.0,0.5,1.0,0.0,0.0,0.0,0.018
729.0,ue[1],0,0.0,0.0,0.0,0.0,0.5,1.0,0.0,0.0,0.0,0.018
445.0,attacker[2],1,0.0,0.0,0.0,0.0,0.5,1.0,0.0,0.0,0.0,0.03
926.0,ue[0],0,0.0,0.0,0.0,0.0,0.5,1.0,0.0,0.0,0.0,0.0
134.0,ue[4],0,0.01,0.0105,0.047619,0.005,0.498583,0.443333,1.0,0.0,1.0,0.019
189.0,attacker[1],1,0.023,0.0167,0.068862,0.007,0.50125,0.626667,1.0,0.324026,1.0,0.029
274.0,ue[3],0,0.011,0.0097,0.056701,0.002,0.500833,0.91,1.0,0.0,1.0,0.018
837.0,ue[0],0,0.0,0.0,0.0,0.0,0.5,1.0,0.0,0.0,0.0,0.0
618.0,attacker[0],1,0.0,0.0,0.0,0.0,0.5,1.0,0.0,0.0,0.0,0.03
1280.0,ue[3],0,0.0,0.0,0.0,0.0,0.5,1.0,0.0,0.0,0.0,0.0
724.0,ue[1],0,0.0,0.0,0.0,0.0,0.5,1.0,0.0,0.0,0.0,0.018
597.0,ue[0],0,0.0,0.0,0.0,0.0,0.5,1.0,0.0,0.0,0.0,0.022
1445.0,ue[0],0,0.0,0.0,0.0,0.0,0.5,1.0,0.0,0.0,0.0,0.0
285.0,ue[4],0,0.014,0.0098,0.071429,0.004,0.501,0.946667,1.0,0.0,1.0,0.019
1059.0,ue[0],0,0.0,0.0,0.0,0.0,0.5,1.0,0.0,0.0,0.0,0.0
358.0,ue[1],0,0.0,0.0,0.0,0.0,0.5,1.0,0.0,0.0,0.0,0.022
317.0,ue[3],0,0.0,0.0,0.0,0.0,0.5,1.0,0.233333,0.0,0.0,0.018
1017.0,attacker[2],1,0.0,0.0,0.0,0.0,0.5,1.0,0.0,0.0,0.0,0.0
278.0,ue[1],0,0.006,0.0093,0.032258,0.002,0.499333,0.923333,1.0,0.0,1.0,0.022
341.0,attacker[2],1,0.0,0.0,0.0,0.0,0.5,1.0,0.0,0.0,0.0,0.03
508.0,ue[0],0,0.0,0.0,0.0,0.0,0.5,1.0,0.0,0.0,0.0,0.022
879.0,attacker[2],1,0.0,0.0,0.0,0.0,0.5,1.0,0.0,0.0,0.0,0.0
1181.0,attacker[1],1,0.0,0.0,0.0,0.0,0.5,1.0,0.0,0.0,0.0,0.0
681.0,attacker[1],1,0.0,0.0,0.0,0.0,0.5,1.0,0.0,0.0,0.0,0.025
89.0,ue[0],0,0.013,0.0118,0.055085,0.002,0.5015,0.293333,1.0,0.033767,1.0,0.018
396.0,ue[2],0,0.0,0.0,0.0,0.0,0.5,1.0,0.0,0.0,0.0,0.02
1041.0,attacker[2],1,0.0,0.0,0.0,0.0,0.5,1.0,0.0,0.0,0.0,0.0
871.0,ue[0],0,0.0,0.0,0.0,0.0,0.5,1.0,0.0,0.0,0.0,0.0
408.0,ue[1],0,0.0,0.0,0.0,0.0,0.5,1.0,0.0,0.0,0.0,0.022
738.0,ue[1],0,0.0,0.0,0.0,0.0,0.5,1.0,0.0,0.0,0.0,0.018
1480.0,attacker[1],1,0.0,0.0,0.0,0.0,0.5,1.0,0.0,0.0,0.0,0.0
22.0,ue[0],0,0.01,0.0087,0.057471,0.003,0.49975,0.07,1.0,0.0,0.766667,0.018
1270.0,attacker[2],1,0.0,0.0,0.0,0.0,0.5,1.0,0.0,0.0,0.0,0.0
495.0,ue[4],0,0.0,0.0,0.0,0.0,0.5,1.0,0.0,0.0,0.0,0.019
1375.0,ue[0],0,0.0,0.0,0.0,0.0,0.5,1.0,0.0,0.0,0.0,0.0
1344.0,ue[4],0,0.0,0.0,0.0,0.0,0.5,1.0,0.0,0.0,0.0,0.0
862.0,attacker[2],1,0.0,0.0,0.0,0.0,0.5,1.0,0.0,0.0,0.0,0.0
1144.0,ue[3],0,0.0,0.0,0.0,0.0,0.5,1.0,0.0,0.0,0.0,0.0
1169.0,attacker[2],1,0.0,0.0,0.0,0.0,0.5,1.0,0.0,0.0,0.0,0.0
695.0,ue[1],0,0.0,0.0,0.0,0.0,0.5,1.0,0.0,0.0,0.0,0.018
774.0,attacker[0],1,0.0,0.0,0.0,0.0,0.5,1.0,0.0,0.0,0.0,0.03
1025.0,ue[0],0,0.0,0.0,0.0,0.0,0.5,1.0,0.0,0.0,0.0,0.0
486.0,ue[1],0,0.0,0.0,0.0,0.0,0.5,1.0,0.0,0.0,0.0,0.022
329.0,ue[2],0,0.0,0.0,0.0,0.0,0.5,1.0,0.0,0.0,0.0,0.02
392.0,attacker[1],1,0.0,0.0,0.0,0.0,0.5,1.0,0.0,0.0,0.0,0.029
311.0,ue[3],0,0.0,0.0,0.0,0.0,0.5,1.0,0.433333,0.0,0.0,0.018
1166.0,attacker[0],1,0.0,0.0,0.0,0.0,0.5,1.0,0.0,0.0,0.0,0.0
574.0,ue[2],0,0.0,0.0,0.0,0.0,0.5,1.0,0.0,0.0,0.0,0.02
156.0,attacker[0],1,0.018,0.0155,0.058065,0.001,0.501917,0.516667,1.0,0.300222,1.0,0.027
728.0,ue[4],0,0.0,0.0,0.0,0.0,0.5,1.0,0.0,0.0,0.0,0.018
951.0,ue[3],0,0.0,0.0,0.0,0.0,0.5,1.0,0.0,0.0,0.0,0.0
1488.0,ue[4],0,0.0,0.0,0.0,0.0,0.5,1.0,0.0,0.0,0.0,0.0
986.0,ue[3],0,0.0,0.0,0.0,0.0,0.5,1.0,0.0,0.0,0.0,0.0
573.0,ue[0],0,0.0,0.0,0.0,0.0,0.5,1.0,0.0,0.0,0.0,0.022
1490.0,attacker[0],1,0.0,0.0,0.0,0.0,0.5,1.0,0.0,0.0,0.0,0.0
1142.0,ue[0],0,0.0,0.0,0.0,0.0,0.5,1.0,0.0,0.0,0.0,0.0
1256.0,ue[2],0,0.0,0.0,0.0,0.0,0.5,1.0,0.0,0.0,0.0,0.0
1030.0,attacker[1],1,0.0,0.0,0.0,0.0,0.5,1.0,0.0,0.0,0.0,0.0
1209.0,ue[0],0,0.0,0.0,0.0,0.0,0.5,1.0,0.0,0.0,0.0,0.0
1056.0,attacker[1],1,0.0,0.0,0.0,0.0,0.5,1.0,0.0,0.0,0.0,0.0
6.0,attacker[0],1,0.02,0.013857,0.072165,0.006,0.499667,0.016667,0.857143,0.269408,0.2,0.02
676.0,attacker[0],1,0.0,0.0,0.0,0.0,0.5,1.0,0.0,0.0,0.0,0.03
1184.0,ue[3],0,0.0,0.0,0.0,0.0,0.5,1.0,0.0,0.0,0.0,0.0
7.0,ue[1],0,0.013,0.009875,0.065823,0.004,0.5,0.02,1.0,0.038089,0.266667,0.017
373.0,attacker[2],1,0.0,0.0,0.0,0.0,0.5,1.0,0.0,0.0,0.0,0.03
1211.0,ue[3],0,0.0,0.0,0.0,0.0,0.5,1.0,0.0,0.0,0.0,0.0
1122.0,ue[1],0,0.0,0.0,0.0,0.0,0.5,1.0,0.0,0.0,0.0,0.0
87.0,ue[2],0,0.014,0.0102,0.068627,0.006,0.501,0.286667,1.0,0.13364,1.0,0.018
454.0,attacker[2],1,0.0,0.0,0.0,0.0,0.5,1.0,0.0,0.0,0.0,0.03
747.0,ue[1],0,0.0,0.0,0.0,0.0,0.5,1.0,0.0,0.0,0.0,0.018
1249.0,attacker[1],1,0.0,0.0,0.0,0.0,0.5,1.0,0.0,0.0,0.0,0.0
1229.0,ue[3],0,0.0,0.0,0.0,0.0,0.5,1.0,0.0,0.0,0.0,0.0
808.0,attacker[2],1,0.0,0.0,0.0,0.0,0.5,1.0,0.0,0.0,0.0,0.0
746.0,ue[0],0,0.0,0.0,0.0,0.0,0.5,1.0,0.0,0.0,0.0,0.022
258.0,ue[4],0,0.011,0.0092,0.059783,0.003,0.50125,0.856667,1.0,0.0,1.0,0.019
994.0,attacker[2],1,0.0,0.0,0.0,0.0,0.5,1.0,0.0,0.0,0.0,0.0
1397.0,ue[2],0,0.0,0.0,0.0,0.0,0.5,1.0,0.0,0.0,0.0,0.0
112.0,attacker[0],1,0.021,0.017,0.061765,0.007,0.500917,0.37,1.0,0.397995,1.0,0.027
514.0,ue[1],0,0.0,0.0,0.0,0.0,0.5,1.0,0.0,0.0,0.0,0.022
342.0,attacker[0],1,0.0,0.0,0.0,0.0,0.5,1.0,0.0,0.0,0.0,0.03
609.0,ue[0],0,0.0,0.0,0.0,0.0,0.5,1.0,0.0,0.0,0.0,0.022
1192.0,attacker[2],1,0.0,0.0,0.0,0.0,0.5,1.0,0.0,0.0,0.0,0.0
411.0,ue[3],0,0.0,0.0,0.0,0.0,0.5,1.0,0.0,0.0,0.0,0.018
27.0,ue[2],0,0.01,0.0111,0.045045,0.001,0.499417,0.086667,1.0,0.0,0.933333,0.018
318.0,ue[2],0,0.0,0.0,0.0,0.0,0.5,1.0,0.2,0.0,0.0,0.02
202.0,attacker[0],1,0.017,0.0167,0.050898,0.005,0.503083,0.67,1.0,0.28914,1.0,0.027
131.0,attacker[2],1,0.013,0.017,0.038235,0.007,0.499583,0.433333,1.0,0.096309,1.0,0.025
555.0,ue[0],0,0.0,0.0,0.0,0.0,0.5,1.0,0.0,0.0,0.0,0.022
363.0,attacker[2],1,0.0,0.0,0.0,0.0,0.5,1.0,0.0,0.0,0.0,0.03
334.0,ue[2],0,0.0,0.0,0.0,0.0,0.5,1.0,0.0,0.0,0.0,0.02
252.0,ue[0],0,0.006,0.0103,0.029126,0.0,0.4975,0.836667,1.0,0.0,1.0,0.018
189.0,attacker[2],1,0.018,0.017,0.052941,0.003,0.50275,0.626667,1.0,0.151212,1.0,0.025
988.0,ue[4],0,0.0,0.0,0.0,0.0,0.5,1.0,0.0,0.0,0.0,0.0
1411.0,ue[3],0,0.0,0.0,0.0,0.0,0.5,1.0,0.0,0.0,0.0,0.0
654.0,attacker[0],1,0.0,0.0,0.0,0.0,0.5,1.0,0.0,0.0,0.0,0.03
224.0,attacker[0],1,0.016,0.0168,0.047619,0.004,0.501167,0.743333,1.0,0.100349,1.0,0.027
98.0,ue[1],0,0.014,0.01,0.07,0.002,0.503167,0.323333,1.0,0.061199,1.0,0.022
428.0,attacker[1],1,0.0,0.0,0.0,0.0,0.5,1.0,0.0,0.0,0.0,0.029
168.0,ue[2],0,0.011,0.0106,0.051887,0.002,0.499833,0.556667,1.0,0.0,1.0,0.018
490.0,ue[2],0,0.0,0.0,0.0,0.0,0.5,1.0,0.0,0.0,0.0,0.02
952.0,attacker[2],1,0.0,0.0,0.0,0.0,0.5,1.0,0.0,0.0,0.0,0.0
1207.0,ue[4],0,0.0,0.0,0.0,0.0,0.5,1.0,0.0,0.0,0.0,0.0
358.0,ue[4],0,0.0,0.0,0.0,0.0,0.5,1.0,0.0,0.0,0.0,0.019
440.0,ue[4],0,0.0,0.0,0.0,0.0,0.5,1.0,0.0,0.0,0.0,0.019
846.0,ue[1],0,0.0,0.0,0.0,0.0,0.5,1.0,0.0,0.0,0.0,0.0
1035.0,ue[4],0,0.0,0.0,0.0,0.0,0.5,1.0,0.0,0.0,0.0,0.0
27.0,ue[4],0,0.013,0.0112,0.058036,0.001,0.501417,0.086667,1.0,0.0,0.933333,0.019
276.0,ue[0],0,0.012,0.0117,0.051282,0.004,0.499167,0.916667,1.0,0.0,1.0,0.022
809.0,ue[0],0,0.0,0.0,0.0,0.0,0.5,1.0,0.0,0.0,0.0,0.0
664.0,ue[3],0,0.0,0.0,0.0,0.0,0.5,1.0,0.0,0.0,0.0,0.018
973.0,attacker[0],1,0.0,0.0,0.0,0.0,0.5,1.0,0.0,0.0,0.0,0.0
417.0,ue[4],0,0.0,0.0,0.0,0.0,0.5,1.0,0.0,0.0,0.0,0.019
1426.0,attacker[1],1,0.0,0.0,0.0,0.0,0.5,1.0,0.0,0.0,0.0,0.0
1245.0,attacker[2],1,0.0,0.0,0.0,0.0,0.5,1.0,0.0,0.0,0.0,0.0
493.0,attacker[2],1,0.0,0.0,0.0,0.0,0.5,1.0,0.0,0.0,0.0,0.03
460.0,ue[0],0,0.0,0.0,0.0,0.0,0.5,1.0,0.0,0.0,0.0,0.022
1336.0,ue[2],0,0.0,0.0,0.0,0.0,0.5,1.0,0.0,0.0,0.0,0.0
875.0,ue[3],0,0.0,0.0,0.0,0.0,0.5,1.0,0.0,0.0,0.0,0.0
577.0,ue[2],0,0.0,0.0,0.0,0.0,0.5,1.0,0.0,0.0,0.0,0.02
112.0,ue[3],0,0.009,0.0093,0.048387,0.001,0.49875,0.37,1.0,0.0,1.0,0.017
1167.0,ue[2],0,0.0,0.0,0.0,0.0,0.5,1.0,0.0,0.0,0.0,0.0
1246.0,ue[1],0,0.0,0.0,0.0,0.0,0.5,1.0,0.0,0.0,0.0,0.0
1255.0,ue[4],0,0.0,0.0,0.0,0.0,0.5,1.0,0.0,0.0,0.0,0.0
368.0,ue[1],0,0.0,0.0,0.0,0.0,0.5,1.0,0.0,0.0,0.0,0.022
1226.0,ue[0],0,0.0,0.0,0.0,0.0,0.5,1.0,0.0,0.0,0.0,0.0
1413.0,ue[3],0,0.0,0.0,0.0,0.0,0.5,1.0,0.0,0.0,0.0,0.0
363.0,attacker[1],1,0.0,0.0,0.0,0.0,0.5,1.0,0.0,0.0,0.0,0.029
643.0,ue[0],0,0.0,0.0,0.0,0.0,0.5,1.0,0.0,0.0,0.0,0.022
303.0,ue[4],0,0.0,0.0014,0.0,0.0,0.5,1.0,0.7,0.0,0.0,0.019
781.0,ue[3],0,0.0,0.0,0.0,0.0,0.5,1.0,0.0,0.0,0.0,0.014
437.0,ue[4],0,0.0,0.0,0.0,0.0,0.5,1.0,0.0,0.0,0.0,0.019
1268.0,attacker[0],1,0.0,0.0,0.0,0.0,0.5,1.0,0.0,0.0,0.0,0.0
1398.0,ue[1],0,0.0,0.0,0.0,0.0,0.5,1.0,0.0,0.0,0.0,0.0
1026.0,attacker[1],1,0.0,0.0,0.0,0.0,0.5,1.0,0.0,0.0,0.0,0.0
1202.0,ue[2],0,0.0,0.0,0.0,0.0,0.5,1.0,0.0,0.0,0.0,0.0
23.0,attacker[2],1,0.015,0.0144,0.052083,0.001,0.50025,0.073333,0.958333,0.090193,0.766667,0.021
1335.0,ue[1],0,0.0,0.0,0.0,0.0,0.5,1.0,0.0,0.0,0.0,0.0
88.0,attacker[0],1,0.02,0.016,0.0625,0.003,0.50175,0.29,1.0,0.264772,1.0,0.027
937.0,attacker[1],1,0.0,0.0,0.0,0.0,0.5,1.0,0.0,0.0,0.0,0.0
216.0,attacker[2],1,0.014,0.0166,0.042169,0.005,0.499583,0.716667,1.0,0.111803,1.0,0.025
85.0,ue[0],0,0.016,0.0112,0.071429,0.004,0.5015,0.28,1.0,0.26401,1.0,0.018
876.0,ue[0],0,0.0,0.0,0.0,0.0,0.5,1.0,0.0,0.0,0.0,0.0
570.0,ue[3],0,0.0,0.0,0.0,0.0,0.5,1.0,0.0,0.0,0.0,0.018
927.0,ue[0],0,0.0,0.0,0.0,0.0,0.5,1.0,0.0,0.0,0.0,0.0
1413.0,ue[0],0,0.0,0.0,0.0,0.0,0.5,1.0,0.0,0.0,0.0,0.0
1219.0,attacker[2],1,0.0,0.0,0.0,0.0,0.5,1.0,0.0,0.0,0.0,0.0
816.0,attacker[0],1,0.0,0.0,0.0,0.0,0.5,1.0,0.0,0.0,0.0,0.0
625.0,ue[1],0,0.0,0.0,0.0,0.0,0.5,1.0,0.0,0.0,0.0,0.02
72.0,ue[3],0,0.016,0.0094,0.085106,0.011,0.501417,0.236667,1.0,0.098344,1.0,0.016
1191.0,ue[2],0,0.0,0.0,0.0,0.0,0.5,1.0,0.0,0.0,0.0,0.0
1074.0,ue[2],0,0.0,0.0,0.0,0.0,0.5,1.0,0.0,0.0,0.0,0.0
1291.0,ue[1],0,0.0,0.0,0.0,0.0,0.5,1.0,0.0,0.0,0.0,0.0
621.0,ue[3],0,0.0,0.0,0.0,0.0,0.5,1.0,0.0,0.0,0.0,0.018
1191.0,attacker[0],1,0.0,0.0,0.0,0.0,0.5,1.0,0.0,0.0,0.0,0.0
1161.0,ue[4],0,0.0,0.0,0.0,0.0,0.5,1.0,0.0,0.0,0.0,0.0
922.0,ue[3],0,0.0,0.0,0.0,0.0,0.5,1.0,0.0,0.0,0.0,0.0
1284.0,ue[1],0,0.0,0.0,0.0,0.0,0.5,1.0,0.0,0.0,0.0,0.0
1054.0,attacker[1],1,0.0,0.0,0.0,0.0,0.5,1.0,0.0,0.0,0.0,0.0
1388.0,ue[0],0,0.0,0.0,0.0,0.0,0.5,1.0,0.0,0.0,0.0,0.0
744.0,attacker[0],1,0.0,0.0,0.0,0.0,0.5,1.0,0.0,0.0,0.0,0.03
676.0,attacker[1],1,0.0,0.0,0.0,0.0,0.5,1.0,0.0,0.0,0.0,0.025
387.0,attacker[2],1,0.0,0.0,0.0,0.0,0.5,1.0,0.0,0.0,0.0,0.03
673.0,ue[2],0,0.0,0.0,0.0,0.0,0.5,1.0,0.0,0.0,0.0,0.02
342.0,ue[0],0,0.0,0.0,0.0,0.0,0.5,1.0,0.0,0.0,0.0,0.022
1304.0,attacker[2],1,0.0,0.0,0.0,0.0,0.5,1.0,0.0,0.0,0.0,0.0
528.0,attacker[2],1,0.0,0.0,0.0,0.0,0.5,1.0,0.0,0.0,0.0,0.03
35.0,attacker[2],1,0.016,0.0169,0.047337,0.001,0.500083,0.113333,1.0,0.125555,1.0,0.024
120.0,ue[2],0,0.008,0.0106,0.037736,0.001,0.497583,0.396667,1.0,0.0,1.0,0.018
481.0,ue[2],0,0.0,0.0,0.0,0.0,0.5,1.0,0.0,0.0,0.0,0.02
197.0,attacker[0],1,0.018,0.0167,0.053892,0.004,0.498667,0.653333,1.0,0.275329,1.0,0.027
414.0,attacker[0],1,0.0,0.0,0.0,0.0,0.5,1.0,0.0,0.0,0.0,0.03
818.0,ue[3],0,0.0,0.0,0.0,0.0,0.5,1.0,0.0,0.0,0.0,0.0
1411.0,ue[1],0,0.0,0.0,0.0,0.0,0.5,1.0,0.0,0.0,0.0,0.0
967.0,attacker[1],1,0.0,0.0,0.0,0.0,0.5,1.0,0.0,0.0,0.0,0.0
264.0,attacker[2],1,0.015,0.016,0.046875,0.005,0.500583,0.876667,1.0,0.117074,1.0,0.03
1019.0,attacker[2],1,0.0,0.0,0.0,0.0,0.5,1.0,0.0,0.0,0.0,0.0
218.0,attacker[2],1,0.018,0.017,0.052941,0.002,0.500333,0.723333,1.0,0.321429,1.0,0.025
639.0,ue[2],0,0.0,0.0,0.0,0.0,0.5,1.0,0.0,0.0,0.0,0.02
1430.0,attacker[1],1,0.0,0.0,0.0,0.0,0.5,1.0,0.0,0.0,0.0,0.0
1350.0,attacker[2],1,0.0,0.0,0.0,0.0,0.5,1.0,0.0,0.0,0.0,0.0
386.0,attacker[0],1,0.0,0.0,0.0,0.0,0.5,1.0,0.0,0.0,0.0,0.03
208.0,attacker[2],1,0.018,0.0142,0.06338,0.006,0.500333,0.69,1.0,0.273179,1.0,0.025
303.0,ue[3],0,0.0,0.0008,0.0,0.0,0.5,1.0,0.7,0.0,0.0,0.018
805.0,ue[0],0,0.0,0.0,0.0,0.0,0.5,1.0,0.0,0.0,0.0,0.0
159.0,attacker[0],1,0.016,0.015,0.053333,0.001,0.500083,0.526667,1.0,0.072357,1.0,0.027
646.0,ue[1],0,0.0,0.0,0.0,0.0,0.5,1.0,0.0,0.0,0.0,0.02
1196.0,ue[1],0,0.0,0.0,0.0,0.0,0.5,1.0,0.0,0.0,0.0,0.0
50.0,attacker[2],1,0.019,0.0162,0.058642,0.006,0.498,0.163333,1.0,0.393767,1.0,0.025
932.0,ue[0],0,0.0,0.0,0.0,0.0,0.5,1.0,0.0,0.0,0.0,0.0
286.0,attacker[1],1,0.017,0.0154,0.055195,0.008,0.5035,0.95,1.0,0.051592,1.0,0.029
1160.0,attacker[1],1,0.0,0.0,0.0,0.0,0.5,1.0,0.0,0.0,0.0,0.0
273.0,attacker[2],1,0.009,0.0165,0.027273,0.017,0.500083,0.906667,1.0,0.0,1.0,0.03
992.0,attacker[1],1,0.0,0.0,0.0,0.0,0.5,1.0,0.0,0.0,0.0,0.0
1306.0,ue[0],0,0.0,0.0,0.0,0.0,0.5,1.0,0.0,0.0,0.0,0.0
303.0,ue[2],0,0.0,0.0012,0.0,0.0,0.5,1.0,0.7,0.0,0.0,0.02
1379.0,ue[0],0,0.0,0.0,0.0,0.0,0.5,1.0,0.0,0.0,0.0,0.0
482.0,attacker[1],1,0.0,0.0,0.0,0.0,0.5,1.0,0.0,0.0,0.0,0.029
1406.0,ue[1],0,0.0,0.0,0.0,0.0,0.5,1.0,0.0,0.0,0.0,0.0
526.0,ue[3],0,0.0,0.0,0.0,0.0,0.5,1.0,0.0,0.0,0.0,0.018
429.0,attacker[0],1,0.0,0.0,0.0,0.0,0.5,1.0,0.0,0.0,0.0,0.03
1457.0,attacker[2],1,0.0,0.0,0.0,0.0,0.5,1.0,0.0,0.0,0.0,0.0
1253.0,attacker[0],1,0.0,0.0,0.0,0.0,0.5,1.0,0.0,0.0,0.0,0.0
57.0,attacker[2],1,0.015,0.0159,0.04717,0.004,0.501333,0.186667,1.0,0.143427,1.0,0.025
753.0,ue[4],0,0.0,0.0,0.0,0.0,0.5,1.0,0.0,0.0,0.0,0.018
594.0,attacker[1],1,0.0,0.0,0.0,0.0,0.5,1.0,0.0,0.0,0.0,0.029
1426.0,attacker[2],1,0.0,0.0,0.0,0.0,0.5,1.0,0.0,0.0,0.0,0.0
65.0,attacker[0],1,0.013,0.0143,0.045455,0.005,0.49725,0.213333,1.0,0.0,1.0,0.027
1395.0,attacker[2],1,0.0,0.0,0.0,0.0,0.5,1.0,0.0,0.0,0.0,0.0
692.0,attacker[2],1,0.0,0.0,0.0,0.0,0.5,1.0,0.0,0.0,0.0,0.03
1223.0,ue[2],0,0.0,0.0,0.0,0.0,0.5,1.0,0.0,0.0,0.0,0.0
1117.0,attacker[1],1,0.0,0.0,0.0,0.0,0.5,1.0,0.0,0.0,0.0,0.0
825.0,attacker[1],1,0.0,0.0,0.0,0.0,0.5,1.0,0.0,0.0,0.0,0.0
1135.0,attacker[0],1,0.0,0.0,0.0,0.0,0.5,1.0,0.0,0.0,0.0,0.0
1267.0,ue[4],0,0.0,0.0,0.0,0.0,0.5,1.0,0.0,0.0,0.0,0.0
428.0,attacker[0],1,0.0,0.0,0.0,0.0,0.5,1.0,0.0,0.0,0.0,0.03
1179.0,ue[4],0,0.0,0.0,0.0,0.0,0.5,1.0,0.0,0.0,0.0,0.0
526.0,attacker[2],1,0.0,0.0,0.0,0.0,0.5,1.0,0.0,0.0,0.0,0.03
1265.0,attacker[0],1,0.0,0.0,0.0,0.0,0.5,1.0,0.0,0.0,0.0,0.0
89.0,attacker[1],1,0.016,0.0163,0.04908,0.004,0.503,0.293333,1.0,0.149539,1.0,0.029
727.0,ue[1],0,0.0,0.0,0.0,0.0,0.5,1.0,0.0,0.0,0.0,0.018
546.0,ue[1],0,0.0,0.0,0.0,0.0,0.5,1.0,0.0,0.0,0.0,0.022
302.0,ue[2],0,0.0,0.002,0.0,0.0,0.5,1.0,0.733333,0.0,0.0,0.02
1380.0,ue[2],0,0.0,0.0,0.0,0.0,0.5,1.0,0.0,0.0,0.0,0.0
98.0,ue[4],0,0.016,0.01,0.08,0.007,0.501083,0.323333,1.0,0.159117,1.0,0.019
661.0,attacker[1],1,0.0,0.0,0.0,0.0,0.5,1.0,0.0,0.0,0.0,0.025
1419.0,ue[2],0,0.0,0.0,0.0,0.0,0.5,1.0,0.0,0.0,0.0,0.0
581.0,ue[2],0,0.0,0.0,0.0,0.0,0.5,1.0,0.0,0.0,0.0,0.02
1085.0,attacker[1],1,0.0,0.0,0.0,0.0,0.5,1.0,0.0,0.0,0.0,0.0
1368.0,attacker[2],1,0.0,0.0,0.0,0.0,0.5,1.0,0.0,0.0,0.0,0.0
662.0,ue[1],0,0.0,0.0,0.0,0.0,0.5,1.0,0.0,0.0,0.0,0.018
553.0,attacker[1],1,0.0,0.0,0.0,0.0,0.5,1.0,0.0,0.0,0.0,0.029
882.0,ue[1],0,0.0,0.0,0.0,0.0,0.5,1.0,0.0,0.0,0.0,0.0
540.0,ue[1],0,0.0,0.0,0.0,0.0,0.5,1.0,0.0,0.0,0.0,0.022
228.0,ue[0],0,0.009,0.0113,0.039823,0.005,0.499917,0.756667,1.0,0.0,1.0,0.018
449.0,attacker[0],1,0.0,0.0,0.0,0.0,0.5,1.0,0.0,0.0,0.0,0.03
123.0,ue[0],0,0.012,0.0097,0.061856,0.001,0.500917,0.406667,1.0,0.0,1.0,0.018
883.0,attacker[1],1,0.0,0.0,0.0,0.0,0.5,1.0,0.0,0.0,0.0,0.0
473.0,attacker[2],1,0.0,0.0,0.0,0.0,0.5,1.0,0.0,0.0,0.0,0.03
159.0,ue[4],0,0.018,0.0094,0.095745,0.011,0.50175,0.526667,1.0,0.188129,1.0,0.019
353.0,ue[3],0,0.0,0.0,0.0,0.0,0.5,1.0,0.0,0.0,0.0,0.018
664.0,attacker[2],1,0.0,0.0,0.0,0.0,0.5,1.0,0.0,0.0,0.0,0.03
338.0,attacker[0],1,0.0,0.0,0.0,0.0,0.5,1.0,0.0,0.0,0.0,0.03
1487.0,attacker[0],1,0.0,0.0,0.0,0.0,0.5,1.0,0.0,0.0,0.0,0.0
1498.0,attacker[2],1,0.0,0.0,0.0,0.0,0.5,1.0,0.0,0.0,0.0,0.0
1480.0,ue[3],0,0.0,0.0,0.0,0.0,0.5,1.0,0.0,0.0,0.0,0.0
166.0,attacker[0],1,0.018,0.0173,0.052023,0.008,0.5025,0.55,1.0,0.227549,1.0,0.027
768.0,attacker[2],1,0.0,0.0,0.0,0.0,0.5,1.0,0.0,0.0,0.0,0.026
1312.0,attacker[1],1,0.0,0.0,0.0,0.0,0.5,1.0,0.0,0.0,0.0,0.0
101.0,ue[3],0,0.007,0.0086,0.040698,0.002,0.499833,0.333333,1.0,0.0,1.0,0.017
871.0,attacker[1],1,0.0,0.0,0.0,0.0,0.5,1.0,0.0,0.0,0.0,0.0
418.0,ue[0],0,0.0,0.0,0.0,0.0,0.5,1.0,0.0,0.0,0.0,0.022
543.0,attacker[1],1,0.0,0.0,0.0,0.0,0.5,1.0,0.0,0.0,0.0,0.029
1102.0,attacker[2],1,0.0,0.0,0.0,0.0,0.5,1.0,0.0,0.0,0.0,0.0
1258.0,ue[1],0,0.0,0.0,0.0,0.0,0.5,1.0,0.0,0.0,0.0,0.0
857.0,ue[1],0,0.0,0.0,0.0,0.0,0.5,1.0,0.0,0.0,0.0,0.0
832.0,ue[2],0,0.0,0.0,0.0,0.0,0.5,1.0,0.0,0.0,0.0,0.0
789.0,ue[4],0,0.0,0.0,0.0,0.0,0.5,1.0,0.0,0.0,0.0,0.018
865.0,ue[0],0,0.0,0.0,0.0,0.0,0.5,1.0,0.0,0.0,0.0,0.0
778.0,ue[4],0,0.0,0.0,0.0,0.0,0.5,1.0,0.0,0.0,0.0,0.018
456.0,attacker[0],1,0.0,0.0,0.0,0.0,0.5,1.0,0.0,0.0,0.0,0.03
1258.0,ue[4],0,0.0,0.0,0.0,0.0,0.5,1.0,0.0,0.0,0.0,0.0
1125.0,ue[1],0,0.0,0.0,0.0,0.0,0.5,1.0,0.0,0.0,0.0,0.0
990.0,ue[4],0,0.0,0.0,0.0,0.0,0.5,1.0,0.0,0.0,0.0,0.0
500.0,ue[4],0,0.0,0.0,0.0,0.0,0.5,1.0,0.0,0.0,0.0,0.019
1213.0,ue[4],0,0.0,0.0,0.0,0.0,0.5,1.0,0.0,0.0,0.0,0.0
245.0,ue[2],0,0.009,0.0105,0.042857,0.002,0.499833,0.813333,1.0,0.0,1.0,0.02
792.0,ue[4],0,0.0,0.0,0.0,0.0,0.5,1.0,0.0,0.0,0.0,0.018
1452.0,ue[4],0,0.0,0.0,0.0,0.0,0.5,1.0,0.0,0.0,0.0,0.0
1231.0,attacker[1],1,0.0,0.0,0.0,0.0,0.5,1.0,0.0,0.0,0.0,0.0
1001.0,attacker[0],1,0.0,0.0,0.0,0.0,0.5,1.0,0.0,0.0,0.0,0.0
1432.0,ue[1],0,0.0,0.0,0.0,0.0,0.5,1.0,0.0,0.0,0.0,0.0
1077.0,ue[4],0,0.0,0.0,0.0,0.0,0.5,1.0,0.0,0.0,0.0,0.0
266.0,attacker[0],1,0.015,0.0172,0.043605,0.005,0.499917,0.883333,1.0,0.188691,1.0,0.027
327.0,attacker[0],1,0.0,0.0,0.0,0.0,0.5,1.0,0.0,0.0,0.0,0.03
1418.0,ue[3],0,0.0,0.0,0.0,0.0,0.5,1.0,0.0,0.0,0.0,0.0
1484.0,attacker[1],1,0.0,0.0,0.0,0.0,0.5,1.0,0.0,0.0,0.0,0.0
539.0,attacker[0],1,0.0,0.0,0.0,0.0,0.5,1.0,0.0,0.0,0.0,0.03
1351.0,ue[2],0,0.0,0.0,0.0,0.0,0.5,1.0,0.0,0.0,0.0,0.0
1119.0,ue[3],0,0.0,0.0,0.0,0.0,0.5,1.0,0.0,0.0,0.0,0.0
1222.0,ue[3],0,0.0,0.0,0.0,0.0,0.5,1.0,0.0,0.0,0.0,0.0
1296.0,ue[2],0,0.0,0.0,0.0,0.0,0.5,1.0,0.0,0.0,0.0,0.0
1046.0,attacker[1],1,0.0,0.0,0.0,0.0,0.5,1.0,0.0,0.0,0.0,0.0
138.0,ue[0],0,0.011,0.0101,0.054455,0.004,0.499833,0.456667,1.0,0.0,1.0,0.018
1214.0,ue[3],0,0.0,0.0,0.0,0.0,0.5,1.0,0.0,0.0,0.0,0.0
1235.0,ue[1],0,0.0,0.0,0.0,0.0,0.5,1.0,0.0,0.0,0.0,0.0
651.0,attacker[0],1,0.0,0.0,0.0,0.0,0.5,1.0,0.0,0.0,0.0,0.03
1159.0,attacker[2],1,0.0,0.0,0.0,0.0,0.5,1.0,0.0,0.0,0.0,0.0
1374.0,ue[0],0,0.0,0.0,0.0,0.0,0.5,1.0,0.0,0.0,0.0,0.0
242.0,attacker[0],1,0.014,0.0164,0.042683,0.002,0.4985,0.803333,1.0,0.160789,1.0,0.027
855.0,ue[3],0,0.0,0.0,0.0,0.0,0.5,1.0,0.0,0.0,0.0,0.0
1459.0,attacker[0],1,0.0,0.0,0.0,0.0,0.5,1.0,0.0,0.0,0.0,0.0
37.0,ue[4],0,0.011,0.009,0.061111,0.003,0.502083,0.12,1.0,0.0,1.0,0.019
396.0,ue[4],0,0.0,0.0,0.0,0.0,0.5,1.0,0.0,0.0,0.0,0.019
1001.0,ue[3],0,0.0,0.0,0.0,0.0,0.5,1.0,0.0,0.0,0.0,0.0
1489.0,ue[2],0,0.0,0.0,0.0,0.0,0.5,1.0,0.0,0.0,0.0,0.0
36.0,ue[1],0,0.011,0.0105,0.052381,0.0,0.499333,0.116667,1.0,0.0,1.0,0.017
949.0,attacker[2],1,0.0,0.0,0.0,0.0,0.5,1.0,0.0,0.0,0.0,0.0
1286.0,attacker[0],1,0.0,0.0,0.0,0.0,0.5,1.0,0.0,0.0,0.0,0.0
622.0,ue[1],0,0.0,0.0,0.0,0.0,0.5,1.0,0.0,0.0,0.0,0.02
971.0,attacker[1],1,0.0,0.0,0.0,0.0,0.5,1.0,0.0,0.0,0.0,0.0
1121.0,ue[3],0,0.0,0.0,0.0,0.0,0.5,1.0,0.0,0.0,0.0,0.0
286.0,attacker[2],1,0.025,0.0189,0.066138,0.009,0.500917,0.95,1.0,0.245822,1.0,0.03
583.0,attacker[2],1,0.0,0.0,0.0,0.0,0.5,1.0,0.0,0.0,0.0,0.03
199.0,attacker[0],1,0.01,0.0161,0.031056,0.007,0.497917,0.66,1.0,0.0,1.0,0.027
1238.0,ue[1],0,0.0,0.0,0.0,0.0,0.5,1.0,0.0,0.0,0.0,0.0
1463.0,attacker[2],1,0.0,0.0,0.0,0.0,0.5,1.0,0.0,0.0,0.0,0.0
893.0,attacker[1],1,0.0,0.0,0.0,0.0,0.5,1.0,0.0,0.0,0.0,0.0
801.0,attacker[1],1,0.0,0.0,0.0,0.0,0.5,1.0,0.0,0.0,0.0,0.0
883.0,ue[0],0,0.0,0.0,0.0,0.0,0.5,1.0,0.0,0.0,0.0,0.0
974.0,attacker[1],1,0.0,0.0,0.0,0.0,0.5,1.0,0.0,0.0,0.0,0.0
320.0,ue[0],0,0.0,0.0,0.0,0.0,0.5,1.0,0.133333,0.0,0.0,0.022
847.0,ue[3],0,0.0,0.0,0.0,0.0,0.5,1.0,0.0,0.0,0.0,0.0
462.0,ue[3],0,0.0,0.0,0.0,0.0,0.5,1.0,0.0,0.0,0.0,0.018
1257.0,ue[2],0,0.0,0.0,0.0,0.0,0.5,1.0,0.0,0.0,0.0,0.0
699.0,ue[2],0,0.0,0.0,0.0,0.0,0.5,1.0,0.0,0.0,0.0,0.02
1126.0,ue[2],0,0.0,0.0,0.0,0.0,0.5,1.0,0.0,0.0,0.0,0.0
1404.0,ue[0],0,0.0,0.0,0.0,0.0,0.5,1.0,0.0,0.0,0.0,0.0
101.0,ue[1],0,0.011,0.0095,0.057895,0.004,0.498667,0.333333,1.0,0.0,1.0,0.022
1338.0,attacker[1],1,0.0,0.0,0.0,0.0,0.5,1.0,0.0,0.0,0.0,0.0
1461.0,attacker[0],1,0.0,0.0,0.0,0.0,0.5,1.0,0.0,0.0,0.0,0.0
839.0,ue[4],0,0.0,0.0,0.0,0.0,0.5,1.0,0.0,0.0,0.0,0.0
579.0,ue[2],0,0.0,0.0,0.0,0.0,0.5,1.0,0.0,0.0,0.0,0.02
548.0,ue[1],0,0.0,0.0,0.0,0.0,0.5,1.0,0.0,0.0,0.0,0.02
936.0,attacker[0],1,0.0,0.0,0.0,0.0,0.5,1.0,0.0,0.0,0.0,0.0
1119.0,ue[4],0,0.0,0.0,0.0,0.0,0.5,1.0,0.0,0.0,0.0,0.0
624.0,ue[1],0,0.0,0.0,0.0,0.0,0.5,1.0,0.0,0.0,0.0,0.02
213.0,ue[1],0,0.005,0.0094,0.026596,0.006,0.499333,0.706667,1.0,0.0,1.0,0.022
252.0,attacker[2],1,0.02,0.0153,0.065359,0.006,0.499667,0.836667,1.0,0.312474,1.0,0.03
1401.0,attacker[0],1,0.0,0.0,0.0,0.0,0.5,1.0,0.0,0.0,0.0,0.0
196.0,attacker[0],1,0.014,0.0164,0.042683,0.007,0.500917,0.65,1.0,0.062423,1.0,0.027
772.0,ue[2],0,0.0,0.0,0.0,0.0,0.5,1.0,0.0,0.0,0.0,0.013
667.0,ue[3],0,0.0,0.0,0.0,0.0,0.5,1.0,0.0,0.0,0.0,0.018
1129.0,ue[2],0,0.0,0.0,0.0,0.0,0.5,1.0,0.0,0.0,0.0,0.0
623.0,attacker[0],1,0.0,0.0,0.0,0.0,0.5,1.0,0.0,0.0,0.0,0.03
947.0,ue[0],0,0.0,0.0,0.0,0.0,0.5,1.0,0.0,0.0,0.0,0.0
848.0,ue[3],0,0.0,0.0,0.0,0.0,0.5,1.0,0.0,0.0,0.0,0.0
1394.0,ue[0],0,0.0,0.0,0.0,0.0,0.5,1.0,0.0,0.0,0.0,0.0
227.0,ue[0],0,0.014,0.011,0.063636,0.0,0.500833,0.753333,1.0,0.04901,1.0,0.018
1412.0,ue[0],0,0.0,0.0,0.0,0.0,0.5,1.0,0.0,0.0,0.0,0.0
1434.0,ue[2],0,0.0,0.0,0.0,0.0,0.5,1.0,0.0,0.0,0.0,0.0
83.0,ue[4],0,0.007,0.0087,0.04023,0.001,0.49975,0.273333,1.0,0.0,1.0,0.019
237.0,attacker[2],1,0.021,0.0173,0.060694,0.007,0.497917,0.786667,1.0,0.451211,1.0,0.03
1063.0,attacker[2],1,0.0,0.0,0.0,0.0,0.5,1.0,0.0,0.0,0.0,0.0
1239.0,attacker[1],1,0.0,0.0,0.0,0.0,0.5,1.0,0.0,0.0,0.0,0.0
517.0,ue[0],0,0.0,0.0,0.0,0.0,0.5,1.0,0.0,0.0,0.0,0.022
184.0,ue[0],0,0.01,0.0086,0.05814,0.001,0.50025,0.61,1.0,0.0,1.0,0.018
1130.0,attacker[1],1,0.0,0.0,0.0,0.0,0.5,1.0,0.0,0.0,0.0,0.0
740.0,ue[4],0,0.0,0.0,0.0,0.0,0.5,1.0,0.0,0.0,0.0,0.018
69.0,ue[0],0,0.014,0.0089,0.078652,0.011,0.499083,0.226667,1.0,0.076406,1.0,0.018
1079.0,ue[4],0,0.0,0.0,0.0,0.0,0.5,1.0,0.0,0.0,0.0,0.0
605.0,ue[0],0,0.0,0.0,0.0,0.0,0.5,1.0,0.0,0.0,0.0,0.022
42.0,attacker[0],1,0.02,0.0174,0.057471,0.006,0.5,0.136667,1.0,0.318752,1.0,0.027
8.0,ue[3],0,0.011,0.009444,0.058235,0.004,0.498833,0.023333,1.0,0.0,0.3,0.014
43.0,ue[4],0,0.012,0.0085,0.070588,0.004,0.501333,0.14,1.0,0.0,1.0,0.019
932.0,attacker[2],1,0.0,0.0,0.0,0.0,0.5,1.0,0.0,0.0,0.0,0.0
40.0,ue[4],0,0.004,0.0082,0.02439,0.005,0.497583,0.13,1.0,0.0,1.0,0.019
1498.0,ue[2],0,0.0,0.0,0.0,0.0,0.5,1.0,0.0,0.0,0.0,0.0
1248.0,ue[4],0,0.0,0.0,0.0,0.0,0.5,1.0,0.0,0.0,0.0,0.0
176.0,attacker[0],1,0.016,0.0159,0.050314,0.002,0.500167,0.583333,1.0,0.287011,1.0,0.027
1423.0,attacker[1],1,0.0,0.0,0.0,0.0,0.5,1.0,0.0,0.0,0.0,0.0
422.0,ue[4],0,0.0,0.0,0.0,0.0,0.5,1.0,0.0,0.0,0.0,0.019
121.0,attacker[0],1,0.02,0.0175,0.057143,0.002,0.503667,0.4,1.0,0.267815,1.0,0.027
609.0,ue[2],0,0.0,0.0,0.0,0.0,0.5,1.0,0.0,0.0,0.0,0.02
1404.0,ue[4],0,0.0,0.0,0.0,0.0,0.5,1.0,0.0,0.0,0.0,0.0
681.0,ue[1],0,0.0,0.0,0.0,0.0,0.5,1.0,0.0,0.0,0.0,0.018
335.0,ue[1],0,0.0,0.0,0.0,0.0,0.5,1.0,0.0,0.0,0.0,0.022
1492.0,ue[1],0,0.0,0.0,0.0,0.0,0.5,1.0,0.0,0.0,0.0,0.0
1206.0,attacker[0],1,0.0,0.0,0.0,0.0,0.5,1.0,0.0,0.0,0.0,0.0
726.0,ue[1],0,0.0,0.0,0.0,0.0,0.5,1.0,0.0,0.0,0.0,0.018
1032.0,ue[0],0,0.0,0.0,0.0,0.0,0.5,1.0,0.0,0.0,0.0,0.0
1049.0,ue[1],0,0.0,0.0,0.0,0.0,0.5,1.0,0.0,0.0,0.0,0.0
858.0,attacker[1],1,0.0,0.0,0.0,0.0,0.5,1.0,0.0,0.0,0.0,0.0
1008.0,ue[3],0,0.0,0.0,0.0,0.0,0.5,1.0,0.0,0.0,0.0,0.0
296.0,ue[1],0,0.0,0.0079,0.0,0.0,0.493833,0.983333,0.933333,0.0,0.0,0.022
463.0,ue[1],0,0.0,0.0,0.0,0.0,0.5,1.0,0.0,0.0,0.0,0.022
375.0,ue[3],0,0.0,0.0,0.0,0.0,0.5,1.0,0.0,0.0,0.0,0.018
1009.0,attacker[2],1,0.0,0.0,0.0,0.0,0.5,1.0,0.0,0.0,0.0,0.0
440.0,attacker[0],1,0.0,0.0,0.0,0.0,0.5,1.0,0.0,0.0,0.0,0.03
980.0,ue[1],0,0.0,0.0,0.0,0.0,0.5,1.0,0.0,0.0,0.0,0.0
245.0,ue[4],0,0.008,0.01,0.04,0.002,0.499667,0.813333,1.0,0.0,1.0,0.019
997.0,attacker[1],1,0.0,0.0,0.0,0.0,0.5,1.0,0.0,0.0,0.0,0.0
304.0,attacker[1],1,0.0,0.0,0.0,0.0,0.5,1.0,0.666667,0.0,0.0,0.029
276.0,ue[3],0,0.012,0.0092,0.065217,0.005,0.50025,0.916667,1.0,0.0,1.0,0.018
772.0,ue[1],0,0.0,0.0,0.0,0.0,0.5,1.0,0.0,0.0,0.0,0.018
1399.0,ue[2],0,0.0,0.0,0.0,0.0,0.5,1.0,0.0,0.0,0.0,0.0
896.0,ue[1],0,0.0,0.0,0.0,0.0,0.5,1.0,0.0,0.0,0.0,0.0
54.0,ue[0],0,0.012,0.0097,0.061856,0.004,0.5015,0.176667,1.0,0.011341,1.0,0.018
730.0,attacker[2],1,0.0,0.0,0.0,0.0,0.5,1.0,0.0,0.0,0.0,0.03
1365.0,ue[1],0,0.0,0.0,0.0,0.0,0.5,1.0,0.0,0.0,0.0,0.0
1401.0,ue[3],0,0.0,0.0,0.0,0.0,0.5,1.0,0.0,0.0,0.0,0.0
1314.0,ue[3],0,0.0,0.0,0.0,0.0,0.5,1.0,0.0,0.0,0.0,0.0
195.0,ue[4],0,0.011,0.011,0.05,0.001,0.500083,0.646667,1.0,0.0,1.0,0.019
1434.0,attacker[1],1,0.0,0.0,0.0,0.0,0.5,1.0,0.0,0.0,0.0,0.0
1155.0,ue[3],0,0.0,0.0,0.0,0.0,0.5,1.0,0.0,0.0,0.0,0.0
380.0,attacker[0],1,0.0,0.0,0.0,0.0,0.5,1.0,0.0,0.0,0.0,0.03
1034.0,attacker[1],1,0.0,0.0,0.0,0.0,0.5,1.0,0.0,0.0,0.0,0.0
1292.0,attacker[0],1,0.0,0.0,0.0,0.0,0.5,1.0,0.0,0.0,0.0,0.0
403.0,ue[0],0,0.0,0.0,0.0,0.0,0.5,1.0,0.0,0.0,0.0,0.022
888.0,attacker[0],1,0.0,0.0,0.0,0.0,0.5,1.0,0.0,0.0,0.0,0.0
158.0,ue[1],0,0.01,0.0106,0.04717,0.005,0.496917,0.523333,1.0,0.0,1.0,0.022
1003.0,ue[4],0,0.0,0.0,0.0,0.0,0.5,1.0,0.0,0.0,0.0,0.0
515.0,ue[0],0,0.0,0.0,0.0,0.0,0.5,1.0,0.0,0.0,0.0,0.022
1368.0,ue[1],0,0.0,0.0,0.0,0.0,0.5,1.0,0.0,0.0,0.0,0.0
752.0,ue[3],0,0.0,0.0,0.0,0.0,0.5,1.0,0.0,0.0,0.0,0.015
1445.0,attacker[0],1,0.0,0.0,0.0,0.0,0.5,1.0,0.0,0.0,0.0,0.0
284.0,ue[1],0,0.01,0.0091,0.054945,0.008,0.502667,0.943333,1.0,0.0,1.0,0.022
694.0,ue[4],0,0.0,0.0,0.0,0.0,0.5,1.0,0.0,0.0,0.0,0.018
1461.0,ue[2],0,0.0,0.0,0.0,0.0,0.5,1.0,0.0,0.0,0.0,0.0
677.0,attacker[0],1,0.0,0.0,0.0,0.0,0.5,1.0,0.0,0.0,0.0,0.03
700.0,ue[2],0,0.0,0.0,0.0,0.0,0.5,1.0,0.0,0.0,0.0,0.02
490.0,attacker[0],1,0.0,0.0,0.0,0.0,0.5,1.0,0.0,0.0,0.0,0.03
1035.0,attacker[0],1,0.0,0.0,0.0,0.0,0.5,1.0,0.0,0.0,0.0,0.0
89.0,ue[1],0,0.009,0.0104,0.043269,0.009,0.501083,0.293333,1.0,0.0,1.0,0.022
1048.0,ue[3],0,0.0,0.0,0.0,0.0,0.5,1.0,0.0,0.0,0.0,0.0
770.0,ue[1],0,0.0,0.0,0.0,0.0,0.5,1.0,0.0,0.0,0.0,0.018
348.0,attacker[2],1,0.0,0.0,0.0,0.0,0.5,1.0,0.0,0.0,0.0,0.03
581.0,attacker[2],1,0.0,0.0,0.0,0.0,0.5,1.0,0.0,0.0,0.0,0.03
1451.0,ue[1],0,0.0,0.0,0.0,0.0,0.5,1.0,0.0,0.0,0.0,0.0
863.0,ue[3],0,0.0,0.0,0.0,0.0,0.5,1.0,0.0,0.0,0.0,0.0
829.0,attacker[1],1,0.0,0.0,0.0,0.0,0.5,1.0,0.0,0.0,0.0,0.0
288.0,ue[3],0,0.009,0.0088,0.051136,0.0,0.500333,0.956667,1.0,0.0,1.0,0.018
454.0,ue[1],0,0.0,0.0,0.0,0.0,0.5,1.0,0.0,0.0,0.0,0.022
9.0,ue[0],0,0.01,0.0098,0.05102,0.007,0.502083,0.026667,1.0,0.0,0.333333,0.017
427.0,ue[3],0,0.0,0.0,0.0,0.0,0.5,1.0,0.0,0.0,0.0,0.018
427.0,ue[0],0,0.0,0.0,0.0,0.0,0.5,1.0,0.0,0.0,0.0,0.022
1173.0,attacker[1],1,0.0,0.0,0.0,0.0,0.5,1.0,0.0,0.0,0.0,0.0
229.0,ue[3],0,0.011,0.011,0.05,0.001,0.50025,0.76,1.0,0.0,1.0,0.018
955.0,ue[1],0,0.0,0.0,0.0,0.0,0.5,1.0,0.0,0.0,0.0,0.0
185.0,ue[1],0,0.012,0.0103,0.058252,0.002,0.501333,0.613333,1.0,0.0,1.0,0.022
1260.0,attacker[0],1,0.0,0.0,0.0,0.0,0.5,1.0,0.0,0.0,0.0,0.0
457.0,ue[3],0,0.0,0.0,0.0,0.0,0.5,1.0,0.0,0.0,0.0,0.018
909.0,ue[3],0,0.0,0.0,0.0,0.0,0.5,1.0,0.0,0.0,0.0,0.0
738.0,ue[4],0,0.0,0.0,0.0,0.0,0.5,1.0,0.0,0.0,0.0,0.018
66.0,attacker[0],1,0.019,0.015,0.063333,0.006,0.5015,0.216667,1.0,0.146672,1.0,0.027
1252.0,ue[3],0,0.0,0.0,0.0,0.0,0.5,1.0,0.0,0.0,0.0,0.0
912.0,ue[4],0,0.0,0.0,0.0,0.0,0.5,1.0,0.0,0.0,0.0,0.0
714.0,attacker[1],1,0.0,0.0,0.0,0.0,0.5,1.0,0.0,0.0,0.0,0.025
1219.0,attacker[0],1,0.0,0.0,0.0,0.0,0.5,1.0,0.0,0.0,0.0,0.0
435.0,ue[2],0,0.0,0.0,0.0,0.0,0.5,1.0,0.0,0.0,0.0,0.02
1180.0,ue[4],0,0.0,0.0,0.0,0.0,0.5,1.0,0.0,0.0,0.0,0.0
554.0,attacker[1],1,0.0,0.0,0.0,0.0,0.5,1.0,0.0,0.0,0.0,0.029
418.0,ue[4],0,0.0,0.0,0.0,0.0,0.5,1.0,0.0,0.0,0.0,0.019
678.0,attacker[0],1,0.0,0.0,0.0,0.0,0.5,1.0,0.0,0.0,0.0,0.03
616.0,attacker[0],1,0.0,0.0,0.0,0.0,0.5,1.0,0.0,0.0,0.0,0.03
1267.0,ue[3],0,0.0,0.0,0.0,0.0,0.5,1.0,0.0,0.0,0.0,0.0
481.0,attacker[1],1,0.0,0.0,0.0,0.0,0.5,1.0,0.0,0.0,0.0,0.029
1351.0,attacker[0],1,0.0,0.0,0.0,0.0,0.5,1.0,0.0,0.0,0.0,0.0
1460.0,attacker[2],1,0.0,0.0,0.0,0.0,0.5,1.0,0.0,0.0,0.0,0.0
663.0,ue[2],0,0.0,0.0,0.0,0.0,0.5,1.0,0.0,0.0,0.0,0.02
17.0,ue[0],0,0.014,0.0109,0.06422,0.007,0.501583,0.053333,1.0,0.065859,0.6,0.018
1311.0,ue[2],0,0.0,0.0,0.0,0.0,0.5,1.0,0.0,0.0,0.0,0.0
985.0,attacker[2],1,0.0,0.0,0.0,0.0,0.5,1.0,0.0,0.0,0.0,0.0
580.0,attacker[0],1,0.0,0.0,0.0,0.0,0.5,1.0,0.0,0.0,0.0,0.03
289.0,attacker[1],1,0.012,0.0163,0.03681,0.003,0.496583,0.96,1.0,0.0,1.0,0.029
728.0,ue[3],0,0.0,0.0,0.0,0.0,0.5,1.0,0.0,0.0,0.0,0.016
213.0,ue[4],0,0.014,0.0096,0.072917,0.004,0.501333,0.706667,1.0,0.132453,1.0,0.019
946.0,attacker[1],1,0.0,0.0,0.0,0.0,0.5,1.0,0.0,0.0,0.0,0.0
367.0,ue[3],0,0.0,0.0,0.0,0.0,0.5,1.0,0.0,0.0,0.0,0.018
1015.0,attacker[0],1,0.0,0.0,0.0,0.0,0.5,1.0,0.0,0.0,0.0,0.0
352.0,attacker[1],1,0.0,0.0,0.0,0.0,0.5,1.0,0.0,0.0,0.0,0.029
662.0,attacker[1],1,0.0,0.0,0.0,0.0,0.5,1.0,0.0,0.0,0.0,0.025
1331.0,ue[0],0,0.0,0.0,0.0,0.0,0.5,1.0,0.0,0.0,0.0,0.0
1447.0,attacker[1],1,0.0,0.0,0.0,0.0,0.5,1.0,0.0,0.0,0.0,0.0
155.0,ue[1],0,0.02,0.0102,0.098039,0.008,0.5035,0.513333,1.0,0.296429,1.0,0.022
455.0,attacker[0],1,0.0,0.0,0.0,0.0,0.5,1.0,0.0,0.0,0.0,0.03
680.0,ue[0],0,0.0,0.0,0.0,0.0,0.5,1.0,0.0,0.0,0.0,0.022
346.0,attacker[2],1,0.0,0.0,0.0,0.0,0.5,1.0,0.0,0.0,0.0,0.03
642.0,attacker[2],1,0.0,0.0,0.0,0.0,0.5,1.0,0.0,0.0,0.0,0.03
125.0,attacker[2],1,0.011,0.0182,0.03022,0.013,0.499583,0.413333,1.0,0.0,1.0,0.025
644.0,ue[0],0,0.0,0.0,0.0,0.0,0.5,1.0,0.0,0.0,0.0,0.022
808.0,ue[0],0,0.0,0.0,0.0,0.0,0.5,1.0,0.0,0.0,0.0,0.0
628.0,ue[3],0,0.0,0.0,0.0,0.0,0.5,1.0,0.0,0.0,0.0,0.018
1128.0,ue[0],0,0.0,0.0,0.0,0.0,0.5,1.0,0.0,0.0,0.0,0.0
1205.0,attacker[1],1,0.0,0.0,0.0,0.0,0.5,1.0,0.0,0.0,0.0,0.0
1231.0,ue[4],0,0.0,0.0,0.0,0.0,0.5,1.0,0.0,0.0,0.0,0.0
41.0,ue[4],0,0.009,0.0082,0.054878,0.005,0.497417,0.133333,1.0,0.0,1.0,0.019
232.0,attacker[2],1,0.016,0.0168,0.047619,0.004,0.4995,0.77,1.0,0.166851,1.0,0.026
711.0,ue[1],0,0.0,0.0,0.0,0.0,0.5,1.0,0.0,0.0,0.0,0.018
1379.0,attacker[2],1,0.0,0.0,0.0,0.0,0.5,1.0,0.0,0.0,0.0,0.0
1132.0,ue[4],0,0.0,0.0,0.0,0.0,0.5,1.0,0.0,0.0,0.0,0.0
795.0,ue[1],0,0.0,0.0,0.0,0.0,0.5,1.0,0.0,0.0,0.0,0.0
628.0,ue[0],0,0.0,0.0,0.0,0.0,0.5,1.0,0.0,0.0,0.0,0.022
406.0,ue[4],0,0.0,0.0,0.0,0.0,0.5,1.0,0.0,0.0,0.0,0.019
672.0,ue[2],0,0.0,0.0,0.0,0.0,0.5,1.0,0.0,0.0,0.0,0.02
810.0,attacker[0],1,0.0,0.0,0.0,0.0,0.5,1.0,0.0,0.0,0.0,0.0
458.0,attacker[0],1,0.0,0.0,0.0,0.0,0.5,1.0,0.0,0.0,0.0,0.03
1086.0,ue[1],0,0.0,0.0,0.0,0.0,0.5,1.0,0.0,0.0,0.0,0.0
947.0,attacker[1],1,0.0,0.0,0.0,0.0,0.5,1.0,0.0,0.0,0.0,0.0
726.0,ue[3],0,0.0,0.0,0.0,0.0,0.5,1.0,0.0,0.0,0.0,0.016
1111.0,ue[1],0,0.0,0.0,0.0,0.0,0.5,1.0,0.0,0.0,0.0,0.0
253.0,ue[4],0,0.008,0.0084,0.047619,0.002,0.499667,0.84,1.0,0.0,1.0,0.019
182.0,attacker[0],1,0.018,0.0171,0.052632,0.007,0.49775,0.603333,1.0,0.252565,1.0,0.027
1448.0,attacker[2],1,0.0,0.0,0.0,0.0,0.5,1.0,0.0,0.0,0.0,0.0
295.0,ue[1],0,0.0,0.0085,0.0,0.012,0.4975,0.98,0.966667,0.0,0.0,0.022
1006.0,ue[1],0,0.0,0.0,0.0,0.0,0.5,1.0,0.0,0.0,0.0,0.0
391.0,ue[2],0,0.0,0.0,0.0,0.0,0.5,1.0,0.0,0.0,0.0,0.02
525.0,ue[4],0,0.0,0.0,0.0,0.0,0.5,1.0,0.0,0.0,0.0,0.019
99.0,ue[4],0,0.005,0.01,0.025,0.011,0.49975,0.326667,1.0,0.0,1.0,0.019
648.0,ue[3],0,0.0,0.0,0.0,0.0,0.5,1.0,0.0,0.0,0.0,0.018
1414.0,attacker[2],1,0.0,0.0,0.0,0.0,0.5,1.0,0.0,0.0,0.0,0.0
162.0,ue[0],0,0.008,0.0102,0.039216,0.001,0.496917,0.536667,1.0,0.0,1.0,0.018
1165.0,attacker[2],1,0.0,0.0,0.0,0.0,0.5,1.0,0.0,0.0,0.0,0.0
405.0,attacker[1],1,0.0,0.0,0.0,0.0,0.5,1.0,0.0,0.0,0.0,0.029
559.0,attacker[2],1,0.0,0.0,0.0,0.0,0.5,1.0,0.0,0.0,0.0,0.03
459.0,attacker[0],1,0.0,0.0,0.0,0.0,0.5,1.0,0.0,0.0,0.0,0.03
377.0,ue[0],0,0.0,0.0,0.0,0.0,0.5,1.0,0.0,0.0,0.0,0.022
1382.0,attacker[1],1,0.0,0.0,0.0,0.0,0.5,1.0,0.0,0.0,0.0,0.0
35.0,ue[4],0,0.005,0.0096,0.026042,0.001,0.497917,0.113333,1.0,0.0,1.0,0.019
120.0,ue[3],0,0.009,0.0086,0.052326,0.0,0.500333,0.396667,1.0,0.0,1.0,0.017
1000.0,ue[4],0,0.0,0.0,0.0,0.0,0.5,1.0,0.0,0.0,0.0,0.0
602.0,attacker[1],1,0.0,0.0,0.0,0.0,0.5,1.0,0.0,0.0,0.0,0.029
607.0,ue[2],0,0.0,0.0,0.0,0.0,0.5,1.0,0.0,0.0,0.0,0.02
24.0,attacker[1],1,0.023,0.0173,0.066474,0.006,0.499333,0.076667,0.96,0.381385,0.8,0.029
871.0,ue[4],0,0.0,0.0,0.0,0.0,0.5,1.0,0.0,0.0,0.0,0.0
701.0,ue[1],0,0.0,0.0,0.0,0.0,0.5,1.0,0.0,0.0,0.0,0.018
81.0,ue[2],0,0.008,0.0108,0.037037,0.006,0.499667,0.266667,1.0,0.0,1.0,0.018
167.0,ue[3],0,0.006,0.0099,0.030303,0.004,0.498833,0.553333,1.0,0.0,1.0,0.017
864.0,ue[1],0,0.0,0.0,0.0,0.0,0.5,1.0,0.0,0.0,0.0,0.0
317.0,ue[0],0,0.0,0.0,0.0,0.0,0.5,1.0,0.233333,0.0,0.0,0.022
1401.0,ue[0],0,0.0,0.0,0.0,0.0,0.5,1.0,0.0,0.0,0.0,0.0
28.0,ue[0],0,0.01,0.0091,0.054945,0.0,0.501333,0.09,1.0,0.0,0.966667,0.018
72.0,attacker[2],1,0.019,0.0195,0.048718,0.001,0.499583,0.236667,1.0,0.22947,1.0,0.025
1245.0,attacker[0],1,0.0,0.0,0.0,0.0,0.5,1.0,0.0,0.0,0.0,0.0
515.0,attacker[1],1,0.0,0.0,0.0,0.0,0.5,1.0,0.0,0.0,0.0,0.029
754.0,ue[0],0,0.0,0.0,0.0,0.0,0.5,1.0,0.0,0.0,0.0,0.022
963.0,ue[1],0,0.0,0.0,0.0,0.0,0.5,1.0,0.0,0.0,0.0,0.0
477.0,ue[1],0,0.0,0.0,0.0,0.0,0.5,1.0,0.0,0.0,0.0,0.022
118.0,attacker[2],1,0.013,0.0175,0.037143,0.012,0.501333,0.39,1.0,0.035173,1.0,0.025
499.0,attacker[2],1,0.0,0.0,0.0,0.0,0.5,1.0,0.0,0.0,0.0,0.03
170.0,attacker[0],1,0.018,0.0182,0.049451,0.006,0.4985,0.563333,1.0,0.187503,1.0,0.027
1346.0,attacker[1],1,0.0,0.0,0.0,0.0,0.5,1.0,0.0,0.0,0.0,0.0
886.0,ue[2],0,0.0,0.0,0.0,0.0,0.5,1.0,0.0,0.0,0.0,0.0
433.0,attacker[0],1,0.0,0.0,0.0,0.0,0.5,1.0,0.0,0.0,0.0,0.03
1466.0,ue[4],0,0.0,0.0,0.0,0.0,0.5,1.0,0.0,0.0,0.0,0.0
899.0,attacker[0],1,0.0,0.0,0.0,0.0,0.5,1.0,0.0,0.0,0.0,0.0
335.0,attacker[0],1,0.0,0.0,0.0,0.0,0.5,1.0,0.0,0.0,0.0,0.03
1170.0,attacker[2],1,0.0,0.0,0.0,0.0,0.5,1.0,0.0,0.0,0.0,0.0
37.0,ue[2],0,0.009,0.0107,0.042056,0.0,0.499833,0.12,1.0,0.0,1.0,0.018
1040.0,ue[0],0,0.0,0.0,0.0,0.0,0.5,1.0,0.0,0.0,0.0,0.0
196.0,ue[4],0,0.011,0.0102,0.053922,0.0,0.499667,0.65,1.0,0.0,1.0,0.019
705.0,attacker[2],1,0.0,0.0,0.0,0.0,0.5,1.0,0.0,0.0,0.0,0.03
1361.0,ue[0],0,0.0,0.0,0.0,0.0,0.5,1.0,0.0,0.0,0.0,0.0
1458.0,attacker[0],1,0.0,0.0,0.0,0.0,0.5,1.0,0.0,0.0,0.0,0.0
566.0,ue[2],0,0.0,0.0,0.0,0.0,0.5,1.0,0.0,0.0,0.0,0.02
1132.0,ue[2],0,0.0,0.0,0.0,0.0,0.5,1.0,0.0,0.0,0.0,0.0
169.0,ue[3],0,0.011,0.0096,0.057292,0.002,0.500333,0.56,1.0,0.0,1.0,0.017
1036.0,ue[4],0,0.0,0.0,0.0,0.0,0.5,1.0,0.0,0.0,0.0,0.0
889.0,ue[3],0,0.0,0.0,0.0,0.0,0.5,1.0,0.0,0.0,0.0,0.0
450.0,attacker[2],1,0.0,0.0,0.0,0.0,0.5,1.0,0.0,0.0,0.0,0.03
814.0,ue[0],0,0.0,0.0,0.0,0.0,0.5,1.0,0.0,0.0,0.0,0.0
418.0,attacker[0],1,0.0,0.0,0.0,0.0,0.5,1.0,0.0,0.0,0.0,0.03
637.0,attacker[1],1,0.0,0.0,0.0,0.0,0.5,1.0,0.0,0.0,0.0,0.029
355.0,attacker[0],1,0.0,0.0,0.0,0.0,0.5,1.0,0.0,0.0,0.0,0.03
170.0,ue[3],0,0.009,0.0092,0.048913,0.002,0.500833,0.563333,1.0,0.0,1.0,0.017
1020.0,attacker[1],1,0.0,0.0,0.0,0.0,0.5,1.0,0.0,0.0,0.0,0.0
114.0,attacker[0],1,0.022,0.0165,0.066667,0.007,0.50175,0.376667,1.0,0.454404,1.0,0.027
1037.0,attacker[2],1,0.0,0.0,0.0,0.0,0.5,1.0,0.0,0.0,0.0,0.0
1314.0,attacker[1],1,0.0,0.0,0.0,0.0,0.5,1.0,0.0,0.0,0.0,0.0
1274.0,ue[3],0,0.0,0.0,0.0,0.0,0.5,1.0,0.0,0.0,0.0,0.0
308.0,ue[3],0,0.0,0.0,0.0,0.0,0.5,1.0,0.533333,0.0,0.0,0.018
1150.0,ue[3],0,0.0,0.0,0.0,0.0,0.5,1.0,0.0,0.0,0.0,0.0
1456.0,attacker[0],1,0.0,0.0,0.0,0.0,0.5,1.0,0.0,0.0,0.0,0.0
428.0,ue[4],0,0.0,0.0,0.0,0.0,0.5,1.0,0.0,0.0,0.0,0.019
593.0,attacker[0],1,0.0,0.0,0.0,0.0,0.5,1.0,0.0,0.0,0.0,0.03
926.0,attacker[2],1,0.0,0.0,0.0,0.0,0.5,1.0,0.0,0.0,0.0,0.0
1403.0,attacker[0],1,0.0,0.0,0.0,0.0,0.5,1.0,0.0,0.0,0.0,0.0
850.0,ue[3],0,0.0,0.0,0.0,0.0,0.5,1.0,0.0,0.0,0.0,0.0
877.0,ue[1],0,0.0,0.0,0.0,0.0,0.5,1.0,0.0,0.0,0.0,0.0
667.0,ue[2],0,0.0,0.0,0.0,0.0,0.5,1.0,0.0,0.0,0.0,0.02
433.0,ue[3],0,0.0,0.0,0.0,0.0,0.5,1.0,0.0,0.0,0.0,0.018
234.0,ue[3],0,0.014,0.0098,0.071429,0.0,0.503833,0.776667,1.0,0.103507,1.0,0.018
710.0,attacker[0],1,0.0,0.0,0.0,0.0,0.5,1.0,0.0,0.0,0.0,0.03
221.0,ue[1],0,0.012,0.0096,0.0625,0.001,0.50025,0.733333,1.0,0.0,1.0,0.022
810.0,attacker[2],1,0.0,0.0,0.0,0.0,0.5,1.0,0.0,0.0,0.0,0.0
329.0,ue[1],0,0.0,0.0,0.0,0.0,0.5,1.0,0.0,0.0,0.0,0.022
916.0,attacker[1],1,0.0,0.0,0.0,0.0,0.5,1.0,0.0,0.0,0.0,0.0
22.0,ue[3],0,0.011,0.0094,0.058511,0.003,0.49975,0.07,1.0,0.0,0.766667,0.015
1410.0,attacker[1],1,0.0,0.0,0.0,0.0,0.5,1.0,0.0,0.0,0.0,0.0
918.0,ue[4],0,0.0,0.0,0.0,0.0,0.5,1.0,0.0,0.0,0.0,0.0
865.0,ue[3],0,0.0,0.0,0.0,0.0,0.5,1.0,0.0,0.0,0.0,0.0
1485.0,attacker[1],1,0.0,0.0,0.0,0.0,0.5,1.0,0.0,0.0,0.0,0.0
761.0,ue[0],0,0.0,0.0,0.0,0.0,0.5,1.0,0.0,0.0,0.0,0.022
55.0,ue[3],0,0.009,0.0101,0.044554,0.001,0.500083,0.18,1.0,0.0,1.0,0.015
914.0,ue[2],0,0.0,0.0,0.0,0.0,0.5,1.0,0.0,0.0,0.0,0.0
622.0,attacker[1],1,0.0,0.0,0.0,0.0,0.5,1.0,0.0,0.0,0.0,0.029
530.0,ue[2],0,0.0,0.0,0.0,0.0,0.5,1.0,0.0,0.0,0.0,0.02
569.0,ue[0],0,0.0,0.0,0.0,0.0,0.5,1.0,0.0,0.0,0.0,0.022
106.0,attacker[1],1,0.012,0.0156,0.038462,0.004,0.499167,0.35,1.0,0.0,1.0,0.029
1127.0,attacker[0],1,0.0,0.0,0.0,0.0,0.5,1.0,0.0,0.0,0.0,0.0
1040.0,attacker[2],1,0.0,0.0,0.0,0.0,0.5,1.0,0.0,0.0,0.0,0.0
1126.0,ue[3],0,0.0,0.0,0.0,0.0,0.5,1.0,0.0,0.0,0.0,0.0
246.0,ue[0],0,0.01,0.0109,0.045872,0.004,0.500167,0.816667,1.0,0.0,1.0,0.018
578.0,ue[1],0,0.0,0.0,0.0,0.0,0.5,1.0,0.0,0.0,0.0,0.02
1116.0,attacker[1],1,0.0,0.0,0.0,0.0,0.5,1.0,0.0,0.0,0.0,0.0
372.0,ue[3],0,0.0,0.0,0.0,0.0,0.5,1.0,0.0,0.0,0.0,0.018
139.0,attacker[2],1,0.013,0.0166,0.039157,0.001,0.498417,0.46,1.0,0.0,1.0,0.025
1463.0,ue[0],0,0.0,0.0,0.0,0.0,0.5,1.0,0.0,0.0,0.0,0.0
1147.0,attacker[1],1,0.0,0.0,0.0,0.0,0.5,1.0,0.0,0.0,0.0,0.0
785.0,ue[2],0,0.0,0.0,0.0,0.0,0.5,1.0,0.0,0.0,0.0,0.013
676.0,ue[3],0,0.0,0.0,0.0,0.0,0.5,1.0,0.0,0.0,0.0,0.018
113.0,ue[0],0,0.012,0.0112,0.053571,0.001,0.50125,0.373333,1.0,0.0,1.0,0.018
99.0,attacker[0],1,0.014,0.015,0.046667,0.002,0.4995,0.326667,1.0,0.101081,1.0,0.027
152.0,ue[2],0,0.014,0.0108,0.064815,0.003,0.50125,0.503333,1.0,0.183039,1.0,0.018
325.0,ue[1],0,0.0,0.0,0.0,0.0,0.5,1.0,0.0,0.0,0.0,0.022
834.0,ue[3],0,0.0,0.0,0.0,0.0,0.5,1.0,0.0,0.0,0.0,0.0
972.0,ue[1],0,0.0,0.0,0.0,0.0,0.5,1.0,0.0,0.0,0.0,0.0
738.0,ue[0],0,0.0,0.0,0.0,0.0,0.5,1.0,0.0,0.0,0.0,0.022
1460.0,ue[0],0,0.0,0.0,0.0,0.0,0.5,1.0,0.0,0.0,0.0,0.0
1468.0,attacker[1],1,0.0,0.0,0.0,0.0,0.5,1.0,0.0,0.0,0.0,0.0
1414.0,ue[0],0,0.0,0.0,0.0,0.0,0.5,1.0,0.0,0.0,0.0,0.0
258.0,ue[1],0,0.006,0.0085,0.035294,0.003,0.499583,0.856667,1.0,0.0,1.0,0.022
425.0,ue[0],0,0.0,0.0,0.0,0.0,0.5,1.0,0.0,0.0,0.0,0.022
1133.0,ue[1],0,0.0,0.0,0.0,0.0,0.5,1.0,0.0,0.0,0.0,0.0
399.0,attacker[1],1,0.0,0.0,0.0,0.0,0.5,1.0,0.0,0.0,0.0,0.029
1363.0,ue[4],0,0.0,0.0,0.0,0.0,0.5,1.0,0.0,0.0,0.0,0.0
1308.0,attacker[1],1,0.0,0.0,0.0,0.0,0.5,1.0,0.0,0.0,0.0,0.0
1035.0,ue[1],0,0.0,0.0,0.0,0.0,0.5,1.0,0.0,0.0,0.0,0.0
36.0,ue[0],0,0.012,0.01,0.06,0.002,0.5025,0.116667,1.0,0.0,1.0,0.018
1469.0,ue[3],0,0.0,0.0,0.0,0.0,0.5,1.0,0.0,0.0,0.0,0.0
1092.0,ue[4],0,0.0,0.0,0.0,0.0,0.5,1.0,0.0,0.0,0.0,0.0
1410.0,ue[4],0,0.0,0.0,0.0,0.0,0.5,1.0,0.0,0.0,0.0,0.0
298.0,attacker[1],1,0.0,0.0107,0.0,0.0,0.495833,0.99,0.866667,0.0,0.0,0.029
841.0,ue[4],0,0.0,0.0,0.0,0.0,0.5,1.0,0.0,0.0,0.0,0.0
998.0,ue[2],0,0.0,0.0,0.0,0.0,0.5,1.0,0.0,0.0,0.0,0.0
360.0,ue[0],0,0.0,0.0,0.0,0.0,0.5,1.0,0.0,0.0,0.0,0.022
1261.0,attacker[2],1,0.0,0.0,0.0,0.0,0.5,1.0,0.0,0.0,0.0,0.0
931.0,ue[1],0,0.0,0.0,0.0,0.0,0.5,1.0,0.0,0.0,0.0,0.0
1412.0,attacker[0],1,0.0,0.0,0.0,0.0,0.5,1.0,0.0,0.0,0.0,0.0
1040.0,attacker[1],1,0.0,0.0,0.0,0.0,0.5,1.0,0.0,0.0,0.0,0.0
1204.0,attacker[1],1,0.0,0.0,0.0,0.0,0.5,1.0,0.0,0.0,0.0,0.0
997.0,ue[2],0,0.0,0.0,0.0,0.0,0.5,1.0,0.0,0.0,0.0,0.0
723.0,ue[2],0,0.0,0.0,0.0,0.0,0.5,1.0,0.0,0.0,0.0,0.02
149.0,attacker[0],1,0.01,0.016,0.03125,0.013,0.50075,0.493333,1.0,0.0,1.0,0.027
1020.0,attacker[2],1,0.0,0.0,0.0,0.0,0.5,1.0,0.0,0.0,0.0,0.0
968.0,ue[2],0,0.0,0.0,0.0,0.0,0.5,1.0,0.0,0.0,0.0,0.0
475.0,ue[3],0,0.0,0.0,0.0,0.0,0.5,1.0,0.0,0.0,0.0,0.018
391.0,ue[3],0,0.0,0.0,0.0,0.0,0.5,1.0,0.0,0.0,0.0,0.018
63.0,attacker[1],1,0.015,0.0177,0.042373,0.006,0.4995,0.206667,1.0,0.104736,1.0,0.029
25.0,ue[2],0,0.009,0.012,0.0375,0.001,0.499083,0.08,1.0,0.0,0.866667,0.018
764.0,ue[2],0,0.0,0.0,0.0,0.0,0.5,1.0,0.0,0.0,0.0,0.013
531.0,ue[1],0,0.0,0.0,0.0,0.0,0.5,1.0,0.0,0.0,0.0,0.022
905.0,attacker[0],1,0.0,0.0,0.0,0.0,0.5,1.0,0.0,0.0,0.0,0.0
345.0,ue[3],0,0.0,0.0,0.0,0.0,0.5,1.0,0.0,0.0,0.0,0.018
1124.0,ue[2],0,0.0,0.0,0.0,0.0,0.5,1.0,0.0,0.0,0.0,0.0
604.0,attacker[1],1,0.0,0.0,0.0,0.0,0.5,1.0,0.0,0.0,0.0,0.029
794.0,ue[0],0,0.0,0.0,0.0,0.0,0.5,1.0,0.0,0.0,0.0,0.0
641.0,ue[3],0,0.0,0.0,0.0,0.0,0.5,1.0,0.0,0.0,0.0,0.018
1127.0,ue[1],0,0.0,0.0,0.0,0.0,0.5,1.0,0.0,0.0,0.0,0.0
328.0,attacker[1],1,0.0,0.0,0.0,0.0,0.5,1.0,0.0,0.0,0.0,0.029
206.0,attacker[1],1,0.024,0.0169,0.071006,0.008,0.502333,0.683333,1.0,0.470544,1.0,0.029
1003.0,ue[0],0,0.0,0.0,0.0,0.0,0.5,1.0,0.0,0.0,0.0,0.0
682.0,ue[2],0,0.0,0.0,0.0,0.0,0.5,1.0,0.0,0.0,0.0,0.02
1180.0,ue[2],0,0.0,0.0,0.0,0.0,0.5,1.0,0.0,0.0,0.0,0.0
390.0,ue[3],0,0.0,0.0,0.0,0.0,0.5,1.0,0.0,0.0,0.0,0.018
1239.0,attacker[0],1,0.0,0.0,0.0,0.0,0.5,1.0,0.0,0.0,0.0,0.0
310.0,ue[2],0,0.0,0.0,0.0,0.0,0.5,1.0,0.466667,0.0,0.0,0.02
605.0,ue[2],0,0.0,0.0,0.0,0.0,0.5,1.0,0.0,0.0,0.0,0.02
81.0,attacker[2],1,0.022,0.0165,0.066667,0.003,0.502583,0.266667,1.0,0.360631,1.0,0.025
768.0,ue[3],0,0.0,0.0,0.0,0.0,0.5,1.0,0.0,0.0,0.0,0.015
328.0,attacker[2],1,0.0,0.0,0.0,0.0,0.5,1.0,0.0,0.0,0.0,0.03
851.0,attacker[2],1,0.0,0.0,0.0,0.0,0.5,1.0,0.0,0.0,0.0,0.0
846.0,ue[3],0,0.0,0.0,0.0,0.0,0.5,1.0,0.0,0.0,0.0,0.0
1209.0,ue[1],0,0.0,0.0,0.0,0.0,0.5,1.0,0.0,0.0,0.0,0.0
118.0,ue[4],0,0.011,0.0107,0.051402,0.005,0.498583,0.39,1.0,0.0,1.0,0.019
509.0,ue[4],0,0.0,0.0,0.0,0.0,0.5,1.0,0.0,0.0,0.0,0.019
1357.0,ue[4],0,0.0,0.0,0.0,0.0,0.5,1.0,0.0,0.0,0.0,0.0
143.0,attacker[2],1,0.024,0.0162,0.074074,0.006,0.504167,0.473333,1.0,0.412918,1.0,0.025
566.0,attacker[2],1,0.0,0.0,0.0,0.0,0.5,1.0,0.0,0.0,0.0,0.03
904.0,attacker[2],1,0.0,0.0,0.0,0.0,0.5,1.0,0.0,0.0,0.0,0.0
1476.0,ue[0],0,0.0,0.0,0.0,0.0,0.5,1.0,0.0,0.0,0.0,0.0
920.0,ue[4],0,0.0,0.0,0.0,0.0,0.5,1.0,0.0,0.0,0.0,0.0
444.0,attacker[1],1,0.0,0.0,0.0,0.0,0.5,1.0,0.0,0.0,0.0,0.029
260.0,ue[0],0,0.015,0.0112,0.066964,0.005,0.499917,0.863333,1.0,0.102854,1.0,0.018
1392.0,ue[0],0,0.0,0.0,0.0,0.0,0.5,1.0,0.0,0.0,0.0,0.0
940.0,ue[3],0,0.0,0.0,0.0,0.0,0.5,1.0,0.0,0.0,0.0,0.0
1475.0,ue[2],0,0.0,0.0,0.0,0.0,0.5,1.0,0.0,0.0,0.0,0.0
464.0,ue[1],0,0.0,0.0,0.0,0.0,0.5,1.0,0.0,0.0,0.0,0.022
445.0,attacker[0],1,0.0,0.0,0.0,0.0,0.5,1.0,0.0,0.0,0.0,0.03
17.0,ue[1],0,0.01,0.011,0.045455,0.003,0.500583,0.053333,1.0,0.0,0.6,0.017
506.0,ue[1],0,0.0,0.0,0.0,0.0,0.5,1.0,0.0,0.0,0.0,0.022
53.0,attacker[1],1,0.012,0.0155,0.03871,0.009,0.50225,0.173333,1.0,0.104167,1.0,0.029
161.0,ue[0],0,0.009,0.0104,0.043269,0.006,0.499167,0.533333,1.0,0.0,1.0,0.018
931.0,ue[0],0,0.0,0.0,0.0,0.0,0.5,1.0,0.0,0.0,0.0,0.0
37.0,ue[1],0,0.01,0.0103,0.048544,0.001,0.49875,0.12,1.0,0.0,1.0,0.017
1163.0,ue[0],0,0.0,0.0,0.0,0.0,0.5,1.0,0.0,0.0,0.0,0.0
1435.0,ue[0],0,0.0,0.0,0.0,0.0,0.5,1.0,0.0,0.0,0.0,0.0
691.0,attacker[0],1,0.0,0.0,0.0,0.0,0.5,1.0,0.0,0.0,0.0,0.03
547.0,attacker[1],1,0.0,0.0,0.0,0.0,0.5,1.0,0.0,0.0,0.0,0.029
918.0,ue[2],0,0.0,0.0,0.0,0.0,0.5,1.0,0.0,0.0,0.0,0.0
1047.0,attacker[1],1,0.0,0.0,0.0,0.0,0.5,1.0,0.0,0.0,0.0,0.0
60.0,ue[2],0,0.007,0.009,0.038889,0.003,0.499417,0.196667,1.0,0.0,1.0,0.018
383.0,attacker[1],1,0.0,0.0,0.0,0.0,0.5,1.0,0.0,0.0,0.0,0.029
498.0,attacker[0],1,0.0,0.0,0.0,0.0,0.5,1.0,0.0,0.0,0.0,0.03
837.0,ue[3],0,0.0,0.0,0.0,0.0,0.5,1.0,0.0,0.0,0.0,0.0
348.0,attacker[1],1,0.0,0.0,0.0,0.0,0.5,1.0,0.0,0.0,0.0,0.029
590.0,ue[3],0,0.0,0.0,0.0,0.0,0.5,1.0,0.0,0.0,0.0,0.018
1474.0,attacker[1],1,0.0,0.0,0.0,0.0,0.5,1.0,0.0,0.0,0.0,0.0
329.0,ue[4],0,0.0,0.0,0.0,0.0,0.5,1.0,0.0,0.0,0.0,0.019
1450.0,ue[1],0,0.0,0.0,0.0,0.0,0.5,1.0,0.0,0.0,0.0,0.0
1153.0,attacker[2],1,0.0,0.0,0.0,0.0,0.5,1.0,0.0,0.0,0.0,0.0
983.0,ue[2],0,0.0,0.0,0.0,0.0,0.5,1.0,0.0,0.0,0.0,0.0
291.0,ue[3],0,0.012,0.0084,0.071429,0.009,0.499583,0.966667,1.0,0.0,1.0,0.018
966.0,ue[3],0,0.0,0.0,0.0,0.0,0.5,1.0,0.0,0.0,0.0,0.0
918.0,attacker[2],1,0.0,0.0,0.0,0.0,0.5,1.0,0.0,0.0,0.0,0.0
201.0,ue[2],0,0.01,0.0093,0.053763,0.002,0.5,0.666667,1.0,0.0,1.0,0.018
1385.0,ue[2],0,0.0,0.0,0.0,0.0,0.5,1.0,0.0,0.0,0.0,0.0
349.0,ue[2],0,0.0,0.0,0.0,0.0,0.5,1.0,0.0,0.0,0.0,0.02
885.0,ue[3],0,0.0,0.0,0.0,0.0,0.5,1.0,0.0,0.0,0.0,0.0
332.0,ue[2],0,0.0,0.0,0.0,0.0,0.5,1.0,0.0,0.0,0.0,0.02
488.0,ue[4],0,0.0,0.0,0.0,0.0,0.5,1.0,0.0,0.0,0.0,0.019
1223.0,ue[4],0,0.0,0.0,0.0,0.0,0.5,1.0,0.0,0.0,0.0,0.0
1373.0,ue[0],0,0.0,0.0,0.0,0.0,0.5,1.0,0.0,0.0,0.0,0.0
1208.0,ue[1],0,0.0,0.0,0.0,0.0,0.5,1.0,0.0,0.0,0.0,0.0
1363.0,attacker[1],1,0.0,0.0,0.0,0.0,0.5,1.0,0.0,0.0,0.0,0.0
30.0,ue[3],0,0.009,0.0108,0.041667,0.006,0.500833,0.096667,1.0,0.0,1.0,0.015
1258.0,attacker[1],1,0.0,0.0,0.0,0.0,0.5,1.0,0.0,0.0,0.0,0.0
1142.0,ue[2],0,0.0,0.0,0.0,0.0,0.5,1.0,0.0,0.0,0.0,0.0
504.0,ue[1],0,0.0,0.0,0.0,0.0,0.5,1.0,0.0,0.0,0.0,0.022
632.0,ue[4],0,0.0,0.0,0.0,0.0,0.5,1.0,0.0,0.0,0.0,0.018
809.0,ue[4],0,0.0,0.0,0.0,0.0,0.5,1.0,0.0,0.0,0.0,0.0
1368.0,attacker[0],1,0.0,0.0,0.0,0.0,0.5,1.0,0.0,0.0,0.0,0.0
484.0,attacker[1],1,0.0,0.0,0.0,0.0,0.5,1.0,0.0,0.0,0.0,0.029
178.0,attacker[2],1,0.017,0.0159,0.053459,0.0,0.501667,0.59,1.0,0.22188,1.0,0.025
1036.0,ue[1],0,0.0,0.0,0.0,0.0,0.5,1.0,0.0,0.0,0.0,0.0
109.0,ue[3],0,0.012,0.0082,0.073171,0.004,0.5005,0.36,1.0,0.0,1.0,0.017
703.0,attacker[2],1,0.0,0.0,0.0,0.0,0.5,1.0,0.0,0.0,0.0,0.03
734.0,ue[2],0,0.0,0.0,0.0,0.0,0.5,1.0,0.0,0.0,0.0,0.02
779.0,ue[2],0,0.0,0.0,0.0,0.0,0.5,1.0,0.0,0.0,0.0,0.013
154.0,ue[0],0,0.006,0.009,0.033333,0.0,0.498,0.51,1.0,0.0,1.0,0.018
871.0,attacker[2],1,0.0,0.0,0.0,0.0,0.5,1.0,0.0,0.0,0.0,0.0
356.0,ue[0],0,0.0,0.0,0.0,0.0,0.5,1.0,0.0,0.0,0.0,0.022
1295.0,attacker[0],1,0.0,0.0,0.0,0.0,0.5,1.0,0.0,0.0,0.0,0.0
947.0,ue[1],0,0.0,0.0,0.0,0.0,0.5,1.0,0.0,0.0,0.0,0.0
698.0,attacker[1],1,0.0,0.0,0.0,0.0,0.5,1.0,0.0,0.0,0.0,0.025
628.0,attacker[1],1,0.0,0.0,0.0,0.0,0.5,1.0,0.0,0.0,0.0,0.029
360.0,attacker[1],1,0.0,0.0,0.0,0.0,0.5,1.0,0.0,0.0,0.0,0.029
619.0,attacker[1],1,0.0,0.0,0.0,0.0,0.5,1.0,0.0,0.0,0.0,0.029
311.0,ue[1],0,0.0,0.0,0.0,0.0,0.5,1.0,0.433333,0.0,0.0,0.022
1010.0,ue[1],0,0.0,0.0,0.0,0.0,0.5,1.0,0.0,0.0,0.0,0.0
200.0,ue[2],0,0.008,0.0092,0.043478,0.004,0.500833,0.663333,1.0,0.0,1.0,0.018
1050.0,attacker[1],1,0.0,0.0,0.0,0.0,0.5,1.0,0.0,0.0,0.0,0.0
480.0,ue[0],0,0.0,0.0,0.0,0.0,0.5,1.0,0.0,0.0,0.0,0.022
706.0,attacker[1],1,0.0,0.0,0.0,0.0,0.5,1.0,0.0,0.0,0.0,0.025
549.0,ue[0],0,0.0,0.0,0.0,0.0,0.5,1.0,0.0,0.0,0.0,0.022
968.0,attacker[2],1,0.0,0.0,0.0,0.0,0.5,1.0,0.0,0.0,0.0,0.0
1175.0,ue[3],0,0.0,0.0,0.0,0.0,0.5,1.0,0.0,0.0,0.0,0.0
212.0,ue[0],0,0.01,0.0099,0.050505,0.002,0.499,0.703333,1.0,0.0,1.0,0.018
266.0,attacker[1],1,0.016,0.0157,0.050955,0.002,0.499833,0.883333,1.0,0.272554,1.0,0.029
536.0,ue[2],0,0.0,0.0,0.0,0.0,0.5,1.0,0.0,0.0,0.0,0.02
503.0,attacker[2],1,0.0,0.0,0.0,0.0,0.5,1.0,0.0,0.0,0.0,0.03
560.0,ue[1],0,0.0,0.0,0.0,0.0,0.5,1.0,0.0,0.0,0.0,0.02
1055.0,ue[1],0,0.0,0.0,0.0,0.0,0.5,1.0,0.0,0.0,0.0,0.0
1415.0,ue[4],0,0.0,0.0,0.0,0.0,0.5,1.0,0.0,0.0,0.0,0.0
1034.0,attacker[0],1,0.0,0.0,0.0,0.0,0.5,1.0,0.0,0.0,0.0,0.0
682.0,ue[0],0,0.0,0.0,0.0,0.0,0.5,1.0,0.0,0.0,0.0,0.022
954.0,ue[2],0,0.0,0.0,0.0,0.0,0.5,1.0,0.0,0.0,0.0,0.0
1189.0,attacker[1],1,0.0,0.0,0.0,0.0,0.5,1.0,0.0,0.0,0.0,0.0
598.0,ue[3],0,0.0,0.0,0.0,0.0,0.5,1.0,0.0,0.0,0.0,0.018
1099.0,ue[1],0,0.0,0.0,0.0,0.0,0.5,1.0,0.0,0.0,0.0,0.0
375.0,attacker[1],1,0.0,0.0,0.0,0.0,0.5,1.0,0.0,0.0,0.0,0.029
402.0,ue[0],0,0.0,0.0,0.0,0.0,0.5,1.0,0.0,0.0,0.0,0.022
1147.0,attacker[0],1,0.0,0.0,0.0,0.0,0.5,1.0,0.0,0.0,0.0,0.0
453.0,ue[4],0,0.0,0.0,0.0,0.0,0.5,1.0,0.0,0.0,0.0,0.019
1212.0,ue[2],0,0.0,0.0,0.0,0.0,0.5,1.0,0.0,0.0,0.0,0.0
582.0,ue[0],0,0.0,0.0,0.0,0.0,0.5,1.0,0.0,0.0,0.0,0.022
399.0,attacker[0],1,0.0,0.0,0.0,0.0,0.5,1.0,0.0,0.0,0.0,0.03
648.0,ue[0],0,0.0,0.0,0.0,0.0,0.5,1.0,0.0,0.0,0.0,0.022
1483.0,ue[4],0,0.0,0.0,0.0,0.0,0.5,1.0,0.0,0.0,0.0,0.0
1024.0,attacker[0],1,0.0,0.0,0.0,0.0,0.5,1.0,0.0,0.0,0.0,0.0
44.0,ue[3],0,0.013,0.0112,0.058036,0.004,0.499,0.143333,1.0,0.0,1.0,0.015
1243.0,ue[0],0,0.0,0.0,0.0,0.0,0.5,1.0,0.0,0.0,0.0,0.0
86.0,attacker[1],1,0.017,0.0176,0.048295,0.009,0.496917,0.283333,1.0,0.337352,1.0,0.029
336.0,ue[2],0,0.0,0.0,0.0,0.0,0.5,1.0,0.0,0.0,0.0,0.02
1044.0,attacker[0],1,0.0,0.0,0.0,0.0,0.5,1.0,0.0,0.0,0.0,0.0
1058.0,ue[0],0,0.0,0.0,0.0,0.0,0.5,1.0,0.0,0.0,0.0,0.0
1353.0,ue[2],0,0.0,0.0,0.0,0.0,0.5,1.0,0.0,0.0,0.0,0.0
73.0,ue[3],0,0.01,0.0095,0.052632,0.006,0.503333,0.24,1.0,0.0,1.0,0.016
1250.0,ue[4],0,0.0,0.0,0.0,0.0,0.5,1.0,0.0,0.0,0.0,0.0
108.0,ue[3],0,0.008,0.0077,0.051948,0.003,0.498583,0.356667,1.0,0.0,1.0,0.017
577.0,attacker[1],1,0.0,0.0,0.0,0.0,0.5,1.0,0.0,0.0,0.0,0.029
1460.0,ue[3],0,0.0,0.0,0.0,0.0,0.5,1.0,0.0,0.0,0.0,0.0
689.0,ue[1],0,0.0,0.0,0.0,0.0,0.5,1.0,0.0,0.0,0.0,0.018
321.0,attacker[0],1,0.0,0.0,0.0,0.0,0.5,1.0,0.1,0.0,0.0,0.03
227.0,attacker[2],1,0.026,0.0183,0.071038,0.015,0.499583,0.753333,1.0,0.476734,1.0,0.026
1213.0,ue[2],0,0.0,0.0,0.0,0.0,0.5,1.0,0.0,0.0,0.0,0.0
18.0,ue[3],0,0.01,0.0102,0.04902,0.002,0.500833,0.056667,1.0,0.0,0.633333,0.015
1131.0,ue[4],0,0.0,0.0,0.0,0.0,0.5,1.0,0.0,0.0,0.0,0.0
1304.0,attacker[0],1,0.0,0.0,0.0,0.0,0.5,1.0,0.0,0.0,0.0,0.0
699.0,ue[3],0,0.0,0.0,0.0,0.0,0.5,1.0,0.0,0.0,0.0,0.018
1141.0,ue[2],0,0.0,0.0,0.0,0.0,0.5,1.0,0.0,0.0,0.0,0.0
875.0,ue[1],0,0.0,0.0,0.0,0.0,0.5,1.0,0.0,0.0,0.0,0.0
319.0,attacker[2],1,0.0,0.0,0.0,0.0,0.5,1.0,0.166667,0.0,0.0,0.03
72.0,attacker[0],1,0.011,0.0167,0.032934,0.008,0.497167,0.236667,1.0,0.0,1.0,0.027
1402.0,attacker[2],1,0.0,0.0,0.0,0.0,0.5,1.0,0.0,0.0,0.0,0.0
240.0,ue[0],0,0.011,0.0102,0.053922,0.003,0.501917,0.796667,1.0,0.0,1.0,0.018
20.0,attacker[1],1,0.021,0.0161,0.065217,0.008,0.501667,0.063333,0.952381,0.409525,0.666667,0.029
1427.0,ue[1],0,0.0,0.0,0.0,0.0,0.5,1.0,0.0,0.0,0.0,0.0
629.0,ue[3],0,0.0,0.0,0.0,0.0,0.5,1.0,0.0,0.0,0.0,0.018
1170.0,attacker[0],1,0.0,0.0,0.0,0.0,0.5,1.0,0.0,0.0,0.0,0.0
91.0,ue[3],0,0.011,0.0103,0.053398,0.004,0.5025,0.3,1.0,0.041134,1.0,0.016
353.0,ue[2],0,0.0,0.0,0.0,0.0,0.5,1.0,0.0,0.0,0.0,0.02
899.0,ue[0],0,0.0,0.0,0.0,0.0,0.5,1.0,0.0,0.0,0.0,0.0
145.0,ue[0],0,0.008,0.0111,0.036036,0.009,0.499583,0.48,1.0,0.0,1.0,0.018
1497.0,attacker[0],1,0.0,0.0,0.0,0.0,0.5,1.0,0.0,0.0,0.0,0.0
123.0,ue[4],0,0.009,0.0095,0.047368,0.001,0.500583,0.406667,1.0,0.0,1.0,0.019
1059.0,attacker[2],1,0.0,0.0,0.0,0.0,0.5,1.0,0.0,0.0,0.0,0.0
1430.0,ue[0],0,0.0,0.0,0.0,0.0,0.5,1.0,0.0,0.0,0.0,0.0
1371.0,ue[4],0,0.0,0.0,0.0,0.0,0.5,1.0,0.0,0.0,0.0,0.0
68.0,attacker[0],1,0.023,0.016,0.071875,0.005,0.503583,0.223333,1.0,0.344504,1.0,0.027
1496.0,attacker[0],1,0.0,0.0,0.0,0.0,0.5,1.0,0.0,0.0,0.0,0.0
1055.0,ue[2],0,0.0,0.0,0.0,0.0,0.5,1.0,0.0,0.0,0.0,0.0
840.0,ue[3],0,0.0,0.0,0.0,0.0,0.5,1.0,0.0,0.0,0.0,0.0
239.0,ue[3],0,0.008,0.0092,0.043478,0.001,0.499583,0.793333,1.0,0.0,1.0,0.018
268.0,ue[4],0,0.009,0.0109,0.041284,0.001,0.499083,0.89,1.0,0.0,1.0,0.019
780.0,attacker[0],1,0.0,0.0,0.0,0.0,0.5,1.0,0.0,0.0,0.0,0.03
828.0,ue[0],0,0.0,0.0,0.0,0.0,0.5,1.0,0.0,0.0,0.0,0.0
631.0,attacker[1],1,0.0,0.0,0.0,0.0,0.5,1.0,0.0,0.0,0.0,0.029
306.0,ue[0],0,0.0,0.0,0.0,0.0,0.5,1.0,0.6,0.0,0.0,0.022
567.0,ue[3],0,0.0,0.0,0.0,0.0,0.5,1.0,0.0,0.0,0.0,0.018
511.0,attacker[1],1,0.0,0.0,0.0,0.0,0.5,1.0,0.0,0.0,0.0,0.029
1496.0,ue[1],0,0.0,0.0,0.0,0.0,0.5,1.0,0.0,0.0,0.0,0.0
63.0,ue[1],0,0.017,0.0104,0.081731,0.008,0.500333,0.206667,1.0,0.171768,1.0,0.022
1122.0,ue[3],0,0.0,0.0,0.0,0.0,0.5,1.0,0.0,0.0,0.0,0.0
690.0,ue[2],0,0.0,0.0,0.0,0.0,0.5,1.0,0.0,0.0,0.0,0.02
326.0,ue[2],0,0.0,0.0,0.0,0.0,0.5,1.0,0.0,0.0,0.0,0.02
1330.0,attacker[1],1,0.0,0.0,0.0,0.0,0.5,1.0,0.0,0.0,0.0,0.0
19.0,attacker[2],1,0.014,0.0148,0.047297,0.001,0.49875,0.06,0.95,0.075593,0.633333,0.021
95.0,attacker[2],1,0.02,0.0148,0.067568,0.005,0.50275,0.313333,1.0,0.204211,1.0,0.025
122.0,ue[4],0,0.01,0.0099,0.050505,0.001,0.50025,0.403333,1.0,0.0,1.0,0.019
1363.0,attacker[2],1,0.0,0.0,0.0,0.0,0.5,1.0,0.0,0.0,0.0,0.0
1052.0,ue[2],0,0.0,0.0,0.0,0.0,0.5,1.0,0.0,0.0,0.0,0.0
103.0,ue[1],0,0.004,0.0091,0.021978,0.01,0.5,0.34,1.0,0.0,1.0,0.022
17.0,attacker[2],1,0.015,0.0158,0.047468,0.003,0.501583,0.053333,0.944444,0.15367,0.566667,0.021
325.0,ue[3],0,0.0,0.0,0.0,0.0,0.5,1.0,0.0,0.0,0.0,0.018
1234.0,ue[4],0,0.0,0.0,0.0,0.0,0.5,1.0,0.0,0.0,0.0,0.0
805.0,ue[4],0,0.0,0.0,0.0,0.0,0.5,1.0,0.0,0.0,0.0,0.0
713.0,ue[4],0,0.0,0.0,0.0,0.0,0.5,1.0,0.0,0.0,0.0,0.018
767.0,ue[4],0,0.0,0.0,0.0,0.0,0.5,1.0,0.0,0.0,0.0,0.018
674.0,ue[0],0,0.0,0.0,0.0,0.0,0.5,1.0,0.0,0.0,0.0,0.022
393.0,attacker[2],1,0.0,0.0,0.0,0.0,0.5,1.0,0.0,0.0,0.0,0.03
211.0,attacker[0],1,0.012,0.0169,0.035503,0.009,0.49925,0.7,1.0,0.0,1.0,0.027
1286.0,ue[1],0,0.0,0.0,0.0,0.0,0.5,1.0,0.0,0.0,0.0,0.0
84.0,ue[0],0,0.012,0.0112,0.053571,0.002,0.501333,0.276667,1.0,0.022547,1.0,0.018
912.0,attacker[0],1,0.0,0.0,0.0,0.0,0.5,1.0,0.0,0.0,0.0,0.0
974.0,attacker[0],1,0.0,0.0,0.0,0.0,0.5,1.0,0.0,0.0,0.0,0.0
184.0,attacker[1],1,0.017,0.0155,0.054839,0.003,0.502583,0.61,1.0,0.118797,1.0,0.029
1089.0,attacker[0],1,0.0,0.0,0.0,0.0,0.5,1.0,0.0,0.0,0.0,0.0
1177.0,attacker[2],1,0.0,0.0,0.0,0.0,0.5,1.0,0.0,0.0,0.0,0.0
1136.0,ue[1],0,0.0,0.0,0.0,0.0,0.5,1.0,0.0,0.0,0.0,0.0
909.0,ue[1],0,0.0,0.0,0.0,0.0,0.5,1.0,0.0,0.0,0.0,0.0
1288.0,attacker[1],1,0.0,0.0,0.0,0.0,0.5,1.0,0.0,0.0,0.0,0.0
574.0,ue[3],0,0.0,0.0,0.0,0.0,0.5,1.0,0.0,0.0,0.0,0.018
322.0,ue[4],0,0.0,0.0,0.0,0.0,0.5,1.0,0.066667,0.0,0.0,0.019
404.0,ue[4],0,0.0,0.0,0.0,0.0,0.5,1.0,0.0,0.0,0.0,0.019
584.0,attacker[1],1,0.0,0.0,0.0,0.0,0.5,1.0,0.0,0.0,0.0,0.029
1356.0,attacker[2],1,0.0,0.0,0.0,0.0,0.5,1.0,0.0,0.0,0.0,0.0
1367.0,ue[4],0,0.0,0.0,0.0,0.0,0.5,1.0,0.0,0.0,0.0,0.0
941.0,ue[1],0,0.0,0.0,0.0,0.0,0.5,1.0,0.0,0.0,0.0,0.0
1338.0,ue[4],0,0.0,0.0,0.0,0.0,0.5,1.0,0.0,0.0,0.0,0.0
1379.0,attacker[1],1,0.0,0.0,0.0,0.0,0.5,1.0,0.0,0.0,0.0,0.0
1006.0,ue[2],0,0.0,0.0,0.0,0.0,0.5,1.0,0.0,0.0,0.0,0.0
1377.0,ue[2],0,0.0,0.0,0.0,0.0,0.5,1.0,0.0,0.0,0.0,0.0
924.0,ue[0],0,0.0,0.0,0.0,0.0,0.5,1.0,0.0,0.0,0.0,0.0
1358.0,ue[3],0,0.0,0.0,0.0,0.0,0.5,1.0,0.0,0.0,0.0,0.0
608.0,ue[4],0,0.0,0.0,0.0,0.0,0.5,1.0,0.0,0.0,0.0,0.018
948.0,attacker[2],1,0.0,0.0,0.0,0.0,0.5,1.0,0.0,0.0,0.0,0.0
578.0,ue[2],0,0.0,0.0,0.0,0.0,0.5,1.0,0.0,0.0,0.0,0.02
1301.0,attacker[2],1,0.0,0.0,0.0,0.0,0.5,1.0,0.0,0.0,0.0,0.0
936.0,ue[3],0,0.0,0.0,0.0,0.0,0.5,1.0,0.0,0.0,0.0,0.0
247.0,ue[1],0,0.003,0.0104,0.014423,0.008,0.496333,0.82,1.0,0.0,1.0,0.022
133.0,attacker[1],1,0.011,0.0159,0.034591,0.001,0.496417,0.44,1.0,0.0,1.0,0.029
169.0,ue[2],0,0.009,0.0105,0.042857,0.002,0.5,0.56,1.0,0.0,1.0,0.018
828.0,attacker[2],1,0.0,0.0,0.0,0.0,0.5,1.0,0.0,0.0,0.0,0.0
645.0,ue[4],0,0.0,0.0,0.0,0.0,0.5,1.0,0.0,0.0,0.0,0.018
379.0,ue[3],0,0.0,0.0,0.0,0.0,0.5,1.0,0.0,0.0,0.0,0.018
23.0,ue[3],0,0.008,0.0097,0.041237,0.003,0.500083,0.073333,1.0,0.0,0.8,0.015
1271.0,attacker[0],1,0.0,0.0,0.0,0.0,0.5,1.0,0.0,0.0,0.0,0.0
1002.0,ue[2],0,0.0,0.0,0.0,0.0,0.5,1.0,0.0,0.0,0.0,0.0
1207.0,attacker[1],1,0.0,0.0,0.0,0.0,0.5,1.0,0.0,0.0,0.0,0.0
668.0,ue[4],0,0.0,0.0,0.0,0.0,0.5,1.0,0.0,0.0,0.0,0.018
884.0,ue[4],0,0.0,0.0,0.0,0.0,0.5,1.0,0.0,0.0,0.0,0.0
1113.0,ue[3],0,0.0,0.0,0.0,0.0,0.5,1.0,0.0,0.0,0.0,0.0
331.0,ue[0],0,0.0,0.0,0.0,0.0,0.5,1.0,0.0,0.0,0.0,0.022
1183.0,ue[4],0,0.0,0.0,0.0,0.0,0.5,1.0,0.0,0.0,0.0,0.0
1324.0,ue[3],0,0.0,0.0,0.0,0.0,0.5,1.0,0.0,0.0,0.0,0.0
250.0,ue[4],0,0.009,0.0094,0.047872,0.0,0.499667,0.83,1.0,0.0,1.0,0.019
560.0,attacker[1],1,0.0,0.0,0.0,0.0,0.5,1.0,0.0,0.0,0.0,0.029
875.0,ue[0],0,0.0,0.0,0.0,0.0,0.5,1.0,0.0,0.0,0.0,0.0
1270.0,attacker[0],1,0.0,0.0,0.0,0.0,0.5,1.0,0.0,0.0,0.0,0.0
169.0,ue[1],0,0.014,0.0093,0.075269,0.008,0.500833,0.56,1.0,0.134508,1.0,0.022
226.0,ue[0],0,0.014,0.0106,0.066038,0.008,0.498833,0.75,1.0,0.067574,1.0,0.018
970.0,attacker[1],1,0.0,0.0,0.0,0.0,0.5,1.0,0.0,0.0,0.0,0.0
986.0,attacker[1],1,0.0,0.0,0.0,0.0,0.5,1.0,0.0,0.0,0.0,0.0
831.0,ue[2],0,0.0,0.0,0.0,0.0,0.5,1.0,0.0,0.0,0.0,0.0
1494.0,ue[3],0,0.0,0.0,0.0,0.0,0.5,1.0,0.0,0.0,0.0,0.0
974.0,ue[1],0,0.0,0.0,0.0,0.0,0.5,1.0,0.0,0.0,0.0,0.0
723.0,attacker[1],1,0.0,0.0,0.0,0.0,0.5,1.0,0.0,0.0,0.0,0.025
915.0,ue[4],0,0.0,0.0,0.0,0.0,0.5,1.0,0.0,0.0,0.0,0.0
858.0,ue[2],0,0.0,0.0,0.0,0.0,0.5,1.0,0.0,0.0,0.0,0.0
64.0,attacker[1],1,0.014,0.0174,0.04023,0.001,0.498083,0.21,1.0,0.146019,1.0,0.029
1432.0,ue[2],0,0.0,0.0,0.0,0.0,0.5,1.0,0.0,0.0,0.0,0.0
1011.0,attacker[1],1,0.0,0.0,0.0,0.0,0.5,1.0,0.0,0.0,0.0,0.0
998.0,ue[0],0,0.0,0.0,0.0,0.0,0.5,1.0,0.0,0.0,0.0,0.0
1246.0,attacker[0],1,0.0,0.0,0.0,0.0,0.5,1.0,0.0,0.0,0.0,0.0
157.0,attacker[1],1,0.018,0.0151,0.059603,0.008,0.4995,0.52,1.0,0.39443,1.0,0.029
514.0,attacker[0],1,0.0,0.0,0.0,0.0,0.5,1.0,0.0,0.0,0.0,0.03
293.0,ue[3],0,0.014,0.0088,0.079545,0.005,0.502083,0.973333,1.0,0.072583,1.0,0.018
8.0,ue[1],0,0.015,0.010444,0.071809,0.002,0.501333,0.023333,1.0,0.0,0.3,0.017
48.0,ue[3],0,0.014,0.0112,0.0625,0.007,0.499417,0.156667,1.0,0.0,1.0,0.015
377.0,ue[4],0,0.0,0.0,0.0,0.0,0.5,1.0,0.0,0.0,0.0,0.019
904.0,ue[4],0,0.0,0.0,0.0,0.0,0.5,1.0,0.0,0.0,0.0,0.0
502.0,attacker[1],1,0.0,0.0,0.0,0.0,0.5,1.0,0.0,0.0,0.0,0.029
675.0,ue[0],0,0.0,0.0,0.0,0.0,0.5,1.0,0.0,0.0,0.0,0.022
676.0,ue[2],0,0.0,0.0,0.0,0.0,0.5,1.0,0.0,0.0,0.0,0.02
1225.0,ue[0],0,0.0,0.0,0.0,0.0,0.5,1.0,0.0,0.0,0.0,0.0
381.0,ue[4],0,0.0,0.0,0.0,0.0,0.5,1.0,0.0,0.0,0.0,0.019
365.0,attacker[2],1,0.0,0.0,0.0,0.0,0.5,1.0,0.0,0.0,0.0,0.03
901.0,ue[0],0,0.0,0.0,0.0,0.0,0.5,1.0,0.0,0.0,0.0,0.0
78.0,attacker[2],1,0.013,0.0164,0.039634,0.005,0.50025,0.256667,1.0,0.030861,1.0,0.025
500.0,attacker[0],1,0.0,0.0,0.0,0.0,0.5,1.0,0.0,0.0,0.0,0.03
1096.0,attacker[0],1,0.0,0.0,0.0,0.0,0.5,1.0,0.0,0.0,0.0,0.0
350.0,ue[3],0,0.0,0.0,0.0,0.0,0.5,1.0,0.0,0.0,0.0,0.018
1194.0,attacker[0],1,0.0,0.0,0.0,0.0,0.5,1.0,0.0,0.0,0.0,0.0
461.0,ue[1],0,0.0,0.0,0.0,0.0,0.5,1.0,0.0,0.0,0.0,0.022
174.0,ue[1],0,0.007,0.0092,0.038043,0.002,0.498833,0.576667,1.0,0.0,1.0,0.022
489.0,attacker[2],1,0.0,0.0,0.0,0.0,0.5,1.0,0.0,0.0,0.0,0.03
685.0,attacker[2],1,0.0,0.0,0.0,0.0,0.5,1.0,0.0,0.0,0.0,0.03
281.0,ue[4],0,0.012,0.0099,0.060606,0.003,0.50075,0.933333,1.0,0.0,1.0,0.019
642.0,attacker[0],1,0.0,0.0,0.0,0.0,0.5,1.0,0.0,0.0,0.0,0.03
482.0,ue[3],0,0.0,0.0,0.0,0.0,0.5,1.0,0.0,0.0,0.0,0.018
420.0,attacker[0],1,0.0,0.0,0.0,0.0,0.5,1.0,0.0,0.0,0.0,0.03
558.0,ue[4],0,0.0,0.0,0.0,0.0,0.5,1.0,0.0,0.0,0.0,0.019
243.0,ue[3],0,0.007,0.0093,0.037634,0.003,0.497583,0.806667,1.0,0.0,1.0,0.018
684.0,ue[3],0,0.0,0.0,0.0,0.0,0.5,1.0,0.0,0.0,0.0,0.018
1427.0,ue[2],0,0.0,0.0,0.0,0.0,0.5,1.0,0.0,0.0,0.0,0.0
477.0,attacker[2],1,0.0,0.0,0.0,0.0,0.5,1.0,0.0,0.0,0.0,0.03
1212.0,ue[1],0,0.0,0.0,0.0,0.0,0.5,1.0,0.0,0.0,0.0,0.0
786.0,ue[2],0,0.0,0.0,0.0,0.0,0.5,1.0,0.0,0.0,0.0,0.013
970.0,attacker[2],1,0.0,0.0,0.0,0.0,0.5,1.0,0.0,0.0,0.0,0.0
51.0,ue[0],0,0.005,0.0088,0.028409,0.006,0.499833,0.166667,1.0,0.0,1.0,0.018
1435.0,attacker[2],1,0.0,0.0,0.0,0.0,0.5,1.0,0.0,0.0,0.0,0.0
1134.0,ue[4],0,0.0,0.0,0.0,0.0,0.5,1.0,0.0,0.0,0.0,0.0
1049.0,attacker[2],1,0.0,0.0,0.0,0.0,0.5,1.0,0.0,0.0,0.0,0.0
1336.0,ue[1],0,0.0,0.0,0.0,0.0,0.5,1.0,0.0,0.0,0.0,0.0
52.0,attacker[2],1,0.017,0.0168,0.050595,0.002,0.499667,0.17,1.0,0.143182,1.0,0.025
922.0,attacker[1],1,0.0,0.0,0.0,0.0,0.5,1.0,0.0,0.0,0.0,0.0
542.0,ue[0],0,0.0,0.0,0.0,0.0,0.5,1.0,0.0,0.0,0.0,0.022
114.0,ue[1],0,0.009,0.0092,0.048913,0.001,0.499917,0.376667,1.0,0.0,1.0,0.022
292.0,ue[4],0,0.01,0.0107,0.046729,0.003,0.49975,0.97,1.0,0.0,1.0,0.019
1090.0,attacker[2],1,0.0,0.0,0.0,0.0,0.5,1.0,0.0,0.0,0.0,0.0
814.0,ue[3],0,0.0,0.0,0.0,0.0,0.5,1.0,0.0,0.0,0.0,0.0
1270.0,ue[2],0,0.0,0.0,0.0,0.0,0.5,1.0,0.0,0.0,0.0,0.0
455.0,attacker[2],1,0.0,0.0,0.0,0.0,0.5,1.0,0.0,0.0,0.0,0.03
679.0,ue[3],0,0.0,0.0,0.0,0.0,0.5,1.0,0.0,0.0,0.0,0.018
261.0,attacker[1],1,0.017,0.016,0.053125,0.003,0.501083,0.866667,1.0,0.119353,1.0,0.029
1341.0,ue[4],0,0.0,0.0,0.0,0.0,0.5,1.0,0.0,0.0,0.0,0.0
263.0,ue[3],0,0.004,0.01,0.02,0.004,0.497167,0.873333,1.0,0.0,1.0,0.018
485.0,ue[4],0,0.0,0.0,0.0,0.0,0.5,1.0,0.0,0.0,0.0,0.019
925.0,ue[4],0,0.0,0.0,0.0,0.0,0.5,1.0,0.0,0.0,0.0,0.0
1413.0,ue[1],0,0.0,0.0,0.0,0.0,0.5,1.0,0.0,0.0,0.0,0.0
710.0,ue[0],0,0.0,0.0,0.0,0.0,0.5,1.0,0.0,0.0,0.0,0.022
1161.0,attacker[2],1,0.0,0.0,0.0,0.0,0.5,1.0,0.0,0.0,0.0,0.0
1031.0,attacker[1],1,0.0,0.0,0.0,0.0,0.5,1.0,0.0,0.0,0.0,0.0
319.0,attacker[1],1,0.0,0.0,0.0,0.0,0.5,1.0,0.166667,0.0,0.0,0.029
754.0,attacker[0],1,0.0,0.0,0.0,0.0,0.5,1.0,0.0,0.0,0.0,0.03
622.0,ue[2],0,0.0,0.0,0.0,0.0,0.5,1.0,0.0,0.0,0.0,0.02
600.0,ue[0],0,0.0,0.0,0.0,0.0,0.5,1.0,0.0,0.0,0.0,0.022
325.0,attacker[1],1,0.0,0.0,0.0,0.0,0.5,1.0,0.0,0.0,0.0,0.029
1336.0,ue[0],0,0.0,0.0,0.0,0.0,0.5,1.0,0.0,0.0,0.0,0.0
1053.0,ue[0],0,0.0,0.0,0.0,0.0,0.5,1.0,0.0,0.0,0.0,0.0
434.0,attacker[0],1,0.0,0.0,0.0,0.0,0.5,1.0,0.0,0.0,0.0,0.03
105.0,ue[0],0,0.013,0.0096,0.067708,0.002,0.502833,0.346667,1.0,0.0,1.0,0.018
173.0,attacker[1],1,0.02,0.0148,0.067568,0.008,0.501833,0.573333,1.0,0.322721,1.0,0.029
1202.0,ue[1],0,0.0,0.0,0.0,0.0,0.5,1.0,0.0,0.0,0.0,0.0
62.0,ue[4],0,0.006,0.0099,0.030303,0.005,0.499417,0.203333,1.0,0.0,1.0,0.019
207.0,ue[0],0,0.009,0.0089,0.050562,0.002,0.500333,0.686667,1.0,0.0,1.0,0.018
45.0,ue[2],0,0.011,0.0101,0.054455,0.0,0.499833,0.146667,1.0,0.0,1.0,0.018
1229.0,ue[1],0,0.0,0.0,0.0,0.0,0.5,1.0,0.0,0.0,0.0,0.0
718.0,ue[4],0,0.0,0.0,0.0,0.0,0.5,1.0,0.0,0.0,0.0,0.018
1372.0,ue[1],0,0.0,0.0,0.0,0.0,0.5,1.0,0.0,0.0,0.0,0.0
1254.0,attacker[0],1,0.0,0.0,0.0,0.0,0.5,1.0,0.0,0.0,0.0,0.0
1483.0,ue[0],0,0.0,0.0,0.0,0.0,0.5,1.0,0.0,0.0,0.0,0.0
872.0,ue[1],0,0.0,0.0,0.0,0.0,0.5,1.0,0.0,0.0,0.0,0.0
715.0,ue[1],0,0.0,0.0,0.0,0.0,0.5,1.0,0.0,0.0,0.0,0.018
1008.0,attacker[0],1,0.0,0.0,0.0,0.0,0.5,1.0,0.0,0.0,0.0,0.0
631.0,attacker[2],1,0.0,0.0,0.0,0.0,0.5,1.0,0.0,0.0,0.0,0.03
974.0,ue[2],0,0.0,0.0,0.0,0.0,0.5,1.0,0.0,0.0,0.0,0.0
431.0,ue[3],0,0.0,0.0,0.0,0.0,0.5,1.0,0.0,0.0,0.0,0.018
310.0,attacker[2],1,0.0,0.0,0.0,0.0,0.5,1.0,0.466667,0.0,0.0,0.03
818.0,attacker[2],1,0.0,0.0,0.0,0.0,0.5,1.0,0.0,0.0,0.0,0.0
1313.0,attacker[1],1,0.0,0.0,0.0,0.0,0.5,1.0,0.0,0.0,0.0,0.0
445.0,attacker[1],1,0.0,0.0,0.0,0.0,0.5,1.0,0.0,0.0,0.0,0.029
98.0,attacker[1],1,0.018,0.0179,0.050279,0.004,0.499,0.323333,1.0,0.257036,1.0,0.029
1040.0,ue[4],0,0.0,0.0,0.0,0.0,0.5,1.0,0.0,0.0,0.0,0.0
309.0,ue[3],0,0.0,0.0,0.0,0.0,0.5,1.0,0.5,0.0,0.0,0.018
360.0,ue[2],0,0.0,0.0,0.0,0.0,0.5,1.0,0.0,0.0,0.0,0.02
13.0,ue[3],0,0.005,0.0104,0.024038,0.006,0.498,0.04,1.0,0.0,0.466667,0.014
1210.0,ue[2],0,0.0,0.0,0.0,0.0,0.5,1.0,0.0,0.0,0.0,0.0
253.0,ue[3],0,0.009,0.011,0.040909,0.007,0.50075,0.84,1.0,0.0,1.0,0.018
889.0,attacker[1],1,0.0,0.0,0.0,0.0,0.5,1.0,0.0,0.0,0.0,0.0
1437.0,attacker[1],1,0.0,0.0,0.0,0.0,0.5,1.0,0.0,0.0,0.0,0.0
407.0,ue[3],0,0.0,0.0,0.0,0.0,0.5,1.0,0.0,0.0,0.0,0.018
788.0,ue[1],0,0.0,0.0,0.0,0.0,0.5,1.0,0.0,0.0,0.0,0.013
1019.0,ue[4],0,0.0,0.0,0.0,0.0,0.5,1.0,0.0,0.0,0.0,0.0
379.0,ue[1],0,0.0,0.0,0.0,0.0,0.5,1.0,0.0,0.0,0.0,0.022
616.0,ue[3],0,0.0,0.0,0.0,0.0,0.5,1.0,0.0,0.0,0.0,0.018
28.0,ue[4],0,0.012,0.0112,0.053571,0.001,0.501417,0.09,1.0,0.0,0.966667,0.019
846.0,ue[4],0,0.0,0.0,0.0,0.0,0.5,1.0,0.0,0.0,0.0,0.0
109.0,attacker[1],1,0.016,0.0169,0.047337,0.007,0.501417,0.36,1.0,0.133108,1.0,0.029
1145.0,attacker[0],1,0.0,0.0,0.0,0.0,0.5,1.0,0.0,0.0,0.0,0.0
226.0,ue[3],0,0.007,0.0105,0.033333,0.007,0.499083,0.75,1.0,0.0,1.0,0.018
1319.0,attacker[1],1,0.0,0.0,0.0,0.0,0.5,1.0,0.0,0.0,0.0,0.0
224.0,ue[0],0,0.015,0.0106,0.070755,0.001,0.50325,0.743333,1.0,0.066899,1.0,0.018
1458.0,ue[4],0,0.0,0.0,0.0,0.0,0.5,1.0,0.0,0.0,0.0,0.0
1385.0,attacker[0],1,0.0,0.0,0.0,0.0,0.5,1.0,0.0,0.0,0.0,0.0
605.0,ue[4],0,0.0,0.0,0.0,0.0,0.5,1.0,0.0,0.0,0.0,0.018
1074.0,ue[4],0,0.0,0.0,0.0,0.0,0.5,1.0,0.0,0.0,0.0,0.0
477.0,ue[4],0,0.0,0.0,0.0,0.0,0.5,1.0,0.0,0.0,0.0,0.019
1154.0,ue[4],0,0.0,0.0,0.0,0.0,0.5,1.0,0.0,0.0,0.0,0.0
299.0,ue[4],0,0.0,0.0056,0.0,0.0,0.5,0.993333,0.833333,0.0,0.0,0.019
607.0,ue[3],0,0.0,0.0,0.0,0.0,0.5,1.0,0.0,0.0,0.0,0.018
864.0,ue[4],0,0.0,0.0,0.0,0.0,0.5,1.0,0.0,0.0,0.0,0.0
495.0,attacker[2],1,0.0,0.0,0.0,0.0,0.5,1.0,0.0,0.0,0.0,0.03
1179.0,ue[3],0,0.0,0.0,0.0,0.0,0.5,1.0,0.0,0.0,0.0,0.0
66.0,attacker[1],1,0.022,0.0178,0.061798,0.006,0.501167,0.216667,1.0,0.256676,1.0,0.029
993.0,ue[2],0,0.0,0.0,0.0,0.0,0.5,1.0,0.0,0.0,0.0,0.0
1359.0,ue[4],0,0.0,0.0,0.0,0.0,0.5,1.0,0.0,0.0,0.0,0.0
1275.0,ue[2],0,0.0,0.0,0.0,0.0,0.5,1.0,0.0,0.0,0.0,0.0
3.0,ue[3],0,0.005,0.00825,0.030303,0.008,0.5,0.006667,1.0,0.0,0.133333,0.013
318.0,attacker[2],1,0.0,0.0,0.0,0.0,0.5,1.0,0.2,0.0,0.0,0.03
479.0,ue[4],0,0.0,0.0,0.0,0.0,0.5,1.0,0.0,0.0,0.0,0.019
423.0,ue[4],0,0.0,0.0,0.0,0.0,0.5,1.0,0.0,0.0,0.0,0.019
798.0,attacker[2],1,0.0,0.0,0.0,0.0,0.5,1.0,0.0,0.0,0.0,0.0
1162.0,ue[2],0,0.0,0.0,0.0,0.0,0.5,1.0,0.0,0.0,0.0,0.0
1301.0,ue[4],0,0.0,0.0,0.0,0.0,0.5,1.0,0.0,0.0,0.0,0.0
954.0,attacker[2],1,0.0,0.0,0.0,0.0,0.5,1.0,0.0,0.0,0.0,0.0
557.0,attacker[1],1,0.0,0.0,0.0,0.0,0.5,1.0,0.0,0.0,0.0,0.029
636.0,ue[1],0,0.0,0.0,0.0,0.0,0.5,1.0,0.0,0.0,0.0,0.02
496.0,ue[2],0,0.0,0.0,0.0,0.0,0.5,1.0,0.0,0.0,0.0,0.02
108.0,ue[0],0,0.012,0.0104,0.057692,0.005,0.497583,0.356667,1.0,0.0,1.0,0.018
571.0,attacker[2],1,0.0,0.0,0.0,0.0,0.5,1.0,0.0,0.0,0.0,0.03
306.0,attacker[1],1,0.0,0.0,0.0,0.0,0.5,1.0,0.6,0.0,0.0,0.029
9.0,ue[1],0,0.01,0.0104,0.048077,0.005,0.49975,0.026667,1.0,0.0,0.333333,0.017
1054.0,ue[4],0,0.0,0.0,0.0,0.0,0.5,1.0,0.0,0.0,0.0,0.0
633.0,attacker[2],1,0.0,0.0,0.0,0.0,0.5,1.0,0.0,0.0,0.0,0.03
143.0,ue[2],0,0.008,0.0097,0.041237,0.003,0.501417,0.473333,1.0,0.0,1.0,0.018
150.0,attacker[0],1,0.017,0.0166,0.051205,0.007,0.498583,0.496667,1.0,0.319722,1.0,0.027
843.0,attacker[1],1,0.0,0.0,0.0,0.0,0.5,1.0,0.0,0.0,0.0,0.0
377.0,ue[3],0,0.0,0.0,0.0,0.0,0.5,1.0,0.0,0.0,0.0,0.018
1348.0,attacker[0],1,0.0,0.0,0.0,0.0,0.5,1.0,0.0,0.0,0.0,0.0
1330.0,ue[1],0,0.0,0.0,0.0,0.0,0.5,1.0,0.0,0.0,0.0,0.0
225.0,attacker[1],1,0.013,0.0155,0.041935,0.007,0.499917,0.746667,1.0,0.015314,1.0,0.029
128.0,attacker[0],1,0.013,0.0156,0.041667,0.005,0.500583,0.423333,1.0,0.090558,1.0,0.027
367.0,ue[0],0,0.0,0.0,0.0,0.0,0.5,1.0,0.0,0.0,0.0,0.022
1224.0,ue[3],0,0.0,0.0,0.0,0.0,0.5,1.0,0.0,0.0,0.0,0.0
886.0,attacker[2],1,0.0,0.0,0.0,0.0,0.5,1.0,0.0,0.0,0.0,0.0
238.0,ue[3],0,0.009,0.0096,0.046875,0.004,0.499833,0.79,1.0,0.0,1.0,0.018
623.0,ue[2],0,0.0,0.0,0.0,0.0,0.5,1.0,0.0,0.0,0.0,0.02
545.0,ue[1],0,0.0,0.0,0.0,0.0,0.5,1.0,0.0,0.0,0.0,0.022
1289.0,ue[4],0,0.0,0.0,0.0,0.0,0.5,1.0,0.0,0.0,0.0,0.0
264.0,ue[2],0,0.013,0.0091,0.071429,0.006,0.501167,0.876667,1.0,0.0,1.0,0.02
236.0,ue[0],0,0.01,0.0106,0.04717,0.0,0.499333,0.783333,1.0,0.0,1.0,0.018
255.0,attacker[0],1,0.017,0.0162,0.052469,0.005,0.497917,0.846667,1.0,0.202762,1.0,0.027
101.0,attacker[1],1,0.016,0.0169,0.047337,0.001,0.50025,0.333333,1.0,0.09987,1.0,0.029
911.0,ue[4],0,0.0,0.0,0.0,0.0,0.5,1.0,0.0,0.0,0.0,0.0
1118.0,attacker[1],1,0.0,0.0,0.0,0.0,0.5,1.0,0.0,0.0,0.0,0.0
1484.0,ue[4],0,0.0,0.0,0.0,0.0,0.5,1.0,0.0,0.0,0.0,0.0
71.0,ue[2],0,0.009,0.0114,0.039474,0.001,0.500417,0.233333,1.0,0.0,1.0,0.018
136.0,attacker[2],1,0.013,0.0177,0.036723,0.01,0.499667,0.45,1.0,0.135719,1.0,0.025
856.0,attacker[1],1,0.0,0.0,0.0,0.0,0.5,1.0,0.0,0.0,0.0,0.0
600.0,ue[3],0,0.0,0.0,0.0,0.0,0.5,1.0,0.0,0.0,0.0,0.018
941.0,ue[0],0,0.0,0.0,0.0,0.0,0.5,1.0,0.0,0.0,0.0,0.0
1495.0,attacker[0],1,0.0,0.0,0.0,0.0,0.5,1.0,0.0,0.0,0.0,0.0
1048.0,attacker[2],1,0.0,0.0,0.0,0.0,0.5,1.0,0.0,0.0,0.0,0.0
118.0,attacker[0],1,0.011,0.016,0.034375,0.003,0.496917,0.39,1.0,0.0,1.0,0.027
782.0,ue[1],0,0.0,0.0,0.0,0.0,0.5,1.0,0.0,0.0,0.0,0.018
646.0,attacker[0],1,0.0,0.0,0.0,0.0,0.5,1.0,0.0,0.0,0.0,0.03
660.0,attacker[1],1,0.0,0.0,0.0,0.0,0.5,1.0,0.0,0.0,0.0,0.025
462.0,ue[4],0,0.0,0.0,0.0,0.0,0.5,1.0,0.0,0.0,0.0,0.019
388.0,attacker[1],1,0.0,0.0,0.0,0.0,0.5,1.0,0.0,0.0,0.0,0.029
495.0,ue[1],0,0.0,0.0,0.0,0.0,0.5,1.0,0.0,0.0,0.0,0.022
167.0,attacker[2],1,0.015,0.0159,0.04717,0.006,0.501167,0.553333,1.0,0.182237,1.0,0.025
542.0,attacker[0],1,0.0,0.0,0.0,0.0,0.5,1.0,0.0,0.0,0.0,0.03
1015.0,ue[1],0,0.0,0.0,0.0,0.0,0.5,1.0,0.0,0.0,0.0,0.0
384.0,attacker[1],1,0.0,0.0,0.0,0.0,0.5,1.0,0.0,0.0,0.0,0.029
16.0,ue[3],0,0.004,0.0098,0.020408,0.011,0.500583,0.05,1.0,0.0,0.566667,0.015
384.0,ue[1],0,0.0,0.0,0.0,0.0,0.5,1.0,0.0,0.0,0.0,0.022
689.0,ue[3],0,0.0,0.0,0.0,0.0,0.5,1.0,0.0,0.0,0.0,0.018
912.0,ue[1],0,0.0,0.0,0.0,0.0,0.5,1.0,0.0,0.0,0.0,0.0
1488.0,ue[2],0,0.0,0.0,0.0,0.0,0.5,1.0,0.0,0.0,0.0,0.0
866.0,ue[2],0,0.0,0.0,0.0,0.0,0.5,1.0,0.0,0.0,0.0,0.0
772.0,ue[3],0,0.0,0.0,0.0,0.0,0.5,1.0,0.0,0.0,0.0,0.015
1058.0,attacker[0],1,0.0,0.0,0.0,0.0,0.5,1.0,0.0,0.0,0.0,0.0
1041.0,ue[0],0,0.0,0.0,0.0,0.0,0.5,1.0,0.0,0.0,0.0,0.0
87.0,attacker[2],1,0.017,0.0156,0.054487,0.004,0.500667,0.286667,1.0,0.27943,1.0,0.025
346.0,ue[2],0,0.0,0.0,0.0,0.0,0.5,1.0,0.0,0.0,0.0,0.02
602.0,attacker[2],1,0.0,0.0,0.0,0.0,0.5,1.0,0.0,0.0,0.0,0.03
124.0,attacker[0],1,0.014,0.016,0.04375,0.002,0.498333,0.41,1.0,0.0,1.0,0.027
1396.0,attacker[1],1,0.0,0.0,0.0,0.0,0.5,1.0,0.0,0.0,0.0,0.0
1373.0,attacker[0],1,0.0,0.0,0.0,0.0,0.5,1.0,0.0,0.0,0.0,0.0
1254.0,attacker[2],1,0.0,0.0,0.0,0.0,0.5,1.0,0.0,0.0,0.0,0.0
290.0,attacker[1],1,0.018,0.0164,0.054878,0.006,0.499,0.963333,1.0,0.227373,1.0,0.029
1393.0,attacker[1],1,0.0,0.0,0.0,0.0,0.5,1.0,0.0,0.0,0.0,0.0
1421.0,attacker[0],1,0.0,0.0,0.0,0.0,0.5,1.0,0.0,0.0,0.0,0.0
537.0,ue[4],0,0.0,0.0,0.0,0.0,0.5,1.0,0.0,0.0,0.0,0.019
897.0,attacker[0],1,0.0,0.0,0.0,0.0,0.5,1.0,0.0,0.0,0.0,0.0
416.0,ue[3],0,0.0,0.0,0.0,0.0,0.5,1.0,0.0,0.0,0.0,0.018
1006.0,attacker[2],1,0.0,0.0,0.0,0.0,0.5,1.0,0.0,0.0,0.0,0.0
586.0,ue[4],0,0.0,0.0,0.0,0.0,0.5,1.0,0.0,0.0,0.0,0.019
1097.0,attacker[1],1,0.0,0.0,0.0,0.0,0.5,1.0,0.0,0.0,0.0,0.0
257.0,attacker[0],1,0.015,0.0156,0.048077,0.003,0.499917,0.853333,1.0,0.08528,1.0,0.027
807.0,ue[1],0,0.0,0.0,0.0,0.0,0.5,1.0,0.0,0.0,0.0,0.0
1075.0,ue[2],0,0.0,0.0,0.0,0.0,0.5,1.0,0.0,0.0,0.0,0.0
76.0,ue[3],0,0.009,0.0092,0.048913,0.003,0.499583,0.25,1.0,0.0,1.0,0.016
127.0,attacker[2],1,0.018,0.0171,0.052632,0.003,0.499083,0.42,1.0,0.284493,1.0,0.025
91.0,ue[1],0,0.009,0.0104,0.043269,0.005,0.499583,0.3,1.0,0.0,1.0,0.022
467.0,ue[4],0,0.0,0.0,0.0,0.0,0.5,1.0,0.0,0.0,0.0,0.019
484.0,attacker[0],1,0.0,0.0,0.0,0.0,0.5,1.0,0.0,0.0,0.0,0.03
467.0,attacker[0],1,0.0,0.0,0.0,0.0,0.5,1.0,0.0,0.0,0.0,0.03
1405.0,attacker[2],1,0.0,0.0,0.0,0.0,0.5,1.0,0.0,0.0,0.0,0.0
1053.0,attacker[0],1,0.0,0.0,0.0,0.0,0.5,1.0,0.0,0.0,0.0,0.0
634.0,ue[2],0,0.0,0.0,0.0,0.0,0.5,1.0,0.0,0.0,0.0,0.02
1024.0,ue[4],0,0.0,0.0,0.0,0.0,0.5,1.0,0.0,0.0,0.0,0.0
192.0,ue[0],0,0.011,0.0096,0.057292,0.0,0.501,0.636667,1.0,0.0,1.0,0.018
465.0,ue[0],0,0.0,0.0,0.0,0.0,0.5,1.0,0.0,0.0,0.0,0.022
34.0,ue[1],0,0.012,0.0108,0.055556,0.004,0.503167,0.11,1.0,0.03132,1.0,0.017
921.0,ue[3],0,0.0,0.0,0.0,0.0,0.5,1.0,0.0,0.0,0.0,0.0
1132.0,ue[0],0,0.0,0.0,0.0,0.0,0.5,1.0,0.0,0.0,0.0,0.0
1193.0,ue[3],0,0.0,0.0,0.0,0.0,0.5,1.0,0.0,0.0,0.0,0.0
1429.0,ue[1],0,0.0,0.0,0.0,0.0,0.5,1.0,0.0,0.0,0.0,0.0
429.0,attacker[1],1,0.0,0.0,0.0,0.0,0.5,1.0,0.0,0.0,0.0,0.029
1396.0,attacker[2],1,0.0,0.0,0.0,0.0,0.5,1.0,0.0,0.0,0.0,0.0
320.0,ue[4],0,0.0,0.0,0.0,0.0,0.5,1.0,0.133333,0.0,0.0,0.019
713.0,attacker[1],1,0.0,0.0,0.0,0.0,0.5,1.0,0.0,0.0,0.0,0.025
1226.0,attacker[2],1,0.0,0.0,0.0,0.0,0.5,1.0,0.0,0.0,0.0,0.0
954.0,attacker[1],1,0.0,0.0,0.0,0.0,0.5,1.0,0.0,0.0,0.0,0.0
826.0,ue[4],0,0.0,0.0,0.0,0.0,0.5,1.0,0.0,0.0,0.0,0.0
945.0,ue[2],0,0.0,0.0,0.0,0.0,0.5,1.0,0.0,0.0,0.0,0.0
649.0,ue[1],0,0.0,0.0,0.0,0.0,0.5,1.0,0.0,0.0,0.0,0.02
812.0,ue[0],0,0.0,0.0,0.0,0.0,0.5,1.0,0.0,0.0,0.0,0.0
136.0,ue[1],0,0.003,0.0084,0.017857,0.007,0.496917,0.45,1.0,0.0,1.0,0.022
487.0,ue[0],0,0.0,0.0,0.0,0.0,0.5,1.0,0.0,0.0,0.0,0.022
756.0,ue[1],0,0.0,0.0,0.0,0.0,0.5,1.0,0.0,0.0,0.0,0.018
340.0,ue[0],0,0.0,0.0,0.0,0.0,0.5,1.0,0.0,0.0,0.0,0.022
408.0,attacker[1],1,0.0,0.0,0.0,0.0,0.5,1.0,0.0,0.0,0.0,0.029
1378.0,ue[4],0,0.0,0.0,0.0,0.0,0.5,1.0,0.0,0.0,0.0,0.0
419.0,attacker[2],1,0.0,0.0,0.0,0.0,0.5,1.0,0.0,0.0,0.0,0.03
111.0,attacker[0],1,0.014,0.0166,0.042169,0.004,0.497333,0.366667,1.0,0.266138,1.0,0.027
217.0,ue[4],0,0.008,0.0096,0.041667,0.004,0.499667,0.72,1.0,0.0,1.0,0.019
57.0,attacker[1],1,0.018,0.0156,0.057692,0.001,0.501083,0.186667,1.0,0.286855,1.0,0.029
25.0,attacker[0],1,0.021,0.0162,0.064815,0.004,0.502667,0.08,0.961538,0.210522,0.833333,0.023
286.0,ue[2],0,0.009,0.0089,0.050562,0.001,0.499917,0.95,1.0,0.0,1.0,0.02
791.0,ue[4],0,0.0,0.0,0.0,0.0,0.5,1.0,0.0,0.0,0.0,0.018
1285.0,attacker[1],1,0.0,0.0,0.0,0.0,0.5,1.0,0.0,0.0,0.0,0.0
680.0,ue[3],0,0.0,0.0,0.0,0.0,0.5,1.0,0.0,0.0,0.0,0.018
906.0,attacker[0],1,0.0,0.0,0.0,0.0,0.5,1.0,0.0,0.0,0.0,0.0
1272.0,ue[4],0,0.0,0.0,0.0,0.0,0.5,1.0,0.0,0.0,0.0,0.0
385.0,ue[3],0,0.0,0.0,0.0,0.0,0.5,1.0,0.0,0.0,0.0,0.018
854.0,attacker[0],1,0.0,0.0,0.0,0.0,0.5,1.0,0.0,0.0,0.0,0.0
1005.0,attacker[2],1,0.0,0.0,0.0,0.0,0.5,1.0,0.0,0.0,0.0,0.0
198.0,ue[3],0,0.006,0.0095,0.031579,0.003,0.497917,0.656667,1.0,0.0,1.0,0.017
361.0,attacker[0],1,0.0,0.0,0.0,0.0,0.5,1.0,0.0,0.0,0.0,0.03
855.0,ue[4],0,0.0,0.0,0.0,0.0,0.5,1.0,0.0,0.0,0.0,0.0
1473.0,attacker[0],1,0.0,0.0,0.0,0.0,0.5,1.0,0.0,0.0,0.0,0.0
488.0,attacker[2],1,0.0,0.0,0.0,0.0,0.5,1.0,0.0,0.0,0.0,0.03
663.0,attacker[1],1,0.0,0.0,0.0,0.0,0.5,1.0,0.0,0.0,0.0,0.025
1151.0,ue[3],0,0.0,0.0,0.0,0.0,0.5,1.0,0.0,0.0,0.0,0.0
706.0,ue[4],0,0.0,0.0,0.0,0.0,0.5,1.0,0.0,0.0,0.0,0.018
763.0,attacker[1],1,0.0,0.0,0.0,0.0,0.5,1.0,0.0,0.0,0.0,0.025
683.0,ue[1],0,0.0,0.0,0.0,0.0,0.5,1.0,0.0,0.0,0.0,0.018
861.0,ue[3],0,0.0,0.0,0.0,0.0,0.5,1.0,0.0,0.0,0.0,0.0
293.0,attacker[2],1,0.009,0.0167,0.026946,0.011,0.49925,0.973333,1.0,0.0,1.0,0.03
1091.0,attacker[2],1,0.0,0.0,0.0,0.0,0.5,1.0,0.0,0.0,0.0,0.0
1205.0,ue[3],0,0.0,0.0,0.0,0.0,0.5,1.0,0.0,0.0,0.0,0.0
1052.0,attacker[0],1,0.0,0.0,0.0,0.0,0.5,1.0,0.0,0.0,0.0,0.0
152.0,attacker[2],1,0.013,0.0157,0.041401,0.002,0.5,0.503333,1.0,0.10597,1.0,0.025
658.0,attacker[2],1,0.0,0.0,0.0,0.0,0.5,1.0,0.0,0.0,0.0,0.03
470.0,attacker[1],1,0.0,0.0,0.0,0.0,0.5,1.0,0.0,0.0,0.0,0.029
300.0,ue[3],0,0.0,0.0043,0.0,0.0,0.5,0.996667,0.8,0.0,0.0,0.018
1144.0,ue[2],0,0.0,0.0,0.0,0.0,0.5,1.0,0.0,0.0,0.0,0.0
268.0,ue[0],0,0.022,0.0121,0.090909,0.015,0.500583,0.89,1.0,0.379646,1.0,0.022
841.0,ue[1],0,0.0,0.0,0.0,0.0,0.5,1.0,0.0,0.0,0.0,0.0
973.0,attacker[1],1,0.0,0.0,0.0,0.0,0.5,1.0,0.0,0.0,0.0,0.0
134.0,attacker[1],1,0.016,0.0155,0.051613,0.005,0.499083,0.443333,1.0,0.096674,1.0,0.029
207.0,ue[4],0,0.01,0.0115,0.043478,0.001,0.49925,0.686667,1.0,0.0,1.0,0.019
386.0,ue[1],0,0.0,0.0,0.0,0.0,0.5,1.0,0.0,0.0,0.0,0.022
1322.0,ue[1],0,0.0,0.0,0.0,0.0,0.5,1.0,0.0,0.0,0.0,0.0
500.0,ue[1],0,0.0,0.0,0.0,0.0,0.5,1.0,0.0,0.0,0.0,0.022
1110.0,attacker[0],1,0.0,0.0,0.0,0.0,0.5,1.0,0.0,0.0,0.0,0.0
589.0,attacker[1],1,0.0,0.0,0.0,0.0,0.5,1.0,0.0,0.0,0.0,0.029
142.0,ue[1],0,0.009,0.0091,0.049451,0.002,0.5,0.47,1.0,0.0,1.0,0.022
967.0,ue[2],0,0.0,0.0,0.0,0.0,0.5,1.0,0.0,0.0,0.0,0.0
180.0,ue[1],0,0.008,0.0108,0.037037,0.001,0.49775,0.596667,1.0,0.0,1.0,0.022
561.0,ue[3],0,0.0,0.0,0.0,0.0,0.5,1.0,0.0,0.0,0.0,0.018
1188.0,attacker[2],1,0.0,0.0,0.0,0.0,0.5,1.0,0.0,0.0,0.0,0.0
767.0,ue[2],0,0.0,0.0,0.0,0.0,0.5,1.0,0.0,0.0,0.0,0.013
916.0,ue[3],0,0.0,0.0,0.0,0.0,0.5,1.0,0.0,0.0,0.0,0.0
545.0,ue[2],0,0.0,0.0,0.0,0.0,0.5,1.0,0.0,0.0,0.0,0.02
1355.0,ue[3],0,0.0,0.0,0.0,0.0,0.5,1.0,0.0,0.0,0.0,0.0
1352.0,ue[0],0,0.0,0.0,0.0,0.0,0.5,1.0,0.0,0.0,0.0,0.0
593.0,ue[4],0,0.0,0.0,0.0,0.0,0.5,1.0,0.0,0.0,0.0,0.019
1287.0,ue[0],0,0.0,0.0,0.0,0.0,0.5,1.0,0.0,0.0,0.0,0.0
1249.0,ue[4],0,0.0,0.0,0.0,0.0,0.5,1.0,0.0,0.0,0.0,0.0
1076.0,ue[0],0,0.0,0.0,0.0,0.0,0.5,1.0,0.0,0.0,0.0,0.0
1193.0,attacker[0],1,0.0,0.0,0.0,0.0,0.5,1.0,0.0,0.0,0.0,0.0
478.0,ue[2],0,0.0,0.0,0.0,0.0,0.5,1.0,0.0,0.0,0.0,0.02
940.0,ue[1],0,0.0,0.0,0.0,0.0,0.5,1.0,0.0,0.0,0.0,0.0
958.0,ue[1],0,0.0,0.0,0.0,0.0,0.5,1.0,0.0,0.0,0.0,0.0
981.0,attacker[2],1,0.0,0.0,0.0,0.0,0.5,1.0,0.0,0.0,0.0,0.0
390.0,ue[0],0,0.0,0.0,0.0,0.0,0.5,1.0,0.0,0.0,0.0,0.022
999.0,ue[4],0,0.0,0.0,0.0,0.0,0.5,1.0,0.0,0.0,0.0,0.0
360.0,ue[1],0,0.0,0.0,0.0,0.0,0.5,1.0,0.0,0.0,0.0,0.022
875.0,ue[2],0,0.0,0.0,0.0,0.0,0.5,1.0,0.0,0.0,0.0,0.0
220.0,ue[1],0,0.011,0.0095,0.057895,0.001,0.500417,0.73,1.0,0.0,1.0,0.022
577.0,ue[0],0,0.0,0.0,0.0,0.0,0.5,1.0,0.0,0.0,0.0,0.022
318.0,ue[1],0,0.0,0.0,0.0,0.0,0.5,1.0,0.2,0.0,0.0,0.022
432.0,attacker[2],1,0.0,0.0,0.0,0.0,0.5,1.0,0.0,0.0,0.0,0.03
267.0,ue[0],0,0.007,0.0108,0.032407,0.004,0.498167,0.886667,1.0,0.0,1.0,0.018
597.0,ue[3],0,0.0,0.0,0.0,0.0,0.5,1.0,0.0,0.0,0.0,0.018
1400.0,ue[4],0,0.0,0.0,0.0,0.0,0.5,1.0,0.0,0.0,0.0,0.0
839.0,attacker[1],1,0.0,0.0,0.0,0.0,0.5,1.0,0.0,0.0,0.0,0.0
818.0,ue[0],0,0.0,0.0,0.0,0.0,0.5,1.0,0.0,0.0,0.0,0.0
945.0,attacker[0],1,0.0,0.0,0.0,0.0,0.5,1.0,0.0,0.0,0.0,0.0
174.0,ue[3],0,0.006,0.0091,0.032967,0.007,0.50075,0.576667,1.0,0.0,1.0,0.017
253.0,ue[0],0,0.01,0.0102,0.04902,0.004,0.499333,0.84,1.0,0.0,1.0,0.018
495.0,attacker[0],1,0.0,0.0,0.0,0.0,0.5,1.0,0.0,0.0,0.0,0.03
157.0,ue[0],0,0.012,0.0092,0.065217,0.005,0.501083,0.52,1.0,0.073538,1.0,0.018
158.0,ue[4],0,0.007,0.0087,0.04023,0.003,0.500083,0.523333,1.0,0.0,1.0,0.019
734.0,ue[3],0,0.0,0.0,0.0,0.0,0.5,1.0,0.0,0.0,0.0,0.016
1374.0,ue[2],0,0.0,0.0,0.0,0.0,0.5,1.0,0.0,0.0,0.0,0.0
79.0,ue[3],0,0.015,0.0106,0.070755,0.004,0.5005,0.26,1.0,0.032292,1.0,0.016
1468.0,ue[3],0,0.0,0.0,0.0,0.0,0.5,1.0,0.0,0.0,0.0,0.0
928.0,ue[4],0,0.0,0.0,0.0,0.0,0.5,1.0,0.0,0.0,0.0,0.0
821.0,attacker[1],1,0.0,0.0,0.0,0.0,0.5,1.0,0.0,0.0,0.0,0.0
635.0,ue[4],0,0.0,0.0,0.0,0.0,0.5,1.0,0.0,0.0,0.0,0.018
148.0,attacker[1],1,0.018,0.0196,0.045918,0.001,0.49925,0.49,1.0,0.205992,1.0,0.029
833.0,ue[0],0,0.0,0.0,0.0,0.0,0.5,1.0,0.0,0.0,0.0,0.0
946.0,ue[3],0,0.0,0.0,0.0,0.0,0.5,1.0,0.0,0.0,0.0,0.0
1241.0,ue[2],0,0.0,0.0,0.0,0.0,0.5,1.0,0.0,0.0,0.0,0.0
1219.0,attacker[1],1,0.0,0.0,0.0,0.0,0.5,1.0,0.0,0.0,0.0,0.0
314.0,attacker[1],1,0.0,0.0,0.0,0.0,0.5,1.0,0.333333,0.0,0.0,0.029
489.0,ue[1],0,0.0,0.0,0.0,0.0,0.5,1.0,0.0,0.0,0.0,0.022
19.0,attacker[1],1,0.013,0.0156,0.041667,0.002,0.4985,0.06,0.95,0.015119,0.633333,0.029
1135.0,ue[4],0,0.0,0.0,0.0,0.0,0.5,1.0,0.0,0.0,0.0,0.0
992.0,ue[3],0,0.0,0.0,0.0,0.0,0.5,1.0,0.0,0.0,0.0,0.0
405.0,attacker[2],1,0.0,0.0,0.0,0.0,0.5,1.0,0.0,0.0,0.0,0.03
87.0,ue[3],0,0.006,0.011,0.027273,0.006,0.500333,0.286667,1.0,0.0,1.0,0.016
429.0,ue[4],0,0.0,0.0,0.0,0.0,0.5,1.0,0.0,0.0,0.0,0.019
1352.0,ue[3],0,0.0,0.0,0.0,0.0,0.5,1.0,0.0,0.0,0.0,0.0
540.0,ue[3],0,0.0,0.0,0.0,0.0,0.5,1.0,0.0,0.0,0.0,0.018
692.0,ue[4],0,0.0,0.0,0.0,0.0,0.5,1.0,0.0,0.0,0.0,0.018
181.0,ue[2],0,0.008,0.0102,0.039216,0.003,0.49825,0.6,1.0,0.0,1.0,0.018
74.0,ue[2],0,0.011,0.0102,0.053922,0.004,0.500167,0.243333,1.0,0.0,1.0,0.018
155.0,ue[2],0,0.01,0.0106,0.04717,0.005,0.49775,0.513333,1.0,0.0,1.0,0.018
1051.0,ue[0],0,0.0,0.0,0.0,0.0,0.5,1.0,0.0,0.0,0.0,0.0
1323.0,attacker[1],1,0.0,0.0,0.0,0.0,0.5,1.0,0.0,0.0,0.0,0.0
1156.0,attacker[1],1,0.0,0.0,0.0,0.0,0.5,1.0,0.0,0.0,0.0,0.0
969.0,attacker[0],1,0.0,0.0,0.0,0.0,0.5,1.0,0.0,0.0,0.0,0.0
967.0,ue[0],0,0.0,0.0,0.0,0.0,0.5,1.0,0.0,0.0,0.0,0.0
950.0,ue[0],0,0.0,0.0,0.0,0.0,0.5,1.0,0.0,0.0,0.0,0.0
739.0,ue[0],0,0.0,0.0,0.0,0.0,0.5,1.0,0.0,0.0,0.0,0.022
1156.0,ue[0],0,0.0,0.0,0.0,0.0,0.5,1.0,0.0,0.0,0.0,0.0
779.0,ue[3],0,0.0,0.0,0.0,0.0,0.5,1.0,0.0,0.0,0.0,0.014
474.0,ue[0],0,0.0,0.0,0.0,0.0,0.5,1.0,0.0,0.0,0.0,0.022
151.0,attacker[1],1,0.011,0.0172,0.031977,0.004,0.4975,0.5,1.0,0.021442,1.0,0.029
1213.0,attacker[1],1,0.0,0.0,0.0,0.0,0.5,1.0,0.0,0.0,0.0,0.0
20.0,ue[0],0,0.004,0.0091,0.021978,0.006,0.497833,0.063333,1.0,0.0,0.7,0.018
462.0,ue[0],0,0.0,0.0,0.0,0.0,0.5,1.0,0.0,0.0,0.0,0.022
1485.0,attacker[0],1,0.0,0.0,0.0,0.0,0.5,1.0,0.0,0.0,0.0,0.0
1483.0,ue[2],0,0.0,0.0,0.0,0.0,0.5,1.0,0.0,0.0,0.0,0.0
224.0,ue[4],0,0.003,0.0088,0.017045,0.005,0.498417,0.743333,1.0,0.0,1.0,0.019
166.0,attacker[2],1,0.021,0.0153,0.068627,0.004,0.501333,0.55,1.0,0.36758,1.0,0.025
958.0,ue[3],0,0.0,0.0,0.0,0.0,0.5,1.0,0.0,0.0,0.0,0.0
418.0,ue[3],0,0.0,0.0,0.0,0.0,0.5,1.0,0.0,0.0,0.0,0.018
1431.0,attacker[0],1,0.0,0.0,0.0,0.0,0.5,1.0,0.0,0.0,0.0,0.0
447.0,ue[0],0,0.0,0.0,0.0,0.0,0.5,1.0,0.0,0.0,0.0,0.022
1493.0,attacker[2],1,0.0,0.0,0.0,0.0,0.5,1.0,0.0,0.0,0.0,0.0
1278.0,ue[4],0,0.0,0.0,0.0,0.0,0.5,1.0,0.0,0.0,0.0,0.0
918.0,ue[1],0,0.0,0.0,0.0,0.0,0.5,1.0,0.0,0.0,0.0,0.0
796.0,attacker[2],1,0.0,0.0,0.0,0.0,0.5,1.0,0.0,0.0,0.0,0.0
360.0,attacker[2],1,0.0,0.0,0.0,0.0,0.5,1.0,0.0,0.0,0.0,0.03
1415.0,attacker[0],1,0.0,0.0,0.0,0.0,0.5,1.0,0.0,0.0,0.0,0.0
1245.0,ue[0],0,0.0,0.0,0.0,0.0,0.5,1.0,0.0,0.0,0.0,0.0
835.0,ue[3],0,0.0,0.0,0.0,0.0,0.5,1.0,0.0,0.0,0.0,0.0
896.0,attacker[2],1,0.0,0.0,0.0,0.0,0.5,1.0,0.0,0.0,0.0,0.0
264.0,attacker[0],1,0.016,0.0172,0.046512,0.002,0.498333,0.876667,1.0,0.183973,1.0,0.027
56.0,ue[4],0,0.015,0.0104,0.072115,0.005,0.502417,0.183333,1.0,0.057735,1.0,0.019
55.0,ue[0],0,0.01,0.0102,0.04902,0.002,0.499167,0.18,1.0,0.0,1.0,0.018
558.0,ue[3],0,0.0,0.0,0.0,0.0,0.5,1.0,0.0,0.0,0.0,0.018
160.0,ue[1],0,0.005,0.01,0.025,0.007,0.50025,0.53,1.0,0.0,1.0,0.022
463.0,attacker[2],1,0.0,0.0,0.0,0.0,0.5,1.0,0.0,0.0,0.0,0.03
995.0,ue[4],0,0.0,0.0,0.0,0.0,0.5,1.0,0.0,0.0,0.0,0.0
384.0,attacker[0],1,0.0,0.0,0.0,0.0,0.5,1.0,0.0,0.0,0.0,0.03
1264.0,attacker[1],1,0.0,0.0,0.0,0.0,0.5,1.0,0.0,0.0,0.0,0.0
281.0,ue[3],0,0.009,0.0095,0.047368,0.002,0.500167,0.933333,1.0,0.0,1.0,0.018
1280.0,ue[0],0,0.0,0.0,0.0,0.0,0.5,1.0,0.0,0.0,0.0,0.0
806.0,attacker[1],1,0.0,0.0,0.0,0.0,0.5,1.0,0.0,0.0,0.0,0.0
811.0,attacker[2],1,0.0,0.0,0.0,0.0,0.5,1.0,0.0,0.0,0.0,0.0
54.0,attacker[0],1,0.011,0.017,0.032353,0.002,0.4975,0.176667,1.0,0.0,1.0,0.027
1397.0,ue[1],0,0.0,0.0,0.0,0.0,0.5,1.0,0.0,0.0,0.0,0.0
1425.0,attacker[0],1,0.0,0.0,0.0,0.0,0.5,1.0,0.0,0.0,0.0,0.0
934.0,ue[0],0,0.0,0.0,0.0,0.0,0.5,1.0,0.0,0.0,0.0,0.0
1318.0,ue[2],0,0.0,0.0,0.0,0.0,0.5,1.0,0.0,0.0,0.0,0.0
750.0,ue[2],0,0.0,0.0,0.0,0.0,0.5,1.0,0.0,0.0,0.0,0.014
237.0,ue[1],0,0.01,0.009,0.055556,0.003,0.497917,0.786667,1.0,0.0,1.0,0.022
1354.0,ue[1],0,0.0,0.0,0.0,0.0,0.5,1.0,0.0,0.0,0.0,0.0
88.0,ue[4],0,0.013,0.0085,0.076471,0.004,0.5015,0.29,1.0,0.0,1.0,0.019
1185.0,attacker[0],1,0.0,0.0,0.0,0.0,0.5,1.0,0.0,0.0,0.0,0.0
576.0,attacker[0],1,0.0,0.0,0.0,0.0,0.5,1.0,0.0,0.0,0.0,0.03
612.0,ue[3],0,0.0,0.0,0.0,0.0,0.5,1.0,0.0,0.0,0.0,0.018
771.0,ue[3],0,0.0,0.0,0.0,0.0,0.5,1.0,0.0,0.0,0.0,0.015
1289.0,ue[0],0,0.0,0.0,0.0,0.0,0.5,1.0,0.0,0.0,0.0,0.0
43.0,ue[1],0,0.009,0.0097,0.046392,0.0,0.500667,0.14,1.0,0.0,1.0,0.017
1307.0,ue[3],0,0.0,0.0,0.0,0.0,0.5,1.0,0.0,0.0,0.0,0.0
1183.0,ue[1],0,0.0,0.0,0.0,0.0,0.5,1.0,0.0,0.0,0.0,0.0
1096.0,ue[1],0,0.0,0.0,0.0,0.0,0.5,1.0,0.0,0.0,0.0,0.0
996.0,ue[2],0,0.0,0.0,0.0,0.0,0.5,1.0,0.0,0.0,0.0,0.0
865.0,ue[2],0,0.0,0.0,0.0,0.0,0.5,1.0,0.0,0.0,0.0,0.0
749.0,ue[2],0,0.0,0.0,0.0,0.0,0.5,1.0,0.0,0.0,0.0,0.014
204.0,attacker[0],1,0.013,0.0164,0.039634,0.006,0.499333,0.676667,1.0,0.0,1.0,0.027
851.0,attacker[0],1,0.0,0.0,0.0,0.0,0.5,1.0,0.0,0.0,0.0,0.0
727.0,ue[0],0,0.0,0.0,0.0,0.0,0.5,1.0,0.0,0.0,0.0,0.022
1059.0,ue[2],0,0.0,0.0,0.0,0.0,0.5,1.0,0.0,0.0,0.0,0.0
984.0,attacker[0],1,0.0,0.0,0.0,0.0,0.5,1.0,0.0,0.0,0.0,0.0
356.0,ue[3],0,0.0,0.0,0.0,0.0,0.5,1.0,0.0,0.0,0.0,0.018
46.0,ue[2],0,0.008,0.01,0.04,0.003,0.498583,0.15,1.0,0.0,1.0,0.018
625.0,attacker[1],1,0.0,0.0,0.0,0.0,0.5,1.0,0.0,0.0,0.0,0.029
275.0,ue[3],0,0.007,0.009,0.038889,0.004,0.500333,0.913333,1.0,0.0,1.0,0.018
1280.0,attacker[2],1,0.0,0.0,0.0,0.0,0.5,1.0,0.0,0.0,0.0,0.0
1325.0,ue[3],0,0.0,0.0,0.0,0.0,0.5,1.0,0.0,0.0,0.0,0.0
658.0,attacker[1],1,0.0,0.0,0.0,0.0,0.5,1.0,0.0,0.0,0.0,0.025
956.0,ue[0],0,0.0,0.0,0.0,0.0,0.5,1.0,0.0,0.0,0.0,0.0
1159.0,ue[2],0,0.0,0.0,0.0,0.0,0.5,1.0,0.0,0.0,0.0,0.0
708.0,ue[3],0,0.0,0.0,0.0,0.0,0.5,1.0,0.0,0.0,0.0,0.018
587.0,ue[4],0,0.0,0.0,0.0,0.0,0.5,1.0,0.0,0.0,0.0,0.019
778.0,ue[1],0,0.0,0.0,0.0,0.0,0.5,1.0,0.0,0.0,0.0,0.018
821.0,ue[4],0,0.0,0.0,0.0,0.0,0.5,1.0,0.0,0.0,0.0,0.0
840.0,ue[2],0,0.0,0.0,0.0,0.0,0.5,1.0,0.0,0.0,0.0,0.0
866.0,ue[3],0,0.0,0.0,0.0,0.0,0.5,1.0,0.0,0.0,0.0,0.0
603.0,attacker[0],1,0.0,0.0,0.0,0.0,0.5,1.0,0.0,0.0,0.0,0.03
1344.0,ue[0],0,0.0,0.0,0.0,0.0,0.5,1.0,0.0,0.0,0.0,0.0
416.0,attacker[0],1,0.0,0.0,0.0,0.0,0.5,1.0,0.0,0.0,0.0,0.03
298.0,ue[4],0,0.0,0.0069,0.0,0.0,0.497667,0.99,0.866667,0.0,0.0,0.019
562.0,attacker[1],1,0.0,0.0,0.0,0.0,0.5,1.0,0.0,0.0,0.0,0.029
438.0,ue[1],0,0.0,0.0,0.0,0.0,0.5,1.0,0.0,0.0,0.0,0.022
223.0,attacker[1],1,0.013,0.0152,0.042763,0.007,0.50125,0.74,1.0,0.0,1.0,0.029
1155.0,ue[1],0,0.0,0.0,0.0,0.0,0.5,1.0,0.0,0.0,0.0,0.0
1103.0,attacker[1],1,0.0,0.0,0.0,0.0,0.5,1.0,0.0,0.0,0.0,0.0
302.0,ue[0],0,0.0,0.0026,0.0,0.0,0.5,1.0,0.733333,0.0,0.0,0.022
56.0,ue[0],0,0.008,0.0104,0.038462,0.002,0.497,0.183333,1.0,0.0,1.0,0.018
1297.0,ue[3],0,0.0,0.0,0.0,0.0,0.5,1.0,0.0,0.0,0.0,0.0
375.0,ue[1],0,0.0,0.0,0.0,0.0,0.5,1.0,0.0,0.0,0.0,0.022
677.0,ue[3],0,0.0,0.0,0.0,0.0,0.5,1.0,0.0,0.0,0.0,0.018
1299.0,ue[0],0,0.0,0.0,0.0,0.0,0.5,1.0,0.0,0.0,0.0,0.0
577.0,ue[1],0,0.0,0.0,0.0,0.0,0.5,1.0,0.0,0.0,0.0,0.02
1407.0,attacker[2],1,0.0,0.0,0.0,0.0,0.5,1.0,0.0,0.0,0.0,0.0
657.0,ue[0],0,0.0,0.0,0.0,0.0,0.5,1.0,0.0,0.0,0.0,0.022
1163.0,ue[3],0,0.0,0.0,0.0,0.0,0.5,1.0,0.0,0.0,0.0,0.0
759.0,ue[2],0,0.0,0.0,0.0,0.0,0.5,1.0,0.0,0.0,0.0,0.013
1038.0,attacker[0],1,0.0,0.0,0.0,0.0,0.5,1.0,0.0,0.0,0.0,0.0
812.0,ue[3],0,0.0,0.0,0.0,0.0,0.5,1.0,0.0,0.0,0.0,0.0
447.0,ue[4],0,0.0,0.0,0.0,0.0,0.5,1.0,0.0,0.0,0.0,0.019
546.0,attacker[1],1,0.0,0.0,0.0,0.0,0.5,1.0,0.0,0.0,0.0,0.029
971.0,ue[2],0,0.0,0.0,0.0,0.0,0.5,1.0,0.0,0.0,0.0,0.0
207.0,attacker[1],1,0.012,0.0163,0.03681,0.012,0.501167,0.686667,1.0,0.05595,1.0,0.029
3.0,ue[0],0,0.01,0.00875,0.057143,0.003,0.5,0.006667,1.0,0.0,0.133333,0.011
601.0,ue[4],0,0.0,0.0,0.0,0.0,0.5,1.0,0.0,0.0,0.0,0.018
879.0,ue[3],0,0.0,0.0,0.0,0.0,0.5,1.0,0.0,0.0,0.0,0.0
182.0,attacker[1],1,0.016,0.0157,0.050955,0.003,0.499917,0.603333,1.0,0.173329,1.0,0.029
659.0,ue[0],0,0.0,0.0,0.0,0.0,0.5,1.0,0.0,0.0,0.0,0.022
448.0,attacker[1],1,0.0,0.0,0.0,0.0,0.5,1.0,0.0,0.0,0.0,0.029
28.0,attacker[1],1,0.011,0.0184,0.029891,0.002,0.495,0.09,0.965517,0.0,0.933333,0.029
532.0,attacker[0],1,0.0,0.0,0.0,0.0,0.5,1.0,0.0,0.0,0.0,0.03
1298.0,attacker[2],1,0.0,0.0,0.0,0.0,0.5,1.0,0.0,0.0,0.0,0.0
201.0,ue[4],0,0.016,0.0122,0.065574,0.003,0.50125,0.666667,1.0,0.076038,1.0,0.019
1092.0,attacker[1],1,0.0,0.0,0.0,0.0,0.5,1.0,0.0,0.0,0.0,0.0
1082.0,ue[2],0,0.0,0.0,0.0,0.0,0.5,1.0,0.0,0.0,0.0,0.0
85.0,ue[3],0,0.009,0.0116,0.038793,0.002,0.4995,0.28,1.0,0.0,1.0,0.016
1298.0,attacker[1],1,0.0,0.0,0.0,0.0,0.5,1.0,0.0,0.0,0.0,0.0
1216.0,attacker[1],1,0.0,0.0,0.0,0.0,0.5,1.0,0.0,0.0,0.0,0.0
799.0,ue[0],0,0.0,0.0,0.0,0.0,0.5,1.0,0.0,0.0,0.0,0.0
1367.0,attacker[2],1,0.0,0.0,0.0,0.0,0.5,1.0,0.0,0.0,0.0,0.0
909.0,attacker[2],1,0.0,0.0,0.0,0.0,0.5,1.0,0.0,0.0,0.0,0.0
637.0,ue[2],0,0.0,0.0,0.0,0.0,0.5,1.0,0.0,0.0,0.0,0.02
470.0,attacker[0],1,0.0,0.0,0.0,0.0,0.5,1.0,0.0,0.0,0.0,0.03
1221.0,ue[0],0,0.0,0.0,0.0,0.0,0.5,1.0,0.0,0.0,0.0,0.0
990.0,ue[0],0,0.0,0.0,0.0,0.0,0.5,1.0,0.0,0.0,0.0,0.0
540.0,ue[2],0,0.0,0.0,0.0,0.0,0.5,1.0,0.0,0.0,0.0,0.02
186.0,ue[2],0,0.012,0.0116,0.051724,0.002,0.501167,0.616667,1.0,0.0,1.0,0.018
486.0,attacker[2],1,0.0,0.0,0.0,0.0,0.5,1.0,0.0,0.0,0.0,0.03
1311.0,ue[0],0,0.0,0.0,0.0,0.0,0.5,1.0,0.0,0.0,0.0,0.0
289.0,ue[1],0,0.006,0.0097,0.030928,0.007,0.50075,0.96,1.0,0.0,1.0,0.022
508.0,ue[1],0,0.0,0.0,0.0,0.0,0.5,1.0,0.0,0.0,0.0,0.022
483.0,attacker[0],1,0.0,0.0,0.0,0.0,0.5,1.0,0.0,0.0,0.0,0.03
546.0,ue[0],0,0.0,0.0,0.0,0.0,0.5,1.0,0.0,0.0,0.0,0.022
1008.0,attacker[2],1,0.0,0.0,0.0,0.0,0.5,1.0,0.0,0.0,0.0,0.0
1127.0,ue[4],0,0.0,0.0,0.0,0.0,0.5,1.0,0.0,0.0,0.0,0.0
703.0,attacker[0],1,0.0,0.0,0.0,0.0,0.5,1.0,0.0,0.0,0.0,0.03
1042.0,attacker[2],1,0.0,0.0,0.0,0.0,0.5,1.0,0.0,0.0,0.0,0.0
428.0,ue[0],0,0.0,0.0,0.0,0.0,0.5,1.0,0.0,0.0,0.0,0.022
1286.0,ue[0],0,0.0,0.0,0.0,0.0,0.5,1.0,0.0,0.0,0.0,0.0
1432.0,ue[0],0,0.0,0.0,0.0,0.0,0.5,1.0,0.0,0.0,0.0,0.0
855.0,attacker[2],1,0.0,0.0,0.0,0.0,0.5,1.0,0.0,0.0,0.0,0.0
1160.0,attacker[0],1,0.0,0.0,0.0,0.0,0.5,1.0,0.0,0.0,0.0,0.0
1411.0,attacker[1],1,0.0,0.0,0.0,0.0,0.5,1.0,0.0,0.0,0.0,0.0
1254.0,ue[1],0,0.0,0.0,0.0,0.0,0.5,1.0,0.0,0.0,0.0,0.0
836.0,attacker[1],1,0.0,0.0,0.0,0.0,0.5,1.0,0.0,0.0,0.0,0.0
205.0,attacker[1],1,0.016,0.0162,0.049383,0.003,0.501583,0.68,1.0,0.244136,1.0,0.029
12.0,ue[1],0,0.012,0.0111,0.054054,0.004,0.499,0.036667,1.0,0.0,0.433333,0.017
1484.0,ue[3],0,0.0,0.0,0.0,0.0,0.5,1.0,0.0,0.0,0.0,0.0
562.0,ue[2],0,0.0,0.0,0.0,0.0,0.5,1.0,0.0,0.0,0.0,0.02
506.0,attacker[0],1,0.0,0.0,0.0,0.0,0.5,1.0,0.0,0.0,0.0,0.03
1458.0,ue[3],0,0.0,0.0,0.0,0.0,0.5,1.0,0.0,0.0,0.0,0.0
851.0,ue[2],0,0.0,0.0,0.0,0.0,0.5,1.0,0.0,0.0,0.0,0.0
889.0,ue[2],0,0.0,0.0,0.0,0.0,0.5,1.0,0.0,0.0,0.0,0.0
179.0,ue[0],0,0.006,0.0089,0.033708,0.004,0.5,0.593333,1.0,0.0,1.0,0.018
1429.0,ue[4],0,0.0,0.0,0.0,0.0,0.5,1.0,0.0,0.0,0.0,0.0
344.0,attacker[2],1,0.0,0.0,0.0,0.0,0.5,1.0,0.0,0.0,0.0,0.03
400.0,ue[4],0,0.0,0.0,0.0,0.0,0.5,1.0,0.0,0.0,0.0,0.019
1218.0,ue[3],0,0.0,0.0,0.0,0.0,0.5,1.0,0.0,0.0,0.0,0.0
752.0,ue[0],0,0.0,0.0,0.0,0.0,0.5,1.0,0.0,0.0,0.0,0.022
156.0,ue[1],0,0.009,0.0107,0.042056,0.011,0.502417,0.516667,1.0,0.0,1.0,0.022
115.0,ue[3],0,0.008,0.0092,0.043478,0.001,0.499917,0.38,1.0,0.0,1.0,0.017
929.0,attacker[2],1,0.0,0.0,0.0,0.0,0.5,1.0,0.0,0.0,0.0,0.0
1393.0,ue[0],0,0.0,0.0,0.0,0.0,0.5,1.0,0.0,0.0,0.0,0.0
568.0,attacker[0],1,0.0,0.0,0.0,0.0,0.5,1.0,0.0,0.0,0.0,0.03
48.0,attacker[1],1,0.018,0.0168,0.053571,0.005,0.498583,0.156667,1.0,0.120923,1.0,0.029
660.0,ue[1],0,0.0,0.0,0.0,0.0,0.5,1.0,0.0,0.0,0.0,0.018
67.0,ue[1],0,0.01,0.0112,0.044643,0.0,0.4985,0.22,1.0,0.0,1.0,0.022
483.0,ue[4],0,0.0,0.0,0.0,0.0,0.5,1.0,0.0,0.0,0.0,0.019
1251.0,ue[0],0,0.0,0.0,0.0,0.0,0.5,1.0,0.0,0.0,0.0,0.0
226.0,ue[2],0,0.009,0.0098,0.045918,0.005,0.501917,0.75,1.0,0.0,1.0,0.018
67.0,ue[3],0,0.009,0.01,0.045,0.001,0.499583,0.22,1.0,0.0,1.0,0.015
302.0,attacker[0],1,0.0,0.0048,0.0,0.0,0.5,1.0,0.766667,0.0,0.0,0.03
1074.0,ue[0],0,0.0,0.0,0.0,0.0,0.5,1.0,0.0,0.0,0.0,0.0
335.0,ue[2],0,0.0,0.0,0.0,0.0,0.5,1.0,0.0,0.0,0.0,0.02
1112.0,ue[3],0,0.0,0.0,0.0,0.0,0.5,1.0,0.0,0.0,0.0,0.0
680.0,ue[4],0,0.0,0.0,0.0,0.0,0.5,1.0,0.0,0.0,0.0,0.018
1473.0,ue[3],0,0.0,0.0,0.0,0.0,0.5,1.0,0.0,0.0,0.0,0.0
1302.0,ue[4],0,0.0,0.0,0.0,0.0,0.5,1.0,0.0,0.0,0.0,0.0
1474.0,ue[0],0,0.0,0.0,0.0,0.0,0.5,1.0,0.0,0.0,0.0,0.0
890.0,attacker[1],1,0.0,0.0,0.0,0.0,0.5,1.0,0.0,0.0,0.0,0.0
289.0,attacker[0],1,0.021,0.0202,0.05198,0.0,0.4985,0.96,1.0,0.412948,1.0,0.03
412.0,attacker[1],1,0.0,0.0,0.0,0.0,0.5,1.0,0.0,0.0,0.0,0.029
798.0,attacker[1],1,0.0,0.0,0.0,0.0,0.5,1.0,0.0,0.0,0.0,0.0
65.0,ue[3],0,0.012,0.0107,0.056075,0.002,0.5005,0.213333,1.0,0.0,1.0,0.015
836.0,attacker[0],1,0.0,0.0,0.0,0.0,0.5,1.0,0.0,0.0,0.0,0.0
413.0,attacker[0],1,0.0,0.0,0.0,0.0,0.5,1.0,0.0,0.0,0.0,0.03
507.0,attacker[0],1,0.0,0.0,0.0,0.0,0.5,1.0,0.0,0.0,0.0,0.03
883.0,attacker[2],1,0.0,0.0,0.0,0.0,0.5,1.0,0.0,0.0,0.0,0.0
1485.0,ue[3],0,0.0,0.0,0.0,0.0,0.5,1.0,0.0,0.0,0.0,0.0
122.0,attacker[1],1,0.019,0.0172,0.055233,0.0,0.5005,0.403333,1.0,0.368277,1.0,0.029
504.0,attacker[0],1,0.0,0.0,0.0,0.0,0.5,1.0,0.0,0.0,0.0,0.03
1096.0,attacker[1],1,0.0,0.0,0.0,0.0,0.5,1.0,0.0,0.0,0.0,0.0
292.0,ue[1],0,0.013,0.0097,0.06701,0.005,0.50125,0.97,1.0,0.0,1.0,0.022
1095.0,ue[4],0,0.0,0.0,0.0,0.0,0.5,1.0,0.0,0.0,0.0,0.0
394.0,attacker[0],1,0.0,0.0,0.0,0.0,0.5,1.0,0.0,0.0,0.0,0.03
112.0,ue[2],0,0.01,0.0101,0.049505,0.003,0.498917,0.37,1.0,0.0,1.0,0.018
44.0,ue[2],0,0.011,0.0106,0.051887,0.004,0.502333,0.143333,1.0,0.0,1.0,0.018
238.0,attacker[0],1,0.013,0.0174,0.037356,0.01,0.501667,0.79,1.0,0.0644,1.0,0.027
182.0,ue[1],0,0.004,0.0099,0.020202,0.006,0.4985,0.603333,1.0,0.0,1.0,0.022
884.0,attacker[2],1,0.0,0.0,0.0,0.0,0.5,1.0,0.0,0.0,0.0,0.0
410.0,attacker[0],1,0.0,0.0,0.0,0.0,0.5,1.0,0.0,0.0,0.0,0.03
1370.0,attacker[1],1,0.0,0.0,0.0,0.0,0.5,1.0,0.0,0.0,0.0,0.0
861.0,attacker[2],1,0.0,0.0,0.0,0.0,0.5,1.0,0.0,0.0,0.0,0.0
69.0,attacker[0],1,0.016,0.0158,0.050633,0.007,0.501417,0.226667,1.0,0.144322,1.0,0.027
1027.0,attacker[1],1,0.0,0.0,0.0,0.0,0.5,1.0,0.0,0.0,0.0,0.0
775.0,ue[1],0,0.0,0.0,0.0,0.0,0.5,1.0,0.0,0.0,0.0,0.018
1274.0,attacker[0],1,0.0,0.0,0.0,0.0,0.5,1.0,0.0,0.0,0.0,0.0
1477.0,ue[1],0,0.0,0.0,0.0,0.0,0.5,1.0,0.0,0.0,0.0,0.0
239.0,attacker[2],1,0.014,0.0184,0.038043,0.007,0.497917,0.793333,1.0,0.059628,1.0,0.03
778.0,attacker[0],1,0.0,0.0,0.0,0.0,0.5,1.0,0.0,0.0,0.0,0.03
1446.0,attacker[0],1,0.0,0.0,0.0,0.0,0.5,1.0,0.0,0.0,0.0,0.0
987.0,ue[2],0,0.0,0.0,0.0,0.0,0.5,1.0,0.0,0.0,0.0,0.0
1124.0,attacker[1],1,0.0,0.0,0.0,0.0,0.5,1.0,0.0,0.0,0.0,0.0
1023.0,attacker[2],1,0.0,0.0,0.0,0.0,0.5,1.0,0.0,0.0,0.0,0.0
82.0,ue[3],0,0.016,0.0121,0.066116,0.004,0.5005,0.27,1.0,0.12189,1.0,0.016
902.0,ue[1],0,0.0,0.0,0.0,0.0,0.5,1.0,0.0,0.0,0.0,0.0
272.0,attacker[2],1,0.026,0.0176,0.073864,0.012,0.5015,0.903333,1.0,0.437919,1.0,0.03
733.0,attacker[0],1,0.0,0.0,0.0,0.0,0.5,1.0,0.0,0.0,0.0,0.03
81.0,ue[1],0,0.007,0.0105,0.033333,0.009,0.500083,0.266667,1.0,0.0,1.0,0.022
921.0,attacker[0],1,0.0,0.0,0.0,0.0,0.5,1.0,0.0,0.0,0.0,0.0
145.0,ue[4],0,0.013,0.0116,0.056034,0.002,0.500667,0.48,1.0,0.0,1.0,0.019
1171.0,attacker[2],1,0.0,0.0,0.0,0.0,0.5,1.0,0.0,0.0,0.0,0.0
454.0,ue[3],0,0.0,0.0,0.0,0.0,0.5,1.0,0.0,0.0,0.0,0.018
949.0,ue[1],0,0.0,0.0,0.0,0.0,0.5,1.0,0.0,0.0,0.0,0.0
839.0,ue[0],0,0.0,0.0,0.0,0.0,0.5,1.0,0.0,0.0,0.0,0.0
862.0,ue[1],0,0.0,0.0,0.0,0.0,0.5,1.0,0.0,0.0,0.0,0.0
1330.0,attacker[0],1,0.0,0.0,0.0,0.0,0.5,1.0,0.0,0.0,0.0,0.0
1459.0,ue[4],0,0.0,0.0,0.0,0.0,0.5,1.0,0.0,0.0,0.0,0.0
1292.0,ue[1],0,0.0,0.0,0.0,0.0,0.5,1.0,0.0,0.0,0.0,0.0
695.0,ue[0],0,0.0,0.0,0.0,0.0,0.5,1.0,0.0,0.0,0.0,0.022
511.0,ue[2],0,0.0,0.0,0.0,0.0,0.5,1.0,0.0,0.0,0.0,0.02
534.0,ue[4],0,0.0,0.0,0.0,0.0,0.5,1.0,0.0,0.0,0.0,0.019
713.0,ue[2],0,0.0,0.0,0.0,0.0,0.5,1.0,0.0,0.0,0.0,0.02
1350.0,attacker[1],1,0.0,0.0,0.0,0.0,0.5,1.0,0.0,0.0,0.0,0.0
196.0,ue[3],0,0.009,0.0095,0.047368,0.004,0.499833,0.65,1.0,0.0,1.0,0.017
1073.0,ue[1],0,0.0,0.0,0.0,0.0,0.5,1.0,0.0,0.0,0.0,0.0
552.0,attacker[2],1,0.0,0.0,0.0,0.0,0.5,1.0,0.0,0.0,0.0,0.03
38.0,ue[0],0,0.015,0.0107,0.070093,0.003,0.500917,0.123333,1.0,0.09103,1.0,0.018
1390.0,attacker[0],1,0.0,0.0,0.0,0.0,0.5,1.0,0.0,0.0,0.0,0.0
457.0,attacker[1],1,0.0,0.0,0.0,0.0,0.5,1.0,0.0,0.0,0.0,0.029
48.0,ue[4],0,0.012,0.0095,0.063158,0.003,0.502417,0.156667,1.0,0.0,1.0,0.019
913.0,ue[2],0,0.0,0.0,0.0,0.0,0.5,1.0,0.0,0.0,0.0,0.0
262.0,ue[2],0,0.007,0.0087,0.04023,0.001,0.498917,0.87,1.0,0.0,1.0,0.02
202.0,ue[3],0,0.013,0.0108,0.060185,0.002,0.503,0.67,1.0,0.068843,1.0,0.017
601.0,ue[0],0,0.0,0.0,0.0,0.0,0.5,1.0,0.0,0.0,0.0,0.022
588.0,attacker[1],1,0.0,0.0,0.0,0.0,0.5,1.0,0.0,0.0,0.0,0.029
470.0,attacker[2],1,0.0,0.0,0.0,0.0,0.5,1.0,0.0,0.0,0.0,0.03
1413.0,ue[4],0,0.0,0.0,0.0,0.0,0.5,1.0,0.0,0.0,0.0,0.0
284.0,ue[4],0,0.01,0.0098,0.05102,0.0,0.500167,0.943333,1.0,0.0,1.0,0.019
1466.0,attacker[0],1,0.0,0.0,0.0,0.0,0.5,1.0,0.0,0.0,0.0,0.0
1194.0,attacker[2],1,0.0,0.0,0.0,0.0,0.5,1.0,0.0,0.0,0.0,0.0
1377.0,ue[1],0,0.0,0.0,0.0,0.0,0.5,1.0,0.0,0.0,0.0,0.0
187.0,attacker[0],1,0.015,0.0182,0.041209,0.003,0.49775,0.62,1.0,0.24426,1.0,0.027
448.0,ue[3],0,0.0,0.0,0.0,0.0,0.5,1.0,0.0,0.0,0.0,0.018
1010.0,ue[3],0,0.0,0.0,0.0,0.0,0.5,1.0,0.0,0.0,0.0,0.0
1028.0,ue[1],0,0.0,0.0,0.0,0.0,0.5,1.0,0.0,0.0,0.0,0.0
734.0,attacker[1],1,0.0,0.0,0.0,0.0,0.5,1.0,0.0,0.0,0.0,0.025
588.0,ue[1],0,0.0,0.0,0.0,0.0,0.5,1.0,0.0,0.0,0.0,0.02
1088.0,ue[0],0,0.0,0.0,0.0,0.0,0.5,1.0,0.0,0.0,0.0,0.0
1130.0,ue[2],0,0.0,0.0,0.0,0.0,0.5,1.0,0.0,0.0,0.0,0.0
74.0,attacker[2],1,0.022,0.0193,0.056995,0.008,0.500667,0.243333,1.0,0.215918,1.0,0.025
1425.0,ue[2],0,0.0,0.0,0.0,0.0,0.5,1.0,0.0,0.0,0.0,0.0
1253.0,attacker[2],1,0.0,0.0,0.0,0.0,0.5,1.0,0.0,0.0,0.0,0.0
1039.0,attacker[1],1,0.0,0.0,0.0,0.0,0.5,1.0,0.0,0.0,0.0,0.0
1454.0,ue[3],0,0.0,0.0,0.0,0.0,0.5,1.0,0.0,0.0,0.0,0.0
227.0,ue[3],0,0.009,0.0107,0.042056,0.002,0.4965,0.753333,1.0,0.0,1.0,0.018
1273.0,ue[2],0,0.0,0.0,0.0,0.0,0.5,1.0,0.0,0.0,0.0,0.0
844.0,attacker[0],1,0.0,0.0,0.0,0.0,0.5,1.0,0.0,0.0,0.0,0.0
754.0,ue[2],0,0.0,0.0,0.0,0.0,0.5,1.0,0.0,0.0,0.0,0.014
705.0,attacker[0],1,0.0,0.0,0.0,0.0,0.5,1.0,0.0,0.0,0.0,0.03
1367.0,ue[1],0,0.0,0.0,0.0,0.0,0.5,1.0,0.0,0.0,0.0,0.0
459.0,ue[3],0,0.0,0.0,0.0,0.0,0.5,1.0,0.0,0.0,0.0,0.018
982.0,ue[3],0,0.0,0.0,0.0,0.0,0.5,1.0,0.0,0.0,0.0,0.0
977.0,ue[4],0,0.0,0.0,0.0,0.0,0.5,1.0,0.0,0.0,0.0,0.0
1110.0,ue[1],0,0.0,0.0,0.0,0.0,0.5,1.0,0.0,0.0,0.0,0.0
168.0,ue[3],0,0.009,0.0097,0.046392,0.003,0.49825,0.556667,1.0,0.0,1.0,0.017
455.0,ue[2],0,0.0,0.0,0.0,0.0,0.5,1.0,0.0,0.0,0.0,0.02
1457.0,attacker[1],1,0.0,0.0,0.0,0.0,0.5,1.0,0.0,0.0,0.0,0.0
1228.0,attacker[0],1,0.0,0.0,0.0,0.0,0.5,1.0,0.0,0.0,0.0,0.0
350.0,ue[2],0,0.0,0.0,0.0,0.0,0.5,1.0,0.0,0.0,0.0,0.02
967.0,ue[1],0,0.0,0.0,0.0,0.0,0.5,1.0,0.0,0.0,0.0,0.0
175.0,ue[1],0,0.013,0.0097,0.06701,0.006,0.499667,0.58,1.0,0.024807,1.0,0.022
634.0,ue[4],0,0.0,0.0,0.0,0.0,0.5,1.0,0.0,0.0,0.0,0.018
772.0,attacker[2],1,0.0,0.0,0.0,0.0,0.5,1.0,0.0,0.0,0.0,0.025
1051.0,attacker[1],1,0.0,0.0,0.0,0.0,0.5,1.0,0.0,0.0,0.0,0.0
746.0,attacker[2],1,0.0,0.0,0.0,0.0,0.5,1.0,0.0,0.0,0.0,0.026
422.0,ue[3],0,0.0,0.0,0.0,0.0,0.5,1.0,0.0,0.0,0.0,0.018
1215.0,ue[4],0,0.0,0.0,0.0,0.0,0.5,1.0,0.0,0.0,0.0,0.0
966.0,ue[1],0,0.0,0.0,0.0,0.0,0.5,1.0,0.0,0.0,0.0,0.0
313.0,ue[0],0,0.0,0.0,0.0,0.0,0.5,1.0,0.366667,0.0,0.0,0.022
720.0,ue[4],0,0.0,0.0,0.0,0.0,0.5,1.0,0.0,0.0,0.0,0.018
268.0,ue[2],0,0.012,0.0096,0.0625,0.003,0.499083,0.89,1.0,0.0,1.0,0.02
294.0,ue[2],0,0.012,0.0101,0.059406,0.004,0.500667,0.976667,1.0,0.0,1.0,0.02
604.0,ue[2],0,0.0,0.0,0.0,0.0,0.5,1.0,0.0,0.0,0.0,0.02
895.0,ue[3],0,0.0,0.0,0.0,0.0,0.5,1.0,0.0,0.0,0.0,0.0
1058.0,ue[1],0,0.0,0.0,0.0,0.0,0.5,1.0,0.0,0.0,0.0,0.0
1155.0,ue[4],0,0.0,0.0,0.0,0.0,0.5,1.0,0.0,0.0,0.0,0.0
682.0,ue[3],0,0.0,0.0,0.0,0.0,0.5,1.0,0.0,0.0,0.0,0.018
1485.0,attacker[2],1,0.0,0.0,0.0,0.0,0.5,1.0,0.0,0.0,0.0,0.0
422.0,attacker[2],1,0.0,0.0,0.0,0.0,0.5,1.0,0.0,0.0,0.0,0.03
1159.0,ue[0],0,0.0,0.0,0.0,0.0,0.5,1.0,0.0,0.0,0.0,0.0
305.0,ue[3],0,0.0,0.0,0.0,0.0,0.5,1.0,0.633333,0.0,0.0,0.018
883.0,ue[1],0,0.0,0.0,0.0,0.0,0.5,1.0,0.0,0.0,0.0,0.0
1373.0,ue[2],0,0.0,0.0,0.0,0.0,0.5,1.0,0.0,0.0,0.0,0.0
977.0,ue[3],0,0.0,0.0,0.0,0.0,0.5,1.0,0.0,0.0,0.0,0.0
769.0,ue[1],0,0.0,0.0,0.0,0.0,0.5,1.0,0.0,0.0,0.0,0.018
601.0,attacker[1],1,0.0,0.0,0.0,0.0,0.5,1.0,0.0,0.0,0.0,0.029
1038.0,ue[4],0,0.0,0.0,0.0,0.0,0.5,1.0,0.0,0.0,0.0,0.0
408.0,attacker[2],1,0.0,0.0,0.0,0.0,0.5,1.0,0.0,0.0,0.0,0.03
1094.0,ue[1],0,0.0,0.0,0.0,0.0,0.5,1.0,0.0,0.0,0.0,0.0
495.0,ue[0],0,0.0,0.0,0.0,0.0,0.5,1.0,0.0,0.0,0.0,0.022
1422.0,ue[2],0,0.0,0.0,0.0,0.0,0.5,1.0,0.0,0.0,0.0,0.0
266.0,ue[3],0,0.01,0.0108,0.046296,0.004,0.501667,0.883333,1.0,0.0,1.0,0.018
851.0,ue[0],0,0.0,0.0,0.0,0.0,0.5,1.0,0.0,0.0,0.0,0.0
1043.0,ue[4],0,0.0,0.0,0.0,0.0,0.5,1.0,0.0,0.0,0.0,0.0
984.0,ue[2],0,0.0,0.0,0.0,0.0,0.5,1.0,0.0,0.0,0.0,0.0
312.0,ue[2],0,0.0,0.0,0.0,0.0,0.5,1.0,0.4,0.0,0.0,0.02
888.0,attacker[1],1,0.0,0.0,0.0,0.0,0.5,1.0,0.0,0.0,0.0,0.0
1391.0,ue[0],0,0.0,0.0,0.0,0.0,0.5,1.0,0.0,0.0,0.0,0.0
511.0,attacker[0],1,0.0,0.0,0.0,0.0,0.5,1.0,0.0,0.0,0.0,0.03
231.0,ue[3],0,0.009,0.0099,0.045455,0.007,0.49775,0.766667,1.0,0.0,1.0,0.018
1270.0,attacker[1],1,0.0,0.0,0.0,0.0,0.5,1.0,0.0,0.0,0.0,0.0
48.0,attacker[0],1,0.019,0.0175,0.054286,0.002,0.500667,0.156667,1.0,0.164895,1.0,0.027
79.0,attacker[0],1,0.016,0.0184,0.043478,0.001,0.499417,0.26,1.0,0.083958,1.0,0.027
1480.0,attacker[2],1,0.0,0.0,0.0,0.0,0.5,1.0,0.0,0.0,0.0,0.0
332.0,attacker[1],1,0.0,0.0,0.0,0.0,0.5,1.0,0.0,0.0,0.0,0.029
1016.0,ue[4],0,0.0,0.0,0.0,0.0,0.5,1.0,0.0,0.0,0.0,0.0
17.0,ue[3],0,0.012,0.0103,0.058252,0.008,0.499167,0.053333,1.0,0.0,0.6,0.015
1479.0,ue[1],0,0.0,0.0,0.0,0.0,0.5,1.0,0.0,0.0,0.0,0.0
1389.0,ue[0],0,0.0,0.0,0.0,0.0,0.5,1.0,0.0,0.0,0.0,0.0
221.0,attacker[2],1,0.015,0.0174,0.043103,0.001,0.498083,0.733333,1.0,0.126335,1.0,0.025
761.0,ue[3],0,0.0,0.0,0.0,0.0,0.5,1.0,0.0,0.0,0.0,0.015
139.0,ue[4],0,0.015,0.0094,0.079787,0.005,0.502417,0.46,1.0,0.045628,1.0,0.019
358.0,ue[0],0,0.0,0.0,0.0,0.0,0.5,1.0,0.0,0.0,0.0,0.022
650.0,ue[1],0,0.0,0.0,0.0,0.0,0.5,1.0,0.0,0.0,0.0,0.02
484.0,ue[1],0,0.0,0.0,0.0,0.0,0.5,1.0,0.0,0.0,0.0,0.022
1382.0,attacker[0],1,0.0,0.0,0.0,0.0,0.5,1.0,0.0,0.0,0.0,0.0
1418.0,attacker[2],1,0.0,0.0,0.0,0.0,0.5,1.0,0.0,0.0,0.0,0.0
285.0,attacker[1],1,0.025,0.0161,0.07764,0.012,0.502,0.946667,1.0,0.342363,1.0,0.029
932.0,ue[2],0,0.0,0.0,0.0,0.0,0.5,1.0,0.0,0.0,0.0,0.0
430.0,ue[4],0,0.0,0.0,0.0,0.0,0.5,1.0,0.0,0.0,0.0,0.019
98.0,ue[0],0,0.006,0.01,0.03,0.005,0.500417,0.323333,1.0,0.0,1.0,0.018
469.0,attacker[0],1,0.0,0.0,0.0,0.0,0.5,1.0,0.0,0.0,0.0,0.03
499.0,ue[2],0,0.0,0.0,0.0,0.0,0.5,1.0,0.0,0.0,0.0,0.02
1300.0,ue[3],0,0.0,0.0,0.0,0.0,0.5,1.0,0.0,0.0,0.0,0.0
494.0,ue[0],0,0.0,0.0,0.0,0.0,0.5,1.0,0.0,0.0,0.0,0.022
266.0,ue[2],0,0.012,0.0102,0.058824,0.0,0.5015,0.883333,1.0,0.0,1.0,0.02
589.0,ue[1],0,0.0,0.0,0.0,0.0,0.5,1.0,0.0,0.0,0.0,0.02
843.0,ue[0],0,0.0,0.0,0.0,0.0,0.5,1.0,0.0,0.0,0.0,0.0
951.0,attacker[1],1,0.0,0.0,0.0,0.0,0.5,1.0,0.0,0.0,0.0,0.0
294.0,ue[0],0,0.013,0.0107,0.060748,0.0,0.502,0.976667,1.0,0.0,1.0,0.022
10.0,ue[4],0,0.009,0.0113,0.039823,0.005,0.50075,0.03,1.0,0.0,0.366667,0.019
1337.0,ue[2],0,0.0,0.0,0.0,0.0,0.5,1.0,0.0,0.0,0.0,0.0
857.0,ue[4],0,0.0,0.0,0.0,0.0,0.5,1.0,0.0,0.0,0.0,0.0
148.0,ue[2],0,0.009,0.0093,0.048387,0.008,0.501833,0.49,1.0,0.0,1.0,0.018
954.0,ue[3],0,0.0,0.0,0.0,0.0,0.5,1.0,0.0,0.0,0.0,0.0
736.0,ue[4],0,0.0,0.0,0.0,0.0,0.5,1.0,0.0,0.0,0.0,0.018
1262.0,attacker[1],1,0.0,0.0,0.0,0.0,0.5,1.0,0.0,0.0,0.0,0.0
540.0,attacker[0],1,0.0,0.0,0.0,0.0,0.5,1.0,0.0,0.0,0.0,0.03
1201.0,ue[4],0,0.0,0.0,0.0,0.0,0.5,1.0,0.0,0.0,0.0,0.0
1099.0,attacker[2],1,0.0,0.0,0.0,0.0,0.5,1.0,0.0,0.0,0.0,0.0
1326.0,ue[4],0,0.0,0.0,0.0,0.0,0.5,1.0,0.0,0.0,0.0,0.0
164.0,attacker[0],1,0.016,0.0166,0.048193,0.002,0.499333,0.543333,1.0,0.210263,1.0,0.027
363.0,ue[4],0,0.0,0.0,0.0,0.0,0.5,1.0,0.0,0.0,0.0,0.019
525.0,ue[0],0,0.0,0.0,0.0,0.0,0.5,1.0,0.0,0.0,0.0,0.022
1391.0,attacker[0],1,0.0,0.0,0.0,0.0,0.5,1.0,0.0,0.0,0.0,0.0
1115.0,attacker[2],1,0.0,0.0,0.0,0.0,0.5,1.0,0.0,0.0,0.0,0.0
1371.0,attacker[1],1,0.0,0.0,0.0,0.0,0.5,1.0,0.0,0.0,0.0,0.0
604.0,attacker[0],1,0.0,0.0,0.0,0.0,0.5,1.0,0.0,0.0,0.0,0.03
459.0,ue[0],0,0.0,0.0,0.0,0.0,0.5,1.0,0.0,0.0,0.0,0.022
893.0,ue[4],0,0.0,0.0,0.0,0.0,0.5,1.0,0.0,0.0,0.0,0.0
1364.0,attacker[2],1,0.0,0.0,0.0,0.0,0.5,1.0,0.0,0.0,0.0,0.0
500.0,attacker[2],1,0.0,0.0,0.0,0.0,0.5,1.0,0.0,0.0,0.0,0.03
86.0,ue[4],0,0.007,0.0083,0.042169,0.0,0.499333,0.283333,1.0,0.0,1.0,0.019
1001.0,ue[1],0,0.0,0.0,0.0,0.0,0.5,1.0,0.0,0.0,0.0,0.0
1073.0,ue[4],0,0.0,0.0,0.0,0.0,0.5,1.0,0.0,0.0,0.0,0.0
1294.0,ue[3],0,0.0,0.0,0.0,0.0,0.5,1.0,0.0,0.0,0.0,0.0
669.0,ue[1],0,0.0,0.0,0.0,0.0,0.5,1.0,0.0,0.0,0.0,0.018
84.0,attacker[0],1,0.015,0.0163,0.046012,0.007,0.49675,0.276667,1.0,0.130775,1.0,0.027
527.0,attacker[0],1,0.0,0.0,0.0,0.0,0.5,1.0,0.0,0.0,0.0,0.03
909.0,attacker[0],1,0.0,0.0,0.0,0.0,0.5,1.0,0.0,0.0,0.0,0.0
110.0,ue[3],0,0.013,0.009,0.072222,0.001,0.50225,0.363333,1.0,0.005682,1.0,0.017
753.0,ue[1],0,0.0,0.0,0.0,0.0,0.5,1.0,0.0,0.0,0.0,0.018
305.0,ue[1],0,0.0,0.0,0.0,0.0,0.5,1.0,0.633333,0.0,0.0,0.022
143.0,attacker[1],1,0.015,0.0199,0.037688,0.005,0.49725,0.473333,1.0,0.063152,1.0,0.029
1363.0,ue[0],0,0.0,0.0,0.0,0.0,0.5,1.0,0.0,0.0,0.0,0.0
1364.0,attacker[0],1,0.0,0.0,0.0,0.0,0.5,1.0,0.0,0.0,0.0,0.0
1121.0,ue[2],0,0.0,0.0,0.0,0.0,0.5,1.0,0.0,0.0,0.0,0.0
1472.0,ue[1],0,0.0,0.0,0.0,0.0,0.5,1.0,0.0,0.0,0.0,0.0
855.0,ue[1],0,0.0,0.0,0.0,0.0,0.5,1.0,0.0,0.0,0.0,0.0
1270.0,ue[1],0,0.0,0.0,0.0,0.0,0.5,1.0,0.0,0.0,0.0,0.0
649.0,ue[3],0,0.0,0.0,0.0,0.0,0.5,1.0,0.0,0.0,0.0,0.018
71.0,attacker[1],1,0.017,0.0163,0.052147,0.0,0.501667,0.233333,1.0,0.2027,1.0,0.029
1378.0,attacker[2],1,0.0,0.0,0.0,0.0,0.5,1.0,0.0,0.0,0.0,0.0
1117.0,ue[4],0,0.0,0.0,0.0,0.0,0.5,1.0,0.0,0.0,0.0,0.0
1300.0,attacker[2],1,0.0,0.0,0.0,0.0,0.5,1.0,0.0,0.0,0.0,0.0
1327.0,ue[0],0,0.0,0.0,0.0,0.0,0.5,1.0,0.0,0.0,0.0,0.0
1067.0,ue[0],0,0.0,0.0,0.0,0.0,0.5,1.0,0.0,0.0,0.0,0.0
1070.0,ue[2],0,0.0,0.0,0.0,0.0,0.5,1.0,0.0,0.0,0.0,0.0
1271.0,attacker[2],1,0.0,0.0,0.0,0.0,0.5,1.0,0.0,0.0,0.0,0.0
51.0,ue[4],0,0.008,0.0102,0.039216,0.005,0.499417,0.166667,1.0,0.0,1.0,0.019
773.0,ue[0],0,0.0,0.0,0.0,0.0,0.5,1.0,0.0,0.0,0.0,0.014
257.0,attacker[2],1,0.017,0.0152,0.055921,0.005,0.50125,0.853333,1.0,0.255841,1.0,0.03
249.0,attacker[0],1,0.007,0.0171,0.020468,0.009,0.496417,0.826667,1.0,0.0,1.0,0.027
1149.0,ue[1],0,0.0,0.0,0.0,0.0,0.5,1.0,0.0,0.0,0.0,0.0
699.0,attacker[1],1,0.0,0.0,0.0,0.0,0.5,1.0,0.0,0.0,0.0,0.025
135.0,ue[0],0,0.007,0.01,0.035,0.005,0.499083,0.446667,1.0,0.0,1.0,0.018
359.0,attacker[2],1,0.0,0.0,0.0,0.0,0.5,1.0,0.0,0.0,0.0,0.03
544.0,ue[4],0,0.0,0.0,0.0,0.0,0.5,1.0,0.0,0.0,0.0,0.019
1015.0,ue[0],0,0.0,0.0,0.0,0.0,0.5,1.0,0.0,0.0,0.0,0.0
1404.0,ue[1],0,0.0,0.0,0.0,0.0,0.5,1.0,0.0,0.0,0.0,0.0
420.0,ue[3],0,0.0,0.0,0.0,0.0,0.5,1.0,0.0,0.0,0.0,0.018
1457.0,ue[0],0,0.0,0.0,0.0,0.0,0.5,1.0,0.0,0.0,0.0,0.0
859.0,attacker[1],1,0.0,0.0,0.0,0.0,0.5,1.0,0.0,0.0,0.0,0.0
464.0,attacker[0],1,0.0,0.0,0.0,0.0,0.5,1.0,0.0,0.0,0.0,0.03
665.0,ue[2],0,0.0,0.0,0.0,0.0,0.5,1.0,0.0,0.0,0.0,0.02
1214.0,ue[1],0,0.0,0.0,0.0,0.0,0.5,1.0,0.0,0.0,0.0,0.0
718.0,ue[2],0,0.0,0.0,0.0,0.0,0.5,1.0,0.0,0.0,0.0,0.02
348.0,ue[1],0,0.0,0.0,0.0,0.0,0.5,1.0,0.0,0.0,0.0,0.022
1472.0,ue[0],0,0.0,0.0,0.0,0.0,0.5,1.0,0.0,0.0,0.0,0.0
1362.0,attacker[2],1,0.0,0.0,0.0,0.0,0.5,1.0,0.0,0.0,0.0,0.0
701.0,attacker[2],1,0.0,0.0,0.0,0.0,0.5,1.0,0.0,0.0,0.0,0.03
1334.0,ue[4],0,0.0,0.0,0.0,0.0,0.5,1.0,0.0,0.0,0.0,0.0
1455.0,ue[2],0,0.0,0.0,0.0,0.0,0.5,1.0,0.0,0.0,0.0,0.0
248.0,ue[4],0,0.012,0.01,0.06,0.003,0.500917,0.823333,1.0,0.0,1.0,0.019
518.0,attacker[0],1,0.0,0.0,0.0,0.0,0.5,1.0,0.0,0.0,0.0,0.03
1439.0,attacker[2],1,0.0,0.0,0.0,0.0,0.5,1.0,0.0,0.0,0.0,0.0
964.0,ue[0],0,0.0,0.0,0.0,0.0,0.5,1.0,0.0,0.0,0.0,0.0
775.0,ue[0],0,0.0,0.0,0.0,0.0,0.5,1.0,0.0,0.0,0.0,0.014
923.0,attacker[2],1,0.0,0.0,0.0,0.0,0.5,1.0,0.0,0.0,0.0,0.0
391.0,ue[4],0,0.0,0.0,0.0,0.0,0.5,1.0,0.0,0.0,0.0,0.019
1029.0,attacker[2],1,0.0,0.0,0.0,0.0,0.5,1.0,0.0,0.0,0.0,0.0
1418.0,ue[4],0,0.0,0.0,0.0,0.0,0.5,1.0,0.0,0.0,0.0,0.0
850.0,attacker[1],1,0.0,0.0,0.0,0.0,0.5,1.0,0.0,0.0,0.0,0.0
1282.0,attacker[0],1,0.0,0.0,0.0,0.0,0.5,1.0,0.0,0.0,0.0,0.0
1044.0,ue[1],0,0.0,0.0,0.0,0.0,0.5,1.0,0.0,0.0,0.0,0.0
614.0,ue[1],0,0.0,0.0,0.0,0.0,0.5,1.0,0.0,0.0,0.0,0.02
248.0,ue[0],0,0.011,0.0112,0.049107,0.003,0.49825,0.823333,1.0,0.0,1.0,0.018
115.0,attacker[0],1,0.012,0.0161,0.037267,0.01,0.500167,0.38,1.0,0.0,1.0,0.027
827.0,ue[0],0,0.0,0.0,0.0,0.0,0.5,1.0,0.0,0.0,0.0,0.0
1153.0,attacker[1],1,0.0,0.0,0.0,0.0,0.5,1.0,0.0,0.0,0.0,0.0
1326.0,ue[1],0,0.0,0.0,0.0,0.0,0.5,1.0,0.0,0.0,0.0,0.0
26.0,ue[4],0,0.012,0.0111,0.054054,0.001,0.499917,0.083333,1.0,0.0,0.9,0.019
1114.0,attacker[2],1,0.0,0.0,0.0,0.0,0.5,1.0,0.0,0.0,0.0,0.0
285.0,attacker[2],1,0.016,0.0183,0.043716,0.003,0.498417,0.946667,1.0,0.059028,1.0,0.03
845.0,ue[1],0,0.0,0.0,0.0,0.0,0.5,1.0,0.0,0.0,0.0,0.0
317.0,attacker[1],1,0.0,0.0,0.0,0.0,0.5,1.0,0.233333,0.0,0.0,0.029
564.0,ue[3],0,0.0,0.0,0.0,0.0,0.5,1.0,0.0,0.0,0.0,0.018
1183.0,ue[2],0,0.0,0.0,0.0,0.0,0.5,1.0,0.0,0.0,0.0,0.0
767.0,attacker[0],1,0.0,0.0,0.0,0.0,0.5,1.0,0.0,0.0,0.0,0.03
920.0,ue[1],0,0.0,0.0,0.0,0.0,0.5,1.0,0.0,0.0,0.0,0.0
1454.0,ue[1],0,0.0,0.0,0.0,0.0,0.5,1.0,0.0,0.0,0.0,0.0
1080.0,ue[3],0,0.0,0.0,0.0,0.0,0.5,1.0,0.0,0.0,0.0,0.0
1109.0,ue[2],0,0.0,0.0,0.0,0.0,0.5,1.0,0.0,0.0,0.0,0.0
43.0,ue[2],0,0.015,0.01,0.075,0.004,0.5025,0.14,1.0,0.044461,1.0,0.018
994.0,ue[2],0,0.0,0.0,0.0,0.0,0.5,1.0,0.0,0.0,0.0,0.0
662.0,ue[4],0,0.0,0.0,0.0,0.0,0.5,1.0,0.0,0.0,0.0,0.018
492.0,ue[3],0,0.0,0.0,0.0,0.0,0.5,1.0,0.0,0.0,0.0,0.018
1361.0,attacker[0],1,0.0,0.0,0.0,0.0,0.5,1.0,0.0,0.0,0.0,0.0
747.0,attacker[0],1,0.0,0.0,0.0,0.0,0.5,1.0,0.0,0.0,0.0,0.03
464.0,ue[4],0,0.0,0.0,0.0,0.0,0.5,1.0,0.0,0.0,0.0,0.019
1244.0,attacker[2],1,0.0,0.0,0.0,0.0,0.5,1.0,0.0,0.0,0.0,0.0
505.0,ue[1],0,0.0,0.0,0.0,0.0,0.5,1.0,0.0,0.0,0.0,0.022
1475.0,ue[1],0,0.0,0.0,0.0,0.0,0.5,1.0,0.0,0.0,0.0,0.0
1389.0,ue[3],0,0.0,0.0,0.0,0.0,0.5,1.0,0.0,0.0,0.0,0.0
859.0,ue[3],0,0.0,0.0,0.0,0.0,0.5,1.0,0.0,0.0,0.0,0.0
1222.0,ue[0],0,0.0,0.0,0.0,0.0,0.5,1.0,0.0,0.0,0.0,0.0
488.0,ue[2],0,0.0,0.0,0.0,0.0,0.5,1.0,0.0,0.0,0.0,0.02
1256.0,ue[0],0,0.0,0.0,0.0,0.0,0.5,1.0,0.0,0.0,0.0,0.0
216.0,attacker[0],1,0.014,0.0173,0.040462,0.003,0.498583,0.716667,1.0,0.111803,1.0,0.027
949.0,ue[2],0,0.0,0.0,0.0,0.0,0.5,1.0,0.0,0.0,0.0,0.0
78.0,ue[1],0,0.013,0.0095,0.068421,0.005,0.500417,0.256667,1.0,0.030861,1.0,0.022
1121.0,ue[4],0,0.0,0.0,0.0,0.0,0.5,1.0,0.0,0.0,0.0,0.0
889.0,attacker[2],1,0.0,0.0,0.0,0.0,0.5,1.0,0.0,0.0,0.0,0.0
1247.0,attacker[2],1,0.0,0.0,0.0,0.0,0.5,1.0,0.0,0.0,0.0,0.0
168.0,attacker[1],1,0.019,0.0163,0.058282,0.005,0.500583,0.556667,1.0,0.321991,1.0,0.029
1467.0,ue[3],0,0.0,0.0,0.0,0.0,0.5,1.0,0.0,0.0,0.0,0.0
956.0,ue[1],0,0.0,0.0,0.0,0.0,0.5,1.0,0.0,0.0,0.0,0.0
1481.0,attacker[2],1,0.0,0.0,0.0,0.0,0.5,1.0,0.0,0.0,0.0,0.0
1335.0,attacker[2],1,0.0,0.0,0.0,0.0,0.5,1.0,0.0,0.0,0.0,0.0
534.0,ue[1],0,0.0,0.0,0.0,0.0,0.5,1.0,0.0,0.0,0.0,0.022
1143.0,ue[0],0,0.0,0.0,0.0,0.0,0.5,1.0,0.0,0.0,0.0,0.0
611.0,attacker[1],1,0.0,0.0,0.0,0.0,0.5,1.0,0.0,0.0,0.0,0.029
977.0,ue[1],0,0.0,0.0,0.0,0.0,0.5,1.0,0.0,0.0,0.0,0.0
803.0,attacker[2],1,0.0,0.0,0.0,0.0,0.5,1.0,0.0,0.0,0.0,0.0
1371.0,attacker[0],1,0.0,0.0,0.0,0.0,0.5,1.0,0.0,0.0,0.0,0.0
712.0,attacker[0],1,0.0,0.0,0.0,0.0,0.5,1.0,0.0,0.0,0.0,0.03
989.0,attacker[0],1,0.0,0.0,0.0,0.0,0.5,1.0,0.0,0.0,0.0,0.0
1116.0,ue[4],0,0.0,0.0,0.0,0.0,0.5,1.0,0.0,0.0,0.0,0.0
1382.0,ue[4],0,0.0,0.0,0.0,0.0,0.5,1.0,0.0,0.0,0.0,0.0
311.0,ue[2],0,0.0,0.0,0.0,0.0,0.5,1.0,0.433333,0.0,0.0,0.02
1377.0,attacker[1],1,0.0,0.0,0.0,0.0,0.5,1.0,0.0,0.0,0.0,0.0
664.0,ue[2],0,0.0,0.0,0.0,0.0,0.5,1.0,0.0,0.0,0.0,0.02
1096.0,ue[2],0,0.0,0.0,0.0,0.0,0.5,1.0,0.0,0.0,0.0,0.0
481.0,attacker[2],1,0.0,0.0,0.0,0.0,0.5,1.0,0.0,0.0,0.0,0.03
594.0,ue[3],0,0.0,0.0,0.0,0.0,0.5,1.0,0.0,0.0,0.0,0.018
1433.0,ue[2],0,0.0,0.0,0.0,0.0,0.5,1.0,0.0,0.0,0.0,0.0
1005.0,ue[1],0,0.0,0.0,0.0,0.0,0.5,1.0,0.0,0.0,0.0,0.0
1047.0,ue[1],0,0.0,0.0,0.0,0.0,0.5,1.0,0.0,0.0,0.0,0.0
402.0,attacker[1],1,0.0,0.0,0.0,0.0,0.5,1.0,0.0,0.0,0.0,0.029
180.0,ue[2],0,0.011,0.0103,0.053398,0.002,0.501333,0.596667,1.0,0.0,1.0,0.018
220.0,attacker[2],1,0.016,0.0181,0.044199,0.008,0.502,0.73,1.0,0.206419,1.0,0.025
1394.0,attacker[0],1,0.0,0.0,0.0,0.0,0.5,1.0,0.0,0.0,0.0,0.0
730.0,attacker[0],1,0.0,0.0,0.0,0.0,0.5,1.0,0.0,0.0,0.0,0.03
1482.0,attacker[0],1,0.0,0.0,0.0,0.0,0.5,1.0,0.0,0.0,0.0,0.0
1359.0,ue[0],0,0.0,0.0,0.0,0.0,0.5,1.0,0.0,0.0,0.0,0.0
610.0,attacker[1],1,0.0,0.0,0.0,0.0,0.5,1.0,0.0,0.0,0.0,0.029
228.0,ue[1],0,0.009,0.0104,0.043269,0.002,0.5,0.756667,1.0,0.0,1.0,0.022
1302.0,attacker[1],1,0.0,0.0,0.0,0.0,0.5,1.0,0.0,0.0,0.0,0.0
211.0,ue[0],0,0.008,0.0094,0.042553,0.006,0.500833,0.7,1.0,0.0,1.0,0.018
62.0,attacker[1],1,0.021,0.0174,0.060345,0.0,0.502,0.203333,1.0,0.336845,1.0,0.029
1495.0,ue[4],0,0.0,0.0,0.0,0.0,0.5,1.0,0.0,0.0,0.0,0.0
140.0,ue[0],0,0.01,0.0099,0.050505,0.001,0.50025,0.463333,1.0,0.0,1.0,0.018
288.0,ue[2],0,0.013,0.0101,0.064356,0.0,0.502,0.956667,1.0,0.012427,1.0,0.02
848.0,ue[2],0,0.0,0.0,0.0,0.0,0.5,1.0,0.0,0.0,0.0,0.0
1404.0,ue[2],0,0.0,0.0,0.0,0.0,0.5,1.0,0.0,0.0,0.0,0.0
245.0,attacker[1],1,0.021,0.0161,0.065217,0.012,0.500667,0.813333,1.0,0.371184,1.0,0.029
146.0,attacker[1],1,0.019,0.0199,0.047739,0.001,0.500083,0.483333,1.0,0.401224,1.0,0.029
75.0,ue[1],0,0.011,0.0096,0.057292,0.002,0.500167,0.246667,1.0,0.0,1.0,0.022
647.0,attacker[2],1,0.0,0.0,0.0,0.0,0.5,1.0,0.0,0.0,0.0,0.03
925.0,ue[0],0,0.0,0.0,0.0,0.0,0.5,1.0,0.0,0.0,0.0,0.0
822.0,attacker[2],1,0.0,0.0,0.0,0.0,0.5,1.0,0.0,0.0,0.0,0.0
565.0,attacker[2],1,0.0,0.0,0.0,0.0,0.5,1.0,0.0,0.0,0.0,0.03
248.0,ue[3],0,0.011,0.0094,0.058511,0.003,0.49925,0.823333,1.0,0.0,1.0,0.018
682.0,attacker[2],1,0.0,0.0,0.0,0.0,0.5,1.0,0.0,0.0,0.0,0.03
1491.0,ue[4],0,0.0,0.0,0.0,0.0,0.5,1.0,0.0,0.0,0.0,0.0
1361.0,ue[3],0,0.0,0.0,0.0,0.0,0.5,1.0,0.0,0.0,0.0,0.0
383.0,ue[0],0,0.0,0.0,0.0,0.0,0.5,1.0,0.0,0.0,0.0,0.022
1116.0,attacker[0],1,0.0,0.0,0.0,0.0,0.5,1.0,0.0,0.0,0.0,0.0
424.0,ue[4],0,0.0,0.0,0.0,0.0,0.5,1.0,0.0,0.0,0.0,0.019
390.0,ue[2],0,0.0,0.0,0.0,0.0,0.5,1.0,0.0,0.0,0.0,0.02
538.0,ue[1],0,0.0,0.0,0.0,0.0,0.5,1.0,0.0,0.0,0.0,0.022
1002.0,attacker[2],1,0.0,0.0,0.0,0.0,0.5,1.0,0.0,0.0,0.0,0.0
481.0,ue[3],0,0.0,0.0,0.0,0.0,0.5,1.0,0.0,0.0,0.0,0.018
1421.0,attacker[2],1,0.0,0.0,0.0,0.0,0.5,1.0,0.0,0.0,0.0,0.0
1181.0,attacker[0],1,0.0,0.0,0.0,0.0,0.5,1.0,0.0,0.0,0.0,0.0
534.0,ue[3],0,0.0,0.0,0.0,0.0,0.5,1.0,0.0,0.0,0.0,0.018
286.0,ue[0],0,0.006,0.0103,0.029126,0.007,0.499583,0.95,1.0,0.0,1.0,0.022
345.0,attacker[2],1,0.0,0.0,0.0,0.0,0.5,1.0,0.0,0.0,0.0,0.03
237.0,ue[3],0,0.009,0.0096,0.046875,0.004,0.499833,0.786667,1.0,0.0,1.0,0.018
1195.0,ue[2],0,0.0,0.0,0.0,0.0,0.5,1.0,0.0,0.0,0.0,0.0
503.0,ue[3],0,0.0,0.0,0.0,0.0,0.5,1.0,0.0,0.0,0.0,0.018
1243.0,ue[3],0,0.0,0.0,0.0,0.0,0.5,1.0,0.0,0.0,0.0,0.0
528.0,ue[3],0,0.0,0.0,0.0,0.0,0.5,1.0,0.0,0.0,0.0,0.018
389.0,attacker[1],1,0.0,0.0,0.0,0.0,0.5,1.0,0.0,0.0,0.0,0.029
346.0,ue[4],0,0.0,0.0,0.0,0.0,0.5,1.0,0.0,0.0,0.0,0.019
96.0,ue[3],0,0.007,0.0105,0.033333,0.01,0.500833,0.316667,1.0,0.0,1.0,0.017
396.0,attacker[0],1,0.0,0.0,0.0,0.0,0.5,1.0,0.0,0.0,0.0,0.03
565.0,ue[1],0,0.0,0.0,0.0,0.0,0.5,1.0,0.0,0.0,0.0,0.02
1337.0,attacker[1],1,0.0,0.0,0.0,0.0,0.5,1.0,0.0,0.0,0.0,0.0
606.0,attacker[0],1,0.0,0.0,0.0,0.0,0.5,1.0,0.0,0.0,0.0,0.03
1296.0,ue[4],0,0.0,0.0,0.0,0.0,0.5,1.0,0.0,0.0,0.0,0.0
1236.0,ue[1],0,0.0,0.0,0.0,0.0,0.5,1.0,0.0,0.0,0.0,0.0
33.0,ue[2],0,0.007,0.0108,0.032407,0.005,0.49775,0.106667,1.0,0.0,1.0,0.018
138.0,attacker[0],1,0.01,0.0147,0.034014,0.003,0.497917,0.456667,1.0,0.0,1.0,0.027
1129.0,ue[0],0,0.0,0.0,0.0,0.0,0.5,1.0,0.0,0.0,0.0,0.0
392.0,attacker[2],1,0.0,0.0,0.0,0.0,0.5,1.0,0.0,0.0,0.0,0.03
402.0,ue[2],0,0.0,0.0,0.0,0.0,0.5,1.0,0.0,0.0,0.0,0.02
837.0,attacker[0],1,0.0,0.0,0.0,0.0,0.5,1.0,0.0,0.0,0.0,0.0
1105.0,ue[3],0,0.0,0.0,0.0,0.0,0.5,1.0,0.0,0.0,0.0,0.0
1443.0,ue[3],0,0.0,0.0,0.0,0.0,0.5,1.0,0.0,0.0,0.0,0.0
1054.0,ue[1],0,0.0,0.0,0.0,0.0,0.5,1.0,0.0,0.0,0.0,0.0
333.0,ue[0],0,0.0,0.0,0.0,0.0,0.5,1.0,0.0,0.0,0.0,0.022
436.0,ue[0],0,0.0,0.0,0.0,0.0,0.5,1.0,0.0,0.0,0.0,0.022
746.0,ue[1],0,0.0,0.0,0.0,0.0,0.5,1.0,0.0,0.0,0.0,0.018
911.0,attacker[2],1,0.0,0.0,0.0,0.0,0.5,1.0,0.0,0.0,0.0,0.0
465.0,ue[2],0,0.0,0.0,0.0,0.0,0.5,1.0,0.0,0.0,0.0,0.02
741.0,attacker[1],1,0.0,0.0,0.0,0.0,0.5,1.0,0.0,0.0,0.0,0.025
731.0,ue[3],0,0.0,0.0,0.0,0.0,0.5,1.0,0.0,0.0,0.0,0.016
56.0,ue[3],0,0.015,0.0103,0.072816,0.006,0.501167,0.183333,1.0,0.057735,1.0,0.015
564.0,attacker[2],1,0.0,0.0,0.0,0.0,0.5,1.0,0.0,0.0,0.0,0.03
18.0,attacker[0],1,0.017,0.0187,0.045455,0.004,0.499,0.056667,0.947368,0.384422,0.6,0.023
1127.0,ue[2],0,0.0,0.0,0.0,0.0,0.5,1.0,0.0,0.0,0.0,0.0
1094.0,ue[0],0,0.0,0.0,0.0,0.0,0.5,1.0,0.0,0.0,0.0,0.0
595.0,attacker[1],1,0.0,0.0,0.0,0.0,0.5,1.0,0.0,0.0,0.0,0.029
747.0,ue[2],0,0.0,0.0,0.0,0.0,0.5,1.0,0.0,0.0,0.0,0.014
999.0,attacker[2],1,0.0,0.0,0.0,0.0,0.5,1.0,0.0,0.0,0.0,0.0
759.0,attacker[1],1,0.0,0.0,0.0,0.0,0.5,1.0,0.0,0.0,0.0,0.025
265.0,attacker[1],1,0.018,0.0155,0.058065,0.002,0.499667,0.88,1.0,0.195698,1.0,0.029
485.0,ue[3],0,0.0,0.0,0.0,0.0,0.5,1.0,0.0,0.0,0.0,0.018
952.0,ue[1],0,0.0,0.0,0.0,0.0,0.5,1.0,0.0,0.0,0.0,0.0
538.0,ue[4],0,0.0,0.0,0.0,0.0,0.5,1.0,0.0,0.0,0.0,0.019
796.0,ue[4],0,0.0,0.0,0.0,0.0,0.5,1.0,0.0,0.0,0.0,0.0
251.0,ue[1],0,0.013,0.0111,0.058559,0.004,0.501667,0.833333,1.0,0.019066,1.0,0.022
301.0,ue[4],0,0.0,0.0042,0.0,0.0,0.5,1.0,0.766667,0.0,0.0,0.019
195.0,ue[2],0,0.015,0.0094,0.079787,0.007,0.50175,0.646667,1.0,0.156311,1.0,0.018
517.0,attacker[2],1,0.0,0.0,0.0,0.0,0.5,1.0,0.0,0.0,0.0,0.03
1398.0,attacker[2],1,0.0,0.0,0.0,0.0,0.5,1.0,0.0,0.0,0.0,0.0
1225.0,ue[2],0,0.0,0.0,0.0,0.0,0.5,1.0,0.0,0.0,0.0,0.0
158.0,ue[2],0,0.007,0.0094,0.037234,0.001,0.500083,0.523333,1.0,0.0,1.0,0.018
1102.0,ue[1],0,0.0,0.0,0.0,0.0,0.5,1.0,0.0,0.0,0.0,0.0
50.0,attacker[0],1,0.012,0.0176,0.034091,0.013,0.500083,0.163333,1.0,0.0,1.0,0.027
1131.0,attacker[0],1,0.0,0.0,0.0,0.0,0.5,1.0,0.0,0.0,0.0,0.0
1236.0,ue[3],0,0.0,0.0,0.0,0.0,0.5,1.0,0.0,0.0,0.0,0.0
935.0,attacker[0],1,0.0,0.0,0.0,0.0,0.5,1.0,0.0,0.0,0.0,0.0
480.0,ue[4],0,0.0,0.0,0.0,0.0,0.5,1.0,0.0,0.0,0.0,0.019
88.0,attacker[1],1,0.02,0.017,0.058824,0.009,0.49975,0.29,1.0,0.264772,1.0,0.029
669.0,attacker[0],1,0.0,0.0,0.0,0.0,0.5,1.0,0.0,0.0,0.0,0.03
1346.0,attacker[2],1,0.0,0.0,0.0,0.0,0.5,1.0,0.0,0.0,0.0,0.0
636.0,attacker[2],1,0.0,0.0,0.0,0.0,0.5,1.0,0.0,0.0,0.0,0.03
879.0,ue[1],0,0.0,0.0,0.0,0.0,0.5,1.0,0.0,0.0,0.0,0.0
1499.0,ue[0],0,0.0,0.0,0.0,0.0,0.5,1.0,0.0,0.0,0.0,0.0
1164.0,attacker[2],1,0.0,0.0,0.0,0.0,0.5,1.0,0.0,0.0,0.0,0.0
1415.0,ue[2],0,0.0,0.0,0.0,0.0,0.5,1.0,0.0,0.0,0.0,0.0
683.0,ue[4],0,0.0,0.0,0.0,0.0,0.5,1.0,0.0,0.0,0.0,0.018
586.0,ue[0],0,0.0,0.0,0.0,0.0,0.5,1.0,0.0,0.0,0.0,0.022
1362.0,ue[4],0,0.0,0.0,0.0,0.0,0.5,1.0,0.0,0.0,0.0,0.0
96.0,ue[0],0,0.009,0.0104,0.043269,0.002,0.4985,0.316667,1.0,0.0,1.0,0.018
1427.0,attacker[2],1,0.0,0.0,0.0,0.0,0.5,1.0,0.0,0.0,0.0,0.0
493.0,ue[1],0,0.0,0.0,0.0,0.0,0.5,1.0,0.0,0.0,0.0,0.022
1488.0,attacker[2],1,0.0,0.0,0.0,0.0,0.5,1.0,0.0,0.0,0.0,0.0
518.0,ue[2],0,0.0,0.0,0.0,0.0,0.5,1.0,0.0,0.0,0.0,0.02
635.0,attacker[0],1,0.0,0.0,0.0,0.0,0.5,1.0,0.0,0.0,0.0,0.03
1056.0,attacker[0],1,0.0,0.0,0.0,0.0,0.5,1.0,0.0,0.0,0.0,0.0
882.0,ue[2],0,0.0,0.0,0.0,0.0,0.5,1.0,0.0,0.0,0.0,0.0
575.0,attacker[0],1,0.0,0.0,0.0,0.0,0.5,1.0,0.0,0.0,0.0,0.03
862.0,ue[3],0,0.0,0.0,0.0,0.0,0.5,1.0,0.0,0.0,0.0,0.0
94.0,attacker[0],1,0.015,0.0152,0.049342,0.002,0.499667,0.31,1.0,0.217732,1.0,0.027
1265.0,ue[2],0,0.0,0.0,0.0,0.0,0.5,1.0,0.0,0.0,0.0,0.0
1113.0,attacker[2],1,0.0,0.0,0.0,0.0,0.5,1.0,0.0,0.0,0.0,0.0
555.0,ue[1],0,0.0,0.0,0.0,0.0,0.5,1.0,0.0,0.0,0.0,0.02
459.0,attacker[1],1,0.0,0.0,0.0,0.0,0.5,1.0,0.0,0.0,0.0,0.029
1030.0,attacker[2],1,0.0,0.0,0.0,0.0,0.5,1.0,0.0,0.0,0.0,0.0
877.0,attacker[1],1,0.0,0.0,0.0,0.0,0.5,1.0,0.0,0.0,0.0,0.0
657.0,ue[2],0,0.0,0.0,0.0,0.0,0.5,1.0,0.0,0.0,0.0,0.02
722.0,ue[2],0,0.0,0.0,0.0,0.0,0.5,1.0,0.0,0.0,0.0,0.02
1358.0,ue[0],0,0.0,0.0,0.0,0.0,0.5,1.0,0.0,0.0,0.0,0.0
141.0,ue[4],0,0.014,0.0096,0.072917,0.004,0.500667,0.466667,1.0,0.091329,1.0,0.019
291.0,attacker[0],1,0.019,0.0213,0.044601,0.003,0.499917,0.966667,1.0,0.302118,1.0,0.03
113.0,attacker[0],1,0.015,0.0164,0.045732,0.006,0.501833,0.373333,1.0,0.176601,1.0,0.027
29.0,attacker[1],1,0.022,0.0193,0.056995,0.011,0.498917,0.093333,0.966667,0.273276,0.966667,0.029
1288.0,ue[1],0,0.0,0.0,0.0,0.0,0.5,1.0,0.0,0.0,0.0,0.0
1446.0,ue[0],0,0.0,0.0,0.0,0.0,0.5,1.0,0.0,0.0,0.0,0.0
1435.0,ue[4],0,0.0,0.0,0.0,0.0,0.5,1.0,0.0,0.0,0.0,0.0
1064.0,ue[3],0,0.0,0.0,0.0,0.0,0.5,1.0,0.0,0.0,0.0,0.0
883.0,ue[2],0,0.0,0.0,0.0,0.0,0.5,1.0,0.0,0.0,0.0,0.0
797.0,attacker[1],1,0.0,0.0,0.0,0.0,0.5,1.0,0.0,0.0,0.0,0.0
114.0,ue[0],0,0.008,0.0105,0.038095,0.004,0.500833,0.376667,1.0,0.0,1.0,0.018
434.0,ue[4],0,0.0,0.0,0.0,0.0,0.5,1.0,0.0,0.0,0.0,0.019
649.0,ue[0],0,0.0,0.0,0.0,0.0,0.5,1.0,0.0,0.0,0.0,0.022
200.0,attacker[0],1,0.013,0.0149,0.043624,0.003,0.497583,0.663333,1.0,0.088736,1.0,0.027
419.0,attacker[0],1,0.0,0.0,0.0,0.0,0.5,1.0,0.0,0.0,0.0,0.03
559.0,ue[1],0,0.0,0.0,0.0,0.0,0.5,1.0,0.0,0.0,0.0,0.02
59.0,ue[4],0,0.014,0.0098,0.071429,0.007,0.49975,0.193333,1.0,0.004204,1.0,0.019
1240.0,attacker[2],1,0.0,0.0,0.0,0.0,0.5,1.0,0.0,0.0,0.0,0.0
1433.0,attacker[0],1,0.0,0.0,0.0,0.0,0.5,1.0,0.0,0.0,0.0,0.0
76.0,ue[2],0,0.012,0.0091,0.065934,0.0,0.5015,0.25,1.0,0.00704,1.0,0.018
1442.0,attacker[1],1,0.0,0.0,0.0,0.0,0.5,1.0,0.0,0.0,0.0,0.0
1057.0,ue[4],0,0.0,0.0,0.0,0.0,0.5,1.0,0.0,0.0,0.0,0.0
1196.0,ue[3],0,0.0,0.0,0.0,0.0,0.5,1.0,0.0,0.0,0.0,0.0
843.0,ue[3],0,0.0,0.0,0.0,0.0,0.5,1.0,0.0,0.0,0.0,0.0
1250.0,attacker[0],1,0.0,0.0,0.0,0.0,0.5,1.0,0.0,0.0,0.0,0.0
717.0,ue[0],0,0.0,0.0,0.0,0.0,0.5,1.0,0.0,0.0,0.0,0.022
157.0,ue[1],0,0.005,0.0105,0.02381,0.004,0.496667,0.52,1.0,0.0,1.0,0.022
64.0,ue[2],0,0.016,0.0104,0.076923,0.01,0.5,0.21,1.0,0.252215,1.0,0.018
1192.0,ue[1],0,0.0,0.0,0.0,0.0,0.5,1.0,0.0,0.0,0.0,0.0
259.0,ue[2],0,0.008,0.0089,0.044944,0.005,0.50075,0.86,1.0,0.0,1.0,0.02
320.0,attacker[1],1,0.0,0.0,0.0,0.0,0.5,1.0,0.133333,0.0,0.0,0.029
1105.0,attacker[2],1,0.0,0.0,0.0,0.0,0.5,1.0,0.0,0.0,0.0,0.0
1031.0,attacker[2],1,0.0,0.0,0.0,0.0,0.5,1.0,0.0,0.0,0.0,0.0
1.0,ue[0],0,0.011,0.009,0.061111,0.004,0.5,0.0,1.0,0.230713,0.066667,0.011
1341.0,ue[1],0,0.0,0.0,0.0,0.0,0.5,1.0,0.0,0.0,0.0,0.0
638.0,attacker[2],1,0.0,0.0,0.0,0.0,0.5,1.0,0.0,0.0,0.0,0.03
1036.0,attacker[2],1,0.0,0.0,0.0,0.0,0.5,1.0,0.0,0.0,0.0,0.0
110.0,ue[4],0,0.012,0.0105,0.057143,0.002,0.501833,0.363333,1.0,0.0,1.0,0.019
1464.0,ue[2],0,0.0,0.0,0.0,0.0,0.5,1.0,0.0,0.0,0.0,0.0
31.0,ue[2],0,0.011,0.0111,0.04955,0.006,0.501833,0.1,1.0,0.0,1.0,0.018
197.0,ue[1],0,0.011,0.0094,0.058511,0.003,0.50175,0.653333,1.0,0.0,1.0,0.022
1228.0,ue[4],0,0.0,0.0,0.0,0.0,0.5,1.0,0.0,0.0,0.0,0.0
1070.0,ue[0],0,0.0,0.0,0.0,0.0,0.5,1.0,0.0,0.0,0.0,0.0
1195.0,ue[4],0,0.0,0.0,0.0,0.0,0.5,1.0,0.0,0.0,0.0,0.0
721.0,ue[4],0,0.0,0.0,0.0,0.0,0.5,1.0,0.0,0.0,0.0,0.018
1008.0,ue[4],0,0.0,0.0,0.0,0.0,0.5,1.0,0.0,0.0,0.0,0.0
459.0,attacker[2],1,0.0,0.0,0.0,0.0,0.5,1.0,0.0,0.0,0.0,0.03
1230.0,attacker[2],1,0.0,0.0,0.0,0.0,0.5,1.0,0.0,0.0,0.0,0.0
488.0,attacker[1],1,0.0,0.0,0.0,0.0,0.5,1.0,0.0,0.0,0.0,0.029
242.0,ue[1],0,0.012,0.0102,0.058824,0.007,0.49925,0.803333,1.0,0.057884,1.0,0.022
1061.0,ue[3],0,0.0,0.0,0.0,0.0,0.5,1.0,0.0,0.0,0.0,0.0
647.0,attacker[0],1,0.0,0.0,0.0,0.0,0.5,1.0,0.0,0.0,0.0,0.03
1193.0,ue[4],0,0.0,0.0,0.0,0.0,0.5,1.0,0.0,0.0,0.0,0.0
178.0,ue[2],0,0.01,0.0103,0.048544,0.006,0.503167,0.59,1.0,0.0,1.0,0.018
1349.0,attacker[0],1,0.0,0.0,0.0,0.0,0.5,1.0,0.0,0.0,0.0,0.0
1337.0,attacker[2],1,0.0,0.0,0.0,0.0,0.5,1.0,0.0,0.0,0.0,0.0
223.0,ue[3],0,0.013,0.0101,0.064356,0.007,0.500083,0.74,1.0,0.0,1.0,0.017
893.0,ue[0],0,0.0,0.0,0.0,0.0,0.5,1.0,0.0,0.0,0.0,0.0
610.0,attacker[0],1,0.0,0.0,0.0,0.0,0.5,1.0,0.0,0.0,0.0,0.03
160.0,ue[3],0,0.013,0.0113,0.057522,0.001,0.500417,0.53,1.0,0.007184,1.0,0.017
1080.0,attacker[1],1,0.0,0.0,0.0,0.0,0.5,1.0,0.0,0.0,0.0,0.0
1211.0,ue[2],0,0.0,0.0,0.0,0.0,0.5,1.0,0.0,0.0,0.0,0.0
1285.0,attacker[0],1,0.0,0.0,0.0,0.0,0.5,1.0,0.0,0.0,0.0,0.0
213.0,attacker[2],1,0.017,0.016,0.053125,0.002,0.5005,0.706667,1.0,0.291397,1.0,0.025
455.0,ue[3],0,0.0,0.0,0.0,0.0,0.5,1.0,0.0,0.0,0.0,0.018
1455.0,attacker[2],1,0.0,0.0,0.0,0.0,0.5,1.0,0.0,0.0,0.0,0.0
1023.0,ue[4],0,0.0,0.0,0.0,0.0,0.5,1.0,0.0,0.0,0.0,0.0
381.0,attacker[1],1,0.0,0.0,0.0,0.0,0.5,1.0,0.0,0.0,0.0,0.029
125.0,ue[2],0,0.015,0.0111,0.067568,0.005,0.501417,0.413333,1.0,0.163202,1.0,0.018
343.0,ue[0],0,0.0,0.0,0.0,0.0,0.5,1.0,0.0,0.0,0.0,0.022
126.0,ue[4],0,0.014,0.0104,0.067308,0.004,0.503,0.416667,1.0,0.009138,1.0,0.019
446.0,ue[1],0,0.0,0.0,0.0,0.0,0.5,1.0,0.0,0.0,0.0,0.022
482.0,ue[4],0,0.0,0.0,0.0,0.0,0.5,1.0,0.0,0.0,0.0,0.019
670.0,ue[4],0,0.0,0.0,0.0,0.0,0.5,1.0,0.0,0.0,0.0,0.018
720.0,attacker[2],1,0.0,0.0,0.0,0.0,0.5,1.0,0.0,0.0,0.0,0.03
1396.0,ue[2],0,0.0,0.0,0.0,0.0,0.5,1.0,0.0,0.0,0.0,0.0
851.0,ue[1],0,0.0,0.0,0.0,0.0,0.5,1.0,0.0,0.0,0.0,0.0
1057.0,ue[1],0,0.0,0.0,0.0,0.0,0.5,1.0,0.0,0.0,0.0,0.0
859.0,attacker[2],1,0.0,0.0,0.0,0.0,0.5,1.0,0.0,0.0,0.0,0.0
748.0,attacker[1],1,0.0,0.0,0.0,0.0,0.5,1.0,0.0,0.0,0.0,0.025
1462.0,attacker[1],1,0.0,0.0,0.0,0.0,0.5,1.0,0.0,0.0,0.0,0.0
116.0,attacker[2],1,0.019,0.0168,0.056548,0.0,0.502,0.383333,1.0,0.235441,1.0,0.025
426.0,attacker[1],1,0.0,0.0,0.0,0.0,0.5,1.0,0.0,0.0,0.0,0.029
97.0,ue[0],0,0.011,0.0109,0.050459,0.002,0.501167,0.32,1.0,0.0,1.0,0.018
1236.0,ue[0],0,0.0,0.0,0.0,0.0,0.5,1.0,0.0,0.0,0.0,0.0
288.0,ue[0],0,0.01,0.0102,0.04902,0.002,0.500833,0.956667,1.0,0.0,1.0,0.022
84.0,ue[1],0,0.004,0.0097,0.020619,0.003,0.497417,0.276667,1.0,0.0,1.0,0.022
59.0,attacker[2],1,0.021,0.016,0.065625,0.01,0.499833,0.193333,1.0,0.239642,1.0,0.025
510.0,attacker[2],1,0.0,0.0,0.0,0.0,0.5,1.0,0.0,0.0,0.0,0.03
530.0,attacker[2],1,0.0,0.0,0.0,0.0,0.5,1.0,0.0,0.0,0.0,0.03
300.0,attacker[2],1,0.0,0.0061,0.0,0.0,0.5,0.996667,0.8,0.0,0.0,0.03
1333.0,attacker[2],1,0.0,0.0,0.0,0.0,0.5,1.0,0.0,0.0,0.0,0.0
762.0,ue[0],0,0.0,0.0,0.0,0.0,0.5,1.0,0.0,0.0,0.0,0.022
783.0,ue[1],0,0.0,0.0,0.0,0.0,0.5,1.0,0.0,0.0,0.0,0.013
504.0,attacker[1],1,0.0,0.0,0.0,0.0,0.5,1.0,0.0,0.0,0.0,0.029
102.0,attacker[0],1,0.017,0.0152,0.055921,0.001,0.501917,0.336667,1.0,0.296648,1.0,0.027
32.0,ue[1],0,0.009,0.0101,0.044554,0.0,0.500333,0.103333,1.0,0.0,1.0,0.017
510.0,attacker[0],1,0.0,0.0,0.0,0.0,0.5,1.0,0.0,0.0,0.0,0.03
475.0,ue[2],0,0.0,0.0,0.0,0.0,0.5,1.0,0.0,0.0,0.0,0.02
599.0,ue[1],0,0.0,0.0,0.0,0.0,0.5,1.0,0.0,0.0,0.0,0.02
587.0,attacker[2],1,0.0,0.0,0.0,0.0,0.5,1.0,0.0,0.0,0.0,0.03
1400.0,ue[0],0,0.0,0.0,0.0,0.0,0.5,1.0,0.0,0.0,0.0,0.0
16.0,ue[0],0,0.007,0.0111,0.031532,0.0,0.499167,0.05,1.0,0.0,0.566667,0.018
1132.0,ue[1],0,0.0,0.0,0.0,0.0,0.5,1.0,0.0,0.0,0.0,0.0
934.0,ue[3],0,0.0,0.0,0.0,0.0,0.5,1.0,0.0,0.0,0.0,0.0
1082.0,ue[4],0,0.0,0.0,0.0,0.0,0.5,1.0,0.0,0.0,0.0,0.0
709.0,ue[4],0,0.0,0.0,0.0,0.0,0.5,1.0,0.0,0.0,0.0,0.018
523.0,ue[1],0,0.0,0.0,0.0,0.0,0.5,1.0,0.0,0.0,0.0,0.022
975.0,ue[0],0,0.0,0.0,0.0,0.0,0.5,1.0,0.0,0.0,0.0,0.0
97.0,attacker[0],1,0.02,0.0153,0.065359,0.009,0.50025,0.32,1.0,0.348833,1.0,0.027
311.0,attacker[2],1,0.0,0.0,0.0,0.0,0.5,1.0,0.433333,0.0,0.0,0.03
1479.0,ue[0],0,0.0,0.0,0.0,0.0,0.5,1.0,0.0,0.0,0.0,0.0
1421.0,ue[3],0,0.0,0.0,0.0,0.0,0.5,1.0,0.0,0.0,0.0,0.0
788.0,attacker[1],1,0.0,0.0,0.0,0.0,0.5,1.0,0.0,0.0,0.0,0.025
18.0,attacker[2],1,0.013,0.0152,0.042763,0.002,0.4995,0.056667,0.947368,0.084385,0.6,0.021
795.0,ue[2],0,0.0,0.0,0.0,0.0,0.5,1.0,0.0,0.0,0.0,0.0
1397.0,attacker[0],1,0.0,0.0,0.0,0.0,0.5,1.0,0.0,0.0,0.0,0.0
1239.0,attacker[2],1,0.0,0.0,0.0,0.0,0.5,1.0,0.0,0.0,0.0,0.0
260.0,ue[2],0,0.008,0.0089,0.044944,0.0,0.498667,0.863333,1.0,0.0,1.0,0.02
735.0,ue[4],0,0.0,0.0,0.0,0.0,0.5,1.0,0.0,0.0,0.0,0.018
1372.0,attacker[1],1,0.0,0.0,0.0,0.0,0.5,1.0,0.0,0.0,0.0,0.0
1464.0,ue[4],0,0.0,0.0,0.0,0.0,0.5,1.0,0.0,0.0,0.0,0.0
628.0,ue[2],0,0.0,0.0,0.0,0.0,0.5,1.0,0.0,0.0,0.0,0.02
760.0,attacker[1],1,0.0,0.0,0.0,0.0,0.5,1.0,0.0,0.0,0.0,0.025
1064.0,attacker[1],1,0.0,0.0,0.0,0.0,0.5,1.0,0.0,0.0,0.0,0.0
1368.0,ue[0],0,0.0,0.0,0.0,0.0,0.5,1.0,0.0,0.0,0.0,0.0
83.0,ue[0],0,0.014,0.0118,0.059322,0.009,0.498917,0.273333,1.0,0.23094,1.0,0.018
627.0,ue[2],0,0.0,0.0,0.0,0.0,0.5,1.0,0.0,0.0,0.0,0.02
823.0,ue[4],0,0.0,0.0,0.0,0.0,0.5,1.0,0.0,0.0,0.0,0.0
1480.0,ue[0],0,0.0,0.0,0.0,0.0,0.5,1.0,0.0,0.0,0.0,0.0
1093.0,attacker[1],1,0.0,0.0,0.0,0.0,0.5,1.0,0.0,0.0,0.0,0.0
1256.0,attacker[0],1,0.0,0.0,0.0,0.0,0.5,1.0,0.0,0.0,0.0,0.0
868.0,ue[4],0,0.0,0.0,0.0,0.0,0.5,1.0,0.0,0.0,0.0,0.0
532.0,ue[2],0,0.0,0.0,0.0,0.0,0.5,1.0,0.0,0.0,0.0,0.02
1314.0,ue[1],0,0.0,0.0,0.0,0.0,0.5,1.0,0.0,0.0,0.0,0.0
666.0,ue[4],0,0.0,0.0,0.0,0.0,0.5,1.0,0.0,0.0,0.0,0.018
441.0,attacker[0],1,0.0,0.0,0.0,0.0,0.5,1.0,0.0,0.0,0.0,0.03
992.0,attacker[0],1,0.0,0.0,0.0,0.0,0.5,1.0,0.0,0.0,0.0,0.0
1324.0,ue[0],0,0.0,0.0,0.0,0.0,0.5,1.0,0.0,0.0,0.0,0.0
20.0,attacker[2],1,0.011,0.0143,0.038462,0.003,0.498583,0.063333,0.952381,0.0,0.666667,0.021
1115.0,ue[2],0,0.0,0.0,0.0,0.0,0.5,1.0,0.0,0.0,0.0,0.0
442.0,ue[2],0,0.0,0.0,0.0,0.0,0.5,1.0,0.0,0.0,0.0,0.02
1487.0,ue[4],0,0.0,0.0,0.0,0.0,0.5,1.0,0.0,0.0,0.0,0.0
660.0,ue[0],0,0.0,0.0,0.0,0.0,0.5,1.0,0.0,0.0,0.0,0.022
329.0,ue[3],0,0.0,0.0,0.0,0.0,0.5,1.0,0.0,0.0,0.0,0.018
377.0,ue[2],0,0.0,0.0,0.0,0.0,0.5,1.0,0.0,0.0,0.0,0.02
773.0,attacker[2],1,0.0,0.0,0.0,0.0,0.5,1.0,0.0,0.0,0.0,0.025
529.0,ue[3],0,0.0,0.0,0.0,0.0,0.5,1.0,0.0,0.0,0.0,0.018
1145.0,ue[2],0,0.0,0.0,0.0,0.0,0.5,1.0,0.0,0.0,0.0,0.0
512.0,attacker[1],1,0.0,0.0,0.0,0.0,0.5,1.0,0.0,0.0,0.0,0.029
701.0,ue[3],0,0.0,0.0,0.0,0.0,0.5,1.0,0.0,0.0,0.0,0.018
1294.0,ue[2],0,0.0,0.0,0.0,0.0,0.5,1.0,0.0,0.0,0.0,0.0
1360.0,ue[1],0,0.0,0.0,0.0,0.0,0.5,1.0,0.0,0.0,0.0,0.0
947.0,ue[3],0,0.0,0.0,0.0,0.0,0.5,1.0,0.0,0.0,0.0,0.0
1218.0,attacker[1],1,0.0,0.0,0.0,0.0,0.5,1.0,0.0,0.0,0.0,0.0
25.0,ue[1],0,0.011,0.0105,0.052381,0.002,0.502167,0.08,1.0,0.0,0.866667,0.017
1137.0,ue[0],0,0.0,0.0,0.0,0.0,0.5,1.0,0.0,0.0,0.0,0.0
719.0,attacker[2],1,0.0,0.0,0.0,0.0,0.5,1.0,0.0,0.0,0.0,0.03
232.0,attacker[0],1,0.018,0.0179,0.050279,0.001,0.49975,0.77,1.0,0.239003,1.0,0.027
201.0,ue[1],0,0.01,0.0099,0.050505,0.0,0.499833,0.666667,1.0,0.0,1.0,0.022
308.0,attacker[2],1,0.0,0.0,0.0,0.0,0.5,1.0,0.533333,0.0,0.0,0.03
1206.0,attacker[2],1,0.0,0.0,0.0,0.0,0.5,1.0,0.0,0.0,0.0,0.0
1428.0,ue[1],0,0.0,0.0,0.0,0.0,0.5,1.0,0.0,0.0,0.0,0.0
39.0,ue[2],0,0.01,0.0107,0.046729,0.001,0.499583,0.126667,1.0,0.0,1.0,0.018
427.0,ue[2],0,0.0,0.0,0.0,0.0,0.5,1.0,0.0,0.0,0.0,0.02
1025.0,attacker[2],1,0.0,0.0,0.0,0.0,0.5,1.0,0.0,0.0,0.0,0.0
395.0,attacker[2],1,0.0,0.0,0.0,0.0,0.5,1.0,0.0,0.0,0.0,0.03
1110.0,ue[4],0,0.0,0.0,0.0,0.0,0.5,1.0,0.0,0.0,0.0,0.0
1395.0,ue[0],0,0.0,0.0,0.0,0.0,0.5,1.0,0.0,0.0,0.0,0.0
577.0,ue[3],0,0.0,0.0,0.0,0.0,0.5,1.0,0.0,0.0,0.0,0.018
1360.0,attacker[1],1,0.0,0.0,0.0,0.0,0.5,1.0,0.0,0.0,0.0,0.0
1105.0,ue[0],0,0.0,0.0,0.0,0.0,0.5,1.0,0.0,0.0,0.0,0.0
156.0,attacker[2],1,0.019,0.0144,0.065972,0.009,0.500083,0.516667,1.0,0.34641,1.0,0.025
1111.0,attacker[2],1,0.0,0.0,0.0,0.0,0.5,1.0,0.0,0.0,0.0,0.0
215.0,attacker[2],1,0.019,0.0162,0.058642,0.003,0.499083,0.713333,1.0,0.375,1.0,0.025
327.0,attacker[1],1,0.0,0.0,0.0,0.0,0.5,1.0,0.0,0.0,0.0,0.029
387.0,attacker[1],1,0.0,0.0,0.0,0.0,0.5,1.0,0.0,0.0,0.0,0.029
652.0,ue[2],0,0.0,0.0,0.0,0.0,0.5,1.0,0.0,0.0,0.0,0.02
409.0,ue[2],0,0.0,0.0,0.0,0.0,0.5,1.0,0.0,0.0,0.0,0.02
576.0,attacker[1],1,0.0,0.0,0.0,0.0,0.5,1.0,0.0,0.0,0.0,0.029
263.0,attacker[1],1,0.018,0.016,0.05625,0.0,0.5025,0.873333,1.0,0.228819,1.0,0.029
1038.0,ue[1],0,0.0,0.0,0.0,0.0,0.5,1.0,0.0,0.0,0.0,0.0
1138.0,ue[2],0,0.0,0.0,0.0,0.0,0.5,1.0,0.0,0.0,0.0,0.0
1088.0,attacker[2],1,0.0,0.0,0.0,0.0,0.5,1.0,0.0,0.0,0.0,0.0
895.0,ue[0],0,0.0,0.0,0.0,0.0,0.5,1.0,0.0,0.0,0.0,0.0
481.0,ue[0],0,0.0,0.0,0.0,0.0,0.5,1.0,0.0,0.0,0.0,0.022
293.0,attacker[0],1,0.016,0.0198,0.040404,0.0,0.497667,0.973333,1.0,0.201619,1.0,0.03
1327.0,attacker[0],1,0.0,0.0,0.0,0.0,0.5,1.0,0.0,0.0,0.0,0.0
1302.0,ue[0],0,0.0,0.0,0.0,0.0,0.5,1.0,0.0,0.0,0.0,0.0
858.0,ue[1],0,0.0,0.0,0.0,0.0,0.5,1.0,0.0,0.0,0.0,0.0
740.0,attacker[0],1,0.0,0.0,0.0,0.0,0.5,1.0,0.0,0.0,0.0,0.03
310.0,ue[0],0,0.0,0.0,0.0,0.0,0.5,1.0,0.466667,0.0,0.0,0.022
894.0,attacker[2],1,0.0,0.0,0.0,0.0,0.5,1.0,0.0,0.0,0.0,0.0
1277.0,ue[3],0,0.0,0.0,0.0,0.0,0.5,1.0,0.0,0.0,0.0,0.0
948.0,ue[3],0,0.0,0.0,0.0,0.0,0.5,1.0,0.0,0.0,0.0,0.0
1143.0,ue[1],0,0.0,0.0,0.0,0.0,0.5,1.0,0.0,0.0,0.0,0.0
348.0,ue[3],0,0.0,0.0,0.0,0.0,0.5,1.0,0.0,0.0,0.0,0.018
512.0,ue[0],0,0.0,0.0,0.0,0.0,0.5,1.0,0.0,0.0,0.0,0.022
755.0,ue[4],0,0.0,0.0,0.0,0.0,0.5,1.0,0.0,0.0,0.0,0.018
1252.0,ue[0],0,0.0,0.0,0.0,0.0,0.5,1.0,0.0,0.0,0.0,0.0
97.0,ue[1],0,0.012,0.0104,0.057692,0.003,0.502083,0.32,1.0,0.02052,1.0,0.022
291.0,ue[0],0,0.01,0.01,0.05,0.005,0.497917,0.966667,1.0,0.0,1.0,0.022
1299.0,ue[2],0,0.0,0.0,0.0,0.0,0.5,1.0,0.0,0.0,0.0,0.0
987.0,attacker[2],1,0.0,0.0,0.0,0.0,0.5,1.0,0.0,0.0,0.0,0.0
53.0,attacker[2],1,0.008,0.0163,0.02454,0.007,0.497583,0.173333,1.0,0.0,1.0,0.025
103.0,attacker[1],1,0.019,0.017,0.055882,0.003,0.500583,0.34,1.0,0.254851,1.0,0.029
800.0,ue[4],0,0.0,0.0,0.0,0.0,0.5,1.0,0.0,0.0,0.0,0.0
1449.0,attacker[2],1,0.0,0.0,0.0,0.0,0.5,1.0,0.0,0.0,0.0,0.0
1212.0,attacker[2],1,0.0,0.0,0.0,0.0,0.5,1.0,0.0,0.0,0.0,0.0
4.0,attacker[1],1,0.022,0.0142,0.077465,0.01,0.502333,0.01,0.8,0.329009,0.133333,0.029
265.0,ue[0],0,0.014,0.0119,0.058824,0.001,0.50275,0.88,1.0,0.0,1.0,0.018
24.0,attacker[0],1,0.017,0.0156,0.054487,0.004,0.5005,0.076667,0.96,0.152554,0.8,0.023
939.0,ue[0],0,0.0,0.0,0.0,0.0,0.5,1.0,0.0,0.0,0.0,0.0
324.0,attacker[1],1,0.0,0.0,0.0,0.0,0.5,1.0,0.0,0.0,0.0,0.029
1143.0,ue[4],0,0.0,0.0,0.0,0.0,0.5,1.0,0.0,0.0,0.0,0.0
1102.0,ue[2],0,0.0,0.0,0.0,0.0,0.5,1.0,0.0,0.0,0.0,0.0
1310.0,attacker[0],1,0.0,0.0,0.0,0.0,0.5,1.0,0.0,0.0,0.0,0.0
985.0,ue[0],0,0.0,0.0,0.0,0.0,0.5,1.0,0.0,0.0,0.0,0.0
1165.0,ue[1],0,0.0,0.0,0.0,0.0,0.5,1.0,0.0,0.0,0.0,0.0
223.0,attacker[0],1,0.02,0.0167,0.05988,0.008,0.499333,0.74,1.0,0.314543,1.0,0.027
651.0,ue[3],0,0.0,0.0,0.0,0.0,0.5,1.0,0.0,0.0,0.0,0.018
1235.0,attacker[0],1,0.0,0.0,0.0,0.0,0.5,1.0,0.0,0.0,0.0,0.0
180.0,ue[3],0,0.008,0.0085,0.047059,0.004,0.498167,0.596667,1.0,0.0,1.0,0.017
775.0,ue[4],0,0.0,0.0,0.0,0.0,0.5,1.0,0.0,0.0,0.0,0.018
971.0,ue[3],0,0.0,0.0,0.0,0.0,0.5,1.0,0.0,0.0,0.0,0.0
625.0,ue[3],0,0.0,0.0,0.0,0.0,0.5,1.0,0.0,0.0,0.0,0.018
290.0,ue[3],0,0.003,0.0081,0.018519,0.004,0.497667,0.963333,1.0,0.0,1.0,0.018
395.0,attacker[0],1,0.0,0.0,0.0,0.0,0.5,1.0,0.0,0.0,0.0,0.03
1070.0,attacker[0],1,0.0,0.0,0.0,0.0,0.5,1.0,0.0,0.0,0.0,0.0
872.0,ue[0],0,0.0,0.0,0.0,0.0,0.5,1.0,0.0,0.0,0.0,0.0
860.0,ue[4],0,0.0,0.0,0.0,0.0,0.5,1.0,0.0,0.0,0.0,0.0
202.0,ue[4],0,0.011,0.0121,0.045455,0.005,0.50075,0.67,1.0,0.0,1.0,0.019
836.0,ue[4],0,0.0,0.0,0.0,0.0,0.5,1.0,0.0,0.0,0.0,0.0
1178.0,attacker[1],1,0.0,0.0,0.0,0.0,0.5,1.0,0.0,0.0,0.0,0.0
235.0,ue[3],0,0.006,0.009,0.033333,0.008,0.499833,0.78,1.0,0.0,1.0,0.018
960.0,ue[0],0,0.0,0.0,0.0,0.0,0.5,1.0,0.0,0.0,0.0,0.0
954.0,ue[0],0,0.0,0.0,0.0,0.0,0.5,1.0,0.0,0.0,0.0,0.0
1218.0,attacker[2],1,0.0,0.0,0.0,0.0,0.5,1.0,0.0,0.0,0.0,0.0
579.0,ue[0],0,0.0,0.0,0.0,0.0,0.5,1.0,0.0,0.0,0.0,0.022
864.0,ue[3],0,0.0,0.0,0.0,0.0,0.5,1.0,0.0,0.0,0.0,0.0
575.0,ue[3],0,0.0,0.0,0.0,0.0,0.5,1.0,0.0,0.0,0.0,0.018
6.0,ue[0],0,0.006,0.007857,0.038182,0.0,0.498833,0.016667,1.0,0.0,0.233333,0.011
791.0,ue[1],0,0.0,0.0,0.0,0.0,0.5,1.0,0.0,0.0,0.0,0.013
455.0,ue[4],0,0.0,0.0,0.0,0.0,0.5,1.0,0.0,0.0,0.0,0.019
1284.0,ue[0],0,0.0,0.0,0.0,0.0,0.5,1.0,0.0,0.0,0.0,0.0
188.0,ue[3],0,0.01,0.0076,0.065789,0.005,0.499583,0.623333,1.0,0.0,1.0,0.017
865.0,ue[1],0,0.0,0.0,0.0,0.0,0.5,1.0,0.0,0.0,0.0,0.0
1220.0,ue[2],0,0.0,0.0,0.0,0.0,0.5,1.0,0.0,0.0,0.0,0.0
1132.0,ue[3],0,0.0,0.0,0.0,0.0,0.5,1.0,0.0,0.0,0.0,0.0
467.0,ue[0],0,0.0,0.0,0.0,0.0,0.5,1.0,0.0,0.0,0.0,0.022
456.0,attacker[2],1,0.0,0.0,0.0,0.0,0.5,1.0,0.0,0.0,0.0,0.03
1452.0,ue[3],0,0.0,0.0,0.0,0.0,0.5,1.0,0.0,0.0,0.0,0.0
164.0,ue[2],0,0.01,0.0097,0.051546,0.001,0.499583,0.543333,1.0,0.0,1.0,0.018
72.0,ue[0],0,0.008,0.0078,0.051282,0.005,0.49875,0.236667,1.0,0.0,1.0,0.018
1399.0,ue[3],0,0.0,0.0,0.0,0.0,0.5,1.0,0.0,0.0,0.0,0.0
1477.0,attacker[1],1,0.0,0.0,0.0,0.0,0.5,1.0,0.0,0.0,0.0,0.0
1456.0,ue[4],0,0.0,0.0,0.0,0.0,0.5,1.0,0.0,0.0,0.0,0.0
107.0,attacker[2],1,0.015,0.0148,0.050676,0.002,0.5005,0.353333,1.0,0.131122,1.0,0.025
854.0,ue[2],0,0.0,0.0,0.0,0.0,0.5,1.0,0.0,0.0,0.0,0.0
1219.0,ue[4],0,0.0,0.0,0.0,0.0,0.5,1.0,0.0,0.0,0.0,0.0
1000.0,ue[1],0,0.0,0.0,0.0,0.0,0.5,1.0,0.0,0.0,0.0,0.0
486.0,ue[3],0,0.0,0.0,0.0,0.0,0.5,1.0,0.0,0.0,0.0,0.018
897.0,ue[0],0,0.0,0.0,0.0,0.0,0.5,1.0,0.0,0.0,0.0,0.0
236.0,ue[3],0,0.013,0.0096,0.067708,0.007,0.49875,0.783333,1.0,0.0,1.0,0.018
1307.0,attacker[2],1,0.0,0.0,0.0,0.0,0.5,1.0,0.0,0.0,0.0,0.0
863.0,ue[0],0,0.0,0.0,0.0,0.0,0.5,1.0,0.0,0.0,0.0,0.0
1477.0,ue[0],0,0.0,0.0,0.0,0.0,0.5,1.0,0.0,0.0,0.0,0.0
873.0,ue[2],0,0.0,0.0,0.0,0.0,0.5,1.0,0.0,0.0,0.0,0.0
1279.0,ue[4],0,0.0,0.0,0.0,0.0,0.5,1.0,0.0,0.0,0.0,0.0
1309.0,attacker[1],1,0.0,0.0,0.0,0.0,0.5,1.0,0.0,0.0,0.0,0.0
1135.0,ue[2],0,0.0,0.0,0.0,0.0,0.5,1.0,0.0,0.0,0.0,0.0
166.0,ue[1],0,0.011,0.0094,0.058511,0.003,0.499417,0.55,1.0,0.0,1.0,0.022
731.0,ue[2],0,0.0,0.0,0.0,0.0,0.5,1.0,0.0,0.0,0.0,0.02
232.0,ue[2],0,0.01,0.0099,0.050505,0.0,0.499667,0.77,1.0,0.0,1.0,0.018
37.0,attacker[2],1,0.017,0.0168,0.050595,0.001,0.49925,0.12,1.0,0.150515,1.0,0.024
1333.0,ue[2],0,0.0,0.0,0.0,0.0,0.5,1.0,0.0,0.0,0.0,0.0
1262.0,ue[2],0,0.0,0.0,0.0,0.0,0.5,1.0,0.0,0.0,0.0,0.0
268.0,attacker[2],1,0.013,0.0163,0.039877,0.009,0.501583,0.89,1.0,0.0,1.0,0.03
1354.0,attacker[2],1,0.0,0.0,0.0,0.0,0.5,1.0,0.0,0.0,0.0,0.0
1029.0,ue[1],0,0.0,0.0,0.0,0.0,0.5,1.0,0.0,0.0,0.0,0.0
250.0,attacker[1],1,0.014,0.0152,0.046053,0.001,0.498583,0.83,1.0,0.08129,1.0,0.029
758.0,ue[4],0,0.0,0.0,0.0,0.0,0.5,1.0,0.0,0.0,0.0,0.018
138.0,attacker[2],1,0.014,0.0171,0.040936,0.0,0.498,0.456667,1.0,0.135801,1.0,0.025
1233.0,ue[2],0,0.0,0.0,0.0,0.0,0.5,1.0,0.0,0.0,0.0,0.0
200.0,attacker[1],1,0.017,0.0168,0.050595,0.005,0.498083,0.663333,1.0,0.37269,1.0,0.029
1100.0,ue[3],0,0.0,0.0,0.0,0.0,0.5,1.0,0.0,0.0,0.0,0.0
7.0,attacker[0],1,0.005,0.01275,0.019608,0.015,0.498083,0.02,0.875,0.0,0.233333,0.02
281.0,attacker[1],1,0.016,0.0156,0.051282,0.001,0.502083,0.933333,1.0,0.060629,1.0,0.029
456.0,ue[1],0,0.0,0.0,0.0,0.0,0.5,1.0,0.0,0.0,0.0,0.022
1186.0,ue[0],0,0.0,0.0,0.0,0.0,0.5,1.0,0.0,0.0,0.0,0.0
223.0,ue[2],0,0.007,0.0087,0.04023,0.003,0.498917,0.74,1.0,0.0,1.0,0.018
915.0,ue[0],0,0.0,0.0,0.0,0.0,0.5,1.0,0.0,0.0,0.0,0.0
1177.0,ue[2],0,0.0,0.0,0.0,0.0,0.5,1.0,0.0,0.0,0.0,0.0
688.0,ue[4],0,0.0,0.0,0.0,0.0,0.5,1.0,0.0,0.0,0.0,0.018
87.0,ue[1],0,0.01,0.0103,0.048544,0.001,0.50125,0.286667,1.0,0.0,1.0,0.022
1044.0,ue[4],0,0.0,0.0,0.0,0.0,0.5,1.0,0.0,0.0,0.0,0.0
373.0,ue[0],0,0.0,0.0,0.0,0.0,0.5,1.0,0.0,0.0,0.0,0.022
1162.0,ue[4],0,0.0,0.0,0.0,0.0,0.5,1.0,0.0,0.0,0.0,0.0
1444.0,ue[3],0,0.0,0.0,0.0,0.0,0.5,1.0,0.0,0.0,0.0,0.0
739.0,ue[4],0,0.0,0.0,0.0,0.0,0.5,1.0,0.0,0.0,0.0,0.018
850.0,attacker[0],1,0.0,0.0,0.0,0.0,0.5,1.0,0.0,0.0,0.0,0.0
162.0,ue[3],0,0.011,0.0104,0.052885,0.006,0.498,0.536667,1.0,0.0,1.0,0.017
322.0,ue[1],0,0.0,0.0,0.0,0.0,0.5,1.0,0.066667,0.0,0.0,0.022
1046.0,attacker[2],1,0.0,0.0,0.0,0.0,0.5,1.0,0.0,0.0,0.0,0.0
205.0,ue[3],0,0.013,0.0097,0.06701,0.006,0.499167,0.68,1.0,0.048827,1.0,0.017
982.0,ue[2],0,0.0,0.0,0.0,0.0,0.5,1.0,0.0,0.0,0.0,0.0
800.0,ue[0],0,0.0,0.0,0.0,0.0,0.5,1.0,0.0,0.0,0.0,0.0
1125.0,attacker[2],1,0.0,0.0,0.0,0.0,0.5,1.0,0.0,0.0,0.0,0.0
1497.0,ue[3],0,0.0,0.0,0.0,0.0,0.5,1.0,0.0,0.0,0.0,0.0
538.0,attacker[1],1,0.0,0.0,0.0,0.0,0.5,1.0,0.0,0.0,0.0,0.029
1199.0,ue[0],0,0.0,0.0,0.0,0.0,0.5,1.0,0.0,0.0,0.0,0.0
129.0,ue[4],0,0.013,0.0106,0.061321,0.004,0.499333,0.426667,1.0,0.048868,1.0,0.019
401.0,ue[1],0,0.0,0.0,0.0,0.0,0.5,1.0,0.0,0.0,0.0,0.022
1232.0,attacker[1],1,0.0,0.0,0.0,0.0,0.5,1.0,0.0,0.0,0.0,0.0
1437.0,attacker[2],1,0.0,0.0,0.0,0.0,0.5,1.0,0.0,0.0,0.0,0.0
563.0,ue[3],0,0.0,0.0,0.0,0.0,0.5,1.0,0.0,0.0,0.0,0.018
1441.0,ue[1],0,0.0,0.0,0.0,0.0,0.5,1.0,0.0,0.0,0.0,0.0
269.0,ue[1],0,0.007,0.0088,0.039773,0.002,0.4995,0.893333,1.0,0.0,1.0,0.022
1020.0,attacker[0],1,0.0,0.0,0.0,0.0,0.5,1.0,0.0,0.0,0.0,0.0
1293.0,ue[2],0,0.0,0.0,0.0,0.0,0.5,1.0,0.0,0.0,0.0,0.0
1099.0,attacker[1],1,0.0,0.0,0.0,0.0,0.5,1.0,0.0,0.0,0.0,0.0
1457.0,ue[2],0,0.0,0.0,0.0,0.0,0.5,1.0,0.0,0.0,0.0,0.0
1276.0,attacker[2],1,0.0,0.0,0.0,0.0,0.5,1.0,0.0,0.0,0.0,0.0
725.0,ue[4],0,0.0,0.0,0.0,0.0,0.5,1.0,0.0,0.0,0.0,0.018
748.0,ue[2],0,0.0,0.0,0.0,0.0,0.5,1.0,0.0,0.0,0.0,0.014
1185.0,ue[2],0,0.0,0.0,0.0,0.0,0.5,1.0,0.0,0.0,0.0,0.0
1156.0,ue[1],0,0.0,0.0,0.0,0.0,0.5,1.0,0.0,0.0,0.0,0.0
1050.0,attacker[0],1,0.0,0.0,0.0,0.0,0.5,1.0,0.0,0.0,0.0,0.0
1270.0,ue[0],0,0.0,0.0,0.0,0.0,0.5,1.0,0.0,0.0,0.0,0.0
1466.0,attacker[2],1,0.0,0.0,0.0,0.0,0.5,1.0,0.0,0.0,0.0,0.0
217.0,attacker[2],1,0.016,0.017,0.047059,0.002,0.498833,0.72,1.0,0.139575,1.0,0.025
1003.0,attacker[0],1,0.0,0.0,0.0,0.0,0.5,1.0,0.0,0.0,0.0,0.0
359.0,ue[0],0,0.0,0.0,0.0,0.0,0.5,1.0,0.0,0.0,0.0,0.022
554.0,attacker[2],1,0.0,0.0,0.0,0.0,0.5,1.0,0.0,0.0,0.0,0.03
165.0,attacker[2],1,0.017,0.0151,0.056291,0.0,0.501,0.546667,1.0,0.110948,1.0,0.025
1139.0,attacker[0],1,0.0,0.0,0.0,0.0,0.5,1.0,0.0,0.0,0.0,0.0
685.0,attacker[1],1,0.0,0.0,0.0,0.0,0.5,1.0,0.0,0.0,0.0,0.025
1306.0,ue[1],0,0.0,0.0,0.0,0.0,0.5,1.0,0.0,0.0,0.0,0.0
415.0,ue[2],0,0.0,0.0,0.0,0.0,0.5,1.0,0.0,0.0,0.0,0.02
1448.0,ue[2],0,0.0,0.0,0.0,0.0,0.5,1.0,0.0,0.0,0.0,0.0
897.0,ue[2],0,0.0,0.0,0.0,0.0,0.5,1.0,0.0,0.0,0.0,0.0
169.0,attacker[2],1,0.017,0.0152,0.055921,0.008,0.497667,0.56,1.0,0.288231,1.0,0.025
1108.0,ue[2],0,0.0,0.0,0.0,0.0,0.5,1.0,0.0,0.0,0.0,0.0
541.0,ue[4],0,0.0,0.0,0.0,0.0,0.5,1.0,0.0,0.0,0.0,0.019
715.0,attacker[1],1,0.0,0.0,0.0,0.0,0.5,1.0,0.0,0.0,0.0,0.025
594.0,attacker[2],1,0.0,0.0,0.0,0.0,0.5,1.0,0.0,0.0,0.0,0.03
870.0,ue[1],0,0.0,0.0,0.0,0.0,0.5,1.0,0.0,0.0,0.0,0.0
1058.0,ue[4],0,0.0,0.0,0.0,0.0,0.5,1.0,0.0,0.0,0.0,0.0
142.0,attacker[1],1,0.02,0.0195,0.051282,0.002,0.498,0.47,1.0,0.27943,1.0,0.029
615.0,ue[4],0,0.0,0.0,0.0,0.0,0.5,1.0,0.0,0.0,0.0,0.018
534.0,ue[0],0,0.0,0.0,0.0,0.0,0.5,1.0,0.0,0.0,0.0,0.022
1112.0,attacker[0],1,0.0,0.0,0.0,0.0,0.5,1.0,0.0,0.0,0.0,0.0
1416.0,attacker[0],1,0.0,0.0,0.0,0.0,0.5,1.0,0.0,0.0,0.0,0.0
787.0,attacker[2],1,0.0,0.0,0.0,0.0,0.5,1.0,0.0,0.0,0.0,0.02
1122.0,ue[4],0,0.0,0.0,0.0,0.0,0.5,1.0,0.0,0.0,0.0,0.0
1417.0,ue[0],0,0.0,0.0,0.0,0.0,0.5,1.0,0.0,0.0,0.0,0.0
61.0,attacker[1],1,0.013,0.0165,0.039394,0.01,0.500667,0.2,1.0,0.04092,1.0,0.029
448.0,ue[0],0,0.0,0.0,0.0,0.0,0.5,1.0,0.0,0.0,0.0,0.022
911.0,ue[2],0,0.0,0.0,0.0,0.0,0.5,1.0,0.0,0.0,0.0,0.0
1039.0,ue[4],0,0.0,0.0,0.0,0.0,0.5,1.0,0.0,0.0,0.0,0.0
168.0,ue[4],0,0.007,0.0105,0.033333,0.006,0.499333,0.556667,1.0,0.0,1.0,0.019
899.0,ue[4],0,0.0,0.0,0.0,0.0,0.5,1.0,0.0,0.0,0.0,0.0
921.0,ue[4],0,0.0,0.0,0.0,0.0,0.5,1.0,0.0,0.0,0.0,0.0
151.0,ue[2],0,0.011,0.0105,0.052381,0.003,0.49825,0.5,1.0,0.021442,1.0,0.018
894.0,ue[2],0,0.0,0.0,0.0,0.0,0.5,1.0,0.0,0.0,0.0,0.0
146.0,attacker[0],1,0.014,0.0156,0.044872,0.005,0.499417,0.483333,1.0,0.16863,1.0,0.027
1177.0,ue[0],0,0.0,0.0,0.0,0.0,0.5,1.0,0.0,0.0,0.0,0.0
295.0,ue[3],0,0.0,0.0082,0.0,0.008,0.496167,0.98,0.966667,0.0,0.0,0.018
1043.0,ue[3],0,0.0,0.0,0.0,0.0,0.5,1.0,0.0,0.0,0.0,0.0
1208.0,ue[2],0,0.0,0.0,0.0,0.0,0.5,1.0,0.0,0.0,0.0,0.0
1345.0,attacker[2],1,0.0,0.0,0.0,0.0,0.5,1.0,0.0,0.0,0.0,0.0
941.0,attacker[2],1,0.0,0.0,0.0,0.0,0.5,1.0,0.0,0.0,0.0,0.0
1150.0,attacker[0],1,0.0,0.0,0.0,0.0,0.5,1.0,0.0,0.0,0.0,0.0
209.0,ue[2],0,0.013,0.012,0.054167,0.005,0.49925,0.693333,1.0,0.019707,1.0,0.018
32.0,ue[4],0,0.01,0.0109,0.045872,0.001,0.49875,0.103333,1.0,0.0,1.0,0.019
1295.0,ue[1],0,0.0,0.0,0.0,0.0,0.5,1.0,0.0,0.0,0.0,0.0
539.0,ue[1],0,0.0,0.0,0.0,0.0,0.5,1.0,0.0,0.0,0.0,0.022
435.0,ue[0],0,0.0,0.0,0.0,0.0,0.5,1.0,0.0,0.0,0.0,0.022
1455.0,ue[1],0,0.0,0.0,0.0,0.0,0.5,1.0,0.0,0.0,0.0,0.0
1142.0,ue[3],0,0.0,0.0,0.0,0.0,0.5,1.0,0.0,0.0,0.0,0.0
741.0,attacker[0],1,0.0,0.0,0.0,0.0,0.5,1.0,0.0,0.0,0.0,0.03
502.0,ue[0],0,0.0,0.0,0.0,0.0,0.5,1.0,0.0,0.0,0.0,0.022
345.0,attacker[1],1,0.0,0.0,0.0,0.0,0.5,1.0,0.0,0.0,0.0,0.029
865.0,attacker[1],1,0.0,0.0,0.0,0.0,0.5,1.0,0.0,0.0,0.0,0.0
1034.0,ue[0],0,0.0,0.0,0.0,0.0,0.5,1.0,0.0,0.0,0.0,0.0
660.0,attacker[2],1,0.0,0.0,0.0,0.0,0.5,1.0,0.0,0.0,0.0,0.03
172.0,ue[3],0,0.007,0.0091,0.038462,0.001,0.498917,0.57,1.0,0.0,1.0,0.017
883.0,ue[4],0,0.0,0.0,0.0,0.0,0.5,1.0,0.0,0.0,0.0,0.0
521.0,ue[3],0,0.0,0.0,0.0,0.0,0.5,1.0,0.0,0.0,0.0,0.018
1428.0,attacker[0],1,0.0,0.0,0.0,0.0,0.5,1.0,0.0,0.0,0.0,0.0
751.0,ue[0],0,0.0,0.0,0.0,0.0,0.5,1.0,0.0,0.0,0.0,0.022
242.0,ue[2],0,0.015,0.0125,0.06,0.004,0.501333,0.803333,1.0,0.212242,1.0,0.02
607.0,ue[4],0,0.0,0.0,0.0,0.0,0.5,1.0,0.0,0.0,0.0,0.018
892.0,attacker[1],1,0.0,0.0,0.0,0.0,0.5,1.0,0.0,0.0,0.0,0.0
1064.0,ue[4],0,0.0,0.0,0.0,0.0,0.5,1.0,0.0,0.0,0.0,0.0
388.0,ue[4],0,0.0,0.0,0.0,0.0,0.5,1.0,0.0,0.0,0.0,0.019
838.0,attacker[0],1,0.0,0.0,0.0,0.0,0.5,1.0,0.0,0.0,0.0,0.0
732.0,ue[0],0,0.0,0.0,0.0,0.0,0.5,1.0,0.0,0.0,0.0,0.022
1170.0,ue[1],0,0.0,0.0,0.0,0.0,0.5,1.0,0.0,0.0,0.0,0.0
1492.0,attacker[0],1,0.0,0.0,0.0,0.0,0.5,1.0,0.0,0.0,0.0,0.0
111.0,attacker[1],1,0.009,0.0162,0.027778,0.008,0.496333,0.366667,1.0,0.0,1.0,0.029
955.0,ue[2],0,0.0,0.0,0.0,0.0,0.5,1.0,0.0,0.0,0.0,0.0
110.0,attacker[2],1,0.021,0.0156,0.067308,0.003,0.50175,0.363333,1.0,0.369324,1.0,0.025
1499.0,ue[1],0,0.0,0.0,0.0,0.0,0.5,1.0,0.0,0.0,0.0,0.0
1190.0,attacker[1],1,0.0,0.0,0.0,0.0,0.5,1.0,0.0,0.0,0.0,0.0
476.0,ue[0],0,0.0,0.0,0.0,0.0,0.5,1.0,0.0,0.0,0.0,0.022
1181.0,ue[3],0,0.0,0.0,0.0,0.0,0.5,1.0,0.0,0.0,0.0,0.0
163.0,ue[2],0,0.011,0.0092,0.059783,0.001,0.499583,0.54,1.0,0.0,1.0,0.018
1120.0,attacker[2],1,0.0,0.0,0.0,0.0,0.5,1.0,0.0,0.0,0.0,0.0
241.0,ue[3],0,0.01,0.0104,0.048077,0.003,0.501417,0.8,1.0,0.0,1.0,0.018
544.0,ue[0],0,0.0,0.0,0.0,0.0,0.5,1.0,0.0,0.0,0.0,0.022
794.0,ue[3],0,0.0,0.0,0.0,0.0,0.5,1.0,0.0,0.0,0.0,0.008
1472.0,attacker[2],1,0.0,0.0,0.0,0.0,0.5,1.0,0.0,0.0,0.0,0.0
1402.0,ue[3],0,0.0,0.0,0.0,0.0,0.5,1.0,0.0,0.0,0.0,0.0
1249.0,ue[3],0,0.0,0.0,0.0,0.0,0.5,1.0,0.0,0.0,0.0,0.0
92.0,attacker[0],1,0.014,0.0147,0.047619,0.001,0.498417,0.303333,1.0,0.032444,1.0,0.027
446.0,ue[4],0,0.0,0.0,0.0,0.0,0.5,1.0,0.0,0.0,0.0,0.019
222.0,ue[3],0,0.006,0.0098,0.030612,0.004,0.499,0.736667,1.0,0.0,1.0,0.017
177.0,attacker[2],1,0.017,0.0151,0.056291,0.004,0.501,0.586667,1.0,0.174289,1.0,0.025
1241.0,ue[4],0,0.0,0.0,0.0,0.0,0.5,1.0,0.0,0.0,0.0,0.0
294.0,ue[1],0,0.012,0.0093,0.064516,0.0,0.501667,0.976667,1.0,0.0,1.0,0.022
670.0,ue[2],0,0.0,0.0,0.0,0.0,0.5,1.0,0.0,0.0,0.0,0.02
561.0,attacker[2],1,0.0,0.0,0.0,0.0,0.5,1.0,0.0,0.0,0.0,0.03
768.0,attacker[0],1,0.0,0.0,0.0,0.0,0.5,1.0,0.0,0.0,0.0,0.03
1028.0,ue[0],0,0.0,0.0,0.0,0.0,0.5,1.0,0.0,0.0,0.0,0.0
1128.0,ue[1],0,0.0,0.0,0.0,0.0,0.5,1.0,0.0,0.0,0.0,0.0
453.0,ue[0],0,0.0,0.0,0.0,0.0,0.5,1.0,0.0,0.0,0.0,0.022
1030.0,ue[3],0,0.0,0.0,0.0,0.0,0.5,1.0,0.0,0.0,0.0,0.0
131.0,ue[4],0,0.008,0.0111,0.036036,0.006,0.501,0.433333,1.0,0.0,1.0,0.019
893.0,attacker[0],1,0.0,0.0,0.0,0.0,0.5,1.0,0.0,0.0,0.0,0.0
161.0,ue[1],0,0.011,0.0101,0.054455,0.006,0.4995,0.533333,1.0,0.0,1.0,0.022
482.0,attacker[2],1,0.0,0.0,0.0,0.0,0.5,1.0,0.0,0.0,0.0,0.03
222.0,attacker[1],1,0.02,0.0151,0.066225,0.003,0.503583,0.736667,1.0,0.397253,1.0,0.029
418.0,ue[2],0,0.0,0.0,0.0,0.0,0.5,1.0,0.0,0.0,0.0,0.02
225.0,attacker[2],1,0.022,0.0176,0.0625,0.004,0.502,0.746667,1.0,0.382857,1.0,0.025
344.0,ue[2],0,0.0,0.0,0.0,0.0,0.5,1.0,0.0,0.0,0.0,0.02
74.0,attacker[1],1,0.021,0.0176,0.059659,0.001,0.500917,0.243333,1.0,0.1827,1.0,0.029
14.0,attacker[1],1,0.019,0.0182,0.052198,0.005,0.49925,0.043333,0.933333,0.367405,0.466667,0.029
103.0,attacker[2],1,0.015,0.0156,0.048077,0.004,0.498833,0.34,1.0,0.106574,1.0,0.025
497.0,attacker[1],1,0.0,0.0,0.0,0.0,0.5,1.0,0.0,0.0,0.0,0.029
75.0,attacker[0],1,0.022,0.0196,0.056122,0.002,0.503,0.246667,1.0,0.425,1.0,0.027
215.0,ue[4],0,0.011,0.0095,0.057895,0.004,0.498333,0.713333,1.0,0.0,1.0,0.019
1411.0,ue[4],0,0.0,0.0,0.0,0.0,0.5,1.0,0.0,0.0,0.0,0.0
343.0,attacker[2],1,0.0,0.0,0.0,0.0,0.5,1.0,0.0,0.0,0.0,0.03
1141.0,ue[1],0,0.0,0.0,0.0,0.0,0.5,1.0,0.0,0.0,0.0,0.0
1370.0,attacker[0],1,0.0,0.0,0.0,0.0,0.5,1.0,0.0,0.0,0.0,0.0
1438.0,ue[1],0,0.0,0.0,0.0,0.0,0.5,1.0,0.0,0.0,0.0,0.0
708.0,attacker[1],1,0.0,0.0,0.0,0.0,0.5,1.0,0.0,0.0,0.0,0.025
1064.0,attacker[2],1,0.0,0.0,0.0,0.0,0.5,1.0,0.0,0.0,0.0,0.0
787.0,ue[3],0,0.0,0.0,0.0,0.0,0.5,1.0,0.0,0.0,0.0,0.014
219.0,attacker[1],1,0.011,0.0144,0.038194,0.002,0.496833,0.726667,1.0,0.0,1.0,0.029
201.0,ue[0],0,0.007,0.0107,0.03271,0.002,0.4995,0.666667,1.0,0.0,1.0,0.018
364.0,ue[3],0,0.0,0.0,0.0,0.0,0.5,1.0,0.0,0.0,0.0,0.018
929.0,attacker[0],1,0.0,0.0,0.0,0.0,0.5,1.0,0.0,0.0,0.0,0.0
1363.0,ue[3],0,0.0,0.0,0.0,0.0,0.5,1.0,0.0,0.0,0.0,0.0
1456.0,attacker[2],1,0.0,0.0,0.0,0.0,0.5,1.0,0.0,0.0,0.0,0.0
372.0,attacker[0],1,0.0,0.0,0.0,0.0,0.5,1.0,0.0,0.0,0.0,0.03
305.0,ue[2],0,0.0,0.0,0.0,0.0,0.5,1.0,0.633333,0.0,0.0,0.02
196.0,attacker[1],1,0.017,0.0181,0.046961,0.007,0.502917,0.65,1.0,0.276444,1.0,0.029
1343.0,ue[1],0,0.0,0.0,0.0,0.0,0.5,1.0,0.0,0.0,0.0,0.0
777.0,attacker[1],1,0.0,0.0,0.0,0.0,0.5,1.0,0.0,0.0,0.0,0.025
941.0,ue[3],0,0.0,0.0,0.0,0.0,0.5,1.0,0.0,0.0,0.0,0.0
258.0,attacker[0],1,0.014,0.0154,0.045455,0.001,0.499417,0.856667,1.0,0.0762,1.0,0.027
1296.0,attacker[1],1,0.0,0.0,0.0,0.0,0.5,1.0,0.0,0.0,0.0,0.0
1414.0,ue[2],0,0.0,0.0,0.0,0.0,0.5,1.0,0.0,0.0,0.0,0.0
1278.0,ue[2],0,0.0,0.0,0.0,0.0,0.5,1.0,0.0,0.0,0.0,0.0
1378.0,ue[3],0,0.0,0.0,0.0,0.0,0.5,1.0,0.0,0.0,0.0,0.0
599.0,ue[2],0,0.0,0.0,0.0,0.0,0.5,1.0,0.0,0.0,0.0,0.02
638.0,ue[2],0,0.0,0.0,0.0,0.0,0.5,1.0,0.0,0.0,0.0,0.02
414.0,attacker[2],1,0.0,0.0,0.0,0.0,0.5,1.0,0.0,0.0,0.0,0.03
1087.0,ue[0],0,0.0,0.0,0.0,0.0,0.5,1.0,0.0,0.0,0.0,0.0
1357.0,attacker[2],1,0.0,0.0,0.0,0.0,0.5,1.0,0.0,0.0,0.0,0.0
854.0,attacker[1],1,0.0,0.0,0.0,0.0,0.5,1.0,0.0,0.0,0.0,0.0
1495.0,ue[3],0,0.0,0.0,0.0,0.0,0.5,1.0,0.0,0.0,0.0,0.0
527.0,ue[1],0,0.0,0.0,0.0,0.0,0.5,1.0,0.0,0.0,0.0,0.022
535.0,ue[1],0,0.0,0.0,0.0,0.0,0.5,1.0,0.0,0.0,0.0,0.022
38.0,ue[3],0,0.015,0.011,0.068182,0.01,0.499333,0.123333,1.0,0.09103,1.0,0.015
848.0,ue[1],0,0.0,0.0,0.0,0.0,0.5,1.0,0.0,0.0,0.0,0.0
1325.0,attacker[0],1,0.0,0.0,0.0,0.0,0.5,1.0,0.0,0.0,0.0,0.0
196.0,ue[1],0,0.014,0.0097,0.072165,0.006,0.501167,0.65,1.0,0.062423,1.0,0.022
983.0,ue[4],0,0.0,0.0,0.0,0.0,0.5,1.0,0.0,0.0,0.0,0.0
1141.0,ue[0],0,0.0,0.0,0.0,0.0,0.5,1.0,0.0,0.0,0.0,0.0
634.0,ue[1],0,0.0,0.0,0.0,0.0,0.5,1.0,0.0,0.0,0.0,0.02
54.0,ue[2],0,0.009,0.0088,0.051136,0.004,0.498167,0.176667,1.0,0.0,1.0,0.018
592.0,attacker[1],1,0.0,0.0,0.0,0.0,0.5,1.0,0.0,0.0,0.0,0.029
1012.0,ue[0],0,0.0,0.0,0.0,0.0,0.5,1.0,0.0,0.0,0.0,0.0
478.0,ue[3],0,0.0,0.0,0.0,0.0,0.5,1.0,0.0,0.0,0.0,0.018
79.0,ue[2],0,0.012,0.0103,0.058252,0.002,0.499333,0.26,1.0,0.0,1.0,0.018
949.0,ue[3],0,0.0,0.0,0.0,0.0,0.5,1.0,0.0,0.0,0.0,0.0
778.0,ue[2],0,0.0,0.0,0.0,0.0,0.5,1.0,0.0,0.0,0.0,0.013
1165.0,ue[0],0,0.0,0.0,0.0,0.0,0.5,1.0,0.0,0.0,0.0,0.0
68.0,attacker[1],1,0.013,0.0174,0.037356,0.003,0.498583,0.223333,1.0,0.027719,1.0,0.029
393.0,attacker[0],1,0.0,0.0,0.0,0.0,0.5,1.0,0.0,0.0,0.0,0.03
515.0,ue[4],0,0.0,0.0,0.0,0.0,0.5,1.0,0.0,0.0,0.0,0.019
210.0,ue[3],0,0.009,0.01,0.045,0.001,0.499583,0.696667,1.0,0.0,1.0,0.017
109.0,ue[1],0,0.013,0.0094,0.069149,0.006,0.500167,0.36,1.0,0.0,1.0,0.022
981.0,attacker[1],1,0.0,0.0,0.0,0.0,0.5,1.0,0.0,0.0,0.0,0.0
261.0,ue[1],0,0.008,0.009,0.044444,0.002,0.499,0.866667,1.0,0.0,1.0,0.022
48.0,ue[1],0,0.022,0.0103,0.106796,0.009,0.50425,0.156667,1.0,0.296811,1.0,0.022
196.0,attacker[2],1,0.017,0.0146,0.058219,0.001,0.50125,0.65,1.0,0.276444,1.0,0.025
1013.0,attacker[0],1,0.0,0.0,0.0,0.0,0.5,1.0,0.0,0.0,0.0,0.0
613.0,ue[4],0,0.0,0.0,0.0,0.0,0.5,1.0,0.0,0.0,0.0,0.018
976.0,ue[2],0,0.0,0.0,0.0,0.0,0.5,1.0,0.0,0.0,0.0,0.0
426.0,ue[4],0,0.0,0.0,0.0,0.0,0.5,1.0,0.0,0.0,0.0,0.019
559.0,ue[4],0,0.0,0.0,0.0,0.0,0.5,1.0,0.0,0.0,0.0,0.019
96.0,attacker[1],1,0.016,0.0178,0.044944,0.008,0.502,0.316667,1.0,0.196627,1.0,0.029
1342.0,ue[3],0,0.0,0.0,0.0,0.0,0.5,1.0,0.0,0.0,0.0,0.0
1483.0,attacker[0],1,0.0,0.0,0.0,0.0,0.5,1.0,0.0,0.0,0.0,0.0
3.0,ue[1],0,0.008,0.008,0.05,0.002,0.5,0.006667,1.0,0.0,0.133333,0.01
1413.0,attacker[2],1,0.0,0.0,0.0,0.0,0.5,1.0,0.0,0.0,0.0,0.0
1333.0,ue[1],0,0.0,0.0,0.0,0.0,0.5,1.0,0.0,0.0,0.0,0.0
254.0,ue[1],0,0.01,0.0094,0.053191,0.001,0.50025,0.843333,1.0,0.0,1.0,0.022
407.0,ue[2],0,0.0,0.0,0.0,0.0,0.5,1.0,0.0,0.0,0.0,0.02
1007.0,attacker[2],1,0.0,0.0,0.0,0.0,0.5,1.0,0.0,0.0,0.0,0.0
306.0,attacker[2],1,0.0,0.0,0.0,0.0,0.5,1.0,0.6,0.0,0.0,0.03
392.0,ue[2],0,0.0,0.0,0.0,0.0,0.5,1.0,0.0,0.0,0.0,0.02
1125.0,ue[3],0,0.0,0.0,0.0,0.0,0.5,1.0,0.0,0.0,0.0,0.0
1054.0,attacker[0],1,0.0,0.0,0.0,0.0,0.5,1.0,0.0,0.0,0.0,0.0
490.0,attacker[2],1,0.0,0.0,0.0,0.0,0.5,1.0,0.0,0.0,0.0,0.03
788.0,attacker[2],1,0.0,0.0,0.0,0.0,0.5,1.0,0.0,0.0,0.0,0.02
440.0,ue[0],0,0.0,0.0,0.0,0.0,0.5,1.0,0.0,0.0,0.0,0.022
1100.0,attacker[1],1,0.0,0.0,0.0,0.0,0.5,1.0,0.0,0.0,0.0,0.0
791.0,ue[0],0,0.0,0.0,0.0,0.0,0.5,1.0,0.0,0.0,0.0,0.013
494.0,attacker[2],1,0.0,0.0,0.0,0.0,0.5,1.0,0.0,0.0,0.0,0.03
219.0,ue[4],0,0.01,0.0105,0.047619,0.0,0.499833,0.726667,1.0,0.0,1.0,0.019
290.0,ue[1],0,0.005,0.0091,0.027473,0.001,0.497917,0.963333,1.0,0.0,1.0,0.022
250.0,attacker[0],1,0.015,0.0162,0.046296,0.008,0.496333,0.83,1.0,0.131314,1.0,0.027
1142.0,ue[4],0,0.0,0.0,0.0,0.0,0.5,1.0,0.0,0.0,0.0,0.0
965.0,ue[4],0,0.0,0.0,0.0,0.0,0.5,1.0,0.0,0.0,0.0,0.0
442.0,ue[3],0,0.0,0.0,0.0,0.0,0.5,1.0,0.0,0.0,0.0,0.018
844.0,attacker[2],1,0.0,0.0,0.0,0.0,0.5,1.0,0.0,0.0,0.0,0.0
534.0,attacker[0],1,0.0,0.0,0.0,0.0,0.5,1.0,0.0,0.0,0.0,0.03
1193.0,ue[2],0,0.0,0.0,0.0,0.0,0.5,1.0,0.0,0.0,0.0,0.0
11.0,ue[1],0,0.008,0.0109,0.036697,0.003,0.498417,0.033333,1.0,0.0,0.4,0.017
831.0,attacker[1],1,0.0,0.0,0.0,0.0,0.5,1.0,0.0,0.0,0.0,0.0
215.0,attacker[0],1,0.017,0.0175,0.048571,0.002,0.499333,0.713333,1.0,0.275,1.0,0.027
178.0,ue[0],0,0.01,0.0086,0.05814,0.004,0.500167,0.59,1.0,0.0,1.0,0.018
297.0,ue[0],0,0.0,0.0076,0.0,0.0,0.495667,0.986667,0.9,0.0,0.0,0.022
1176.0,ue[1],0,0.0,0.0,0.0,0.0,0.5,1.0,0.0,0.0,0.0,0.0
611.0,ue[0],0,0.0,0.0,0.0,0.0,0.5,1.0,0.0,0.0,0.0,0.022
410.0,ue[1],0,0.0,0.0,0.0,0.0,0.5,1.0,0.0,0.0,0.0,0.022
1114.0,ue[3],0,0.0,0.0,0.0,0.0,0.5,1.0,0.0,0.0,0.0,0.0
1431.0,ue[0],0,0.0,0.0,0.0,0.0,0.5,1.0,0.0,0.0,0.0,0.0
397.0,attacker[0],1,0.0,0.0,0.0,0.0,0.5,1.0,0.0,0.0,0.0,0.03
457.0,attacker[0],1,0.0,0.0,0.0,0.0,0.5,1.0,0.0,0.0,0.0,0.03
971.0,ue[1],0,0.0,0.0,0.0,0.0,0.5,1.0,0.0,0.0,0.0,0.0
143.0,ue[4],0,0.015,0.0106,0.070755,0.006,0.4995,0.473333,1.0,0.063152,1.0,0.019
692.0,ue[1],0,0.0,0.0,0.0,0.0,0.5,1.0,0.0,0.0,0.0,0.018
703.0,attacker[1],1,0.0,0.0,0.0,0.0,0.5,1.0,0.0,0.0,0.0,0.025
754.0,ue[3],0,0.0,0.0,0.0,0.0,0.5,1.0,0.0,0.0,0.0,0.015
882.0,ue[0],0,0.0,0.0,0.0,0.0,0.5,1.0,0.0,0.0,0.0,0.0
576.0,attacker[2],1,0.0,0.0,0.0,0.0,0.5,1.0,0.0,0.0,0.0,0.03
170.0,ue[2],0,0.015,0.0105,0.071429,0.006,0.501333,0.563333,1.0,0.051137,1.0,0.018
361.0,ue[1],0,0.0,0.0,0.0,0.0,0.5,1.0,0.0,0.0,0.0,0.022
1088.0,ue[2],0,0.0,0.0,0.0,0.0,0.5,1.0,0.0,0.0,0.0,0.0
414.0,ue[2],0,0.0,0.0,0.0,0.0,0.5,1.0,0.0,0.0,0.0,0.02
272.0,ue[0],0,0.01,0.0121,0.041322,0.002,0.498333,0.903333,1.0,0.0,1.0,0.022
1484.0,ue[0],0,0.0,0.0,0.0,0.0,0.5,1.0,0.0,0.0,0.0,0.0
339.0,ue[4],0,0.0,0.0,0.0,0.0,0.5,1.0,0.0,0.0,0.0,0.019
350.0,attacker[0],1,0.0,0.0,0.0,0.0,0.5,1.0,0.0,0.0,0.0,0.03
980.0,attacker[0],1,0.0,0.0,0.0,0.0,0.5,1.0,0.0,0.0,0.0,0.0
1169.0,ue[4],0,0.0,0.0,0.0,0.0,0.5,1.0,0.0,0.0,0.0,0.0
912.0,ue[2],0,0.0,0.0,0.0,0.0,0.5,1.0,0.0,0.0,0.0,0.0
179.0,ue[3],0,0.004,0.0086,0.023256,0.007,0.499083,0.593333,1.0,0.0,1.0,0.017
762.0,ue[2],0,0.0,0.0,0.0,0.0,0.5,1.0,0.0,0.0,0.0,0.013
1170.0,attacker[1],1,0.0,0.0,0.0,0.0,0.5,1.0,0.0,0.0,0.0,0.0
331.0,attacker[1],1,0.0,0.0,0.0,0.0,0.5,1.0,0.0,0.0,0.0,0.029
1445.0,attacker[2],1,0.0,0.0,0.0,0.0,0.5,1.0,0.0,0.0,0.0,0.0
972.0,ue[2],0,0.0,0.0,0.0,0.0,0.5,1.0,0.0,0.0,0.0,0.0
147.0,attacker[2],1,0.015,0.0157,0.047771,0.007,0.495083,0.486667,1.0,0.151653,1.0,0.025
942.0,attacker[2],1,0.0,0.0,0.0,0.0,0.5,1.0,0.0,0.0,0.0,0.0
1265.0,attacker[2],1,0.0,0.0,0.0,0.0,0.5,1.0,0.0,0.0,0.0,0.0
1419.0,attacker[0],1,0.0,0.0,0.0,0.0,0.5,1.0,0.0,0.0,0.0,0.0
447.0,attacker[1],1,0.0,0.0,0.0,0.0,0.5,1.0,0.0,0.0,0.0,0.029
1125.0,ue[0],0,0.0,0.0,0.0,0.0,0.5,1.0,0.0,0.0,0.0,0.0
1316.0,attacker[1],1,0.0,0.0,0.0,0.0,0.5,1.0,0.0,0.0,0.0,0.0
406.0,ue[0],0,0.0,0.0,0.0,0.0,0.5,1.0,0.0,0.0,0.0,0.022
1211.0,attacker[2],1,0.0,0.0,0.0,0.0,0.5,1.0,0.0,0.0,0.0,0.0
474.0,attacker[2],1,0.0,0.0,0.0,0.0,0.5,1.0,0.0,0.0,0.0,0.03
938.0,ue[3],0,0.0,0.0,0.0,0.0,0.5,1.0,0.0,0.0,0.0,0.0
1149.0,attacker[0],1,0.0,0.0,0.0,0.0,0.5,1.0,0.0,0.0,0.0,0.0
1361.0,ue[1],0,0.0,0.0,0.0,0.0,0.5,1.0,0.0,0.0,0.0,0.0
445.0,ue[4],0,0.0,0.0,0.0,0.0,0.5,1.0,0.0,0.0,0.0,0.019
847.0,ue[1],0,0.0,0.0,0.0,0.0,0.5,1.0,0.0,0.0,0.0,0.0
1148.0,ue[3],0,0.0,0.0,0.0,0.0,0.5,1.0,0.0,0.0,0.0,0.0
541.0,attacker[2],1,0.0,0.0,0.0,0.0,0.5,1.0,0.0,0.0,0.0,0.03
787.0,ue[4],0,0.0,0.0,0.0,0.0,0.5,1.0,0.0,0.0,0.0,0.018
1407.0,ue[2],0,0.0,0.0,0.0,0.0,0.5,1.0,0.0,0.0,0.0,0.0
906.0,ue[4],0,0.0,0.0,0.0,0.0,0.5,1.0,0.0,0.0,0.0,0.0
22.0,attacker[0],1,0.017,0.0161,0.052795,0.006,0.498833,0.07,0.956522,0.122319,0.733333,0.023
1390.0,attacker[1],1,0.0,0.0,0.0,0.0,0.5,1.0,0.0,0.0,0.0,0.0
113.0,ue[4],0,0.013,0.0099,0.065657,0.004,0.499833,0.373333,1.0,0.027884,1.0,0.019
501.0,ue[0],0,0.0,0.0,0.0,0.0,0.5,1.0,0.0,0.0,0.0,0.022
273.0,ue[2],0,0.011,0.0104,0.052885,0.003,0.50025,0.906667,1.0,0.0,1.0,0.02
1122.0,ue[2],0,0.0,0.0,0.0,0.0,0.5,1.0,0.0,0.0,0.0,0.0
119.0,ue[3],0,0.009,0.009,0.05,0.002,0.499667,0.393333,1.0,0.0,1.0,0.017
730.0,ue[2],0,0.0,0.0,0.0,0.0,0.5,1.0,0.0,0.0,0.0,0.02
624.0,attacker[2],1,0.0,0.0,0.0,0.0,0.5,1.0,0.0,0.0,0.0,0.03
824.0,ue[4],0,0.0,0.0,0.0,0.0,0.5,1.0,0.0,0.0,0.0,0.0
714.0,ue[0],0,0.0,0.0,0.0,0.0,0.5,1.0,0.0,0.0,0.0,0.022
496.0,attacker[0],1,0.0,0.0,0.0,0.0,0.5,1.0,0.0,0.0,0.0,0.03
673.0,ue[4],0,0.0,0.0,0.0,0.0,0.5,1.0,0.0,0.0,0.0,0.018
1481.0,ue[1],0,0.0,0.0,0.0,0.0,0.5,1.0,0.0,0.0,0.0,0.0
35.0,attacker[0],1,0.016,0.0164,0.04878,0.002,0.5015,0.113333,1.0,0.125555,1.0,0.027
401.0,attacker[1],1,0.0,0.0,0.0,0.0,0.5,1.0,0.0,0.0,0.0,0.029
902.0,attacker[1],1,0.0,0.0,0.0,0.0,0.5,1.0,0.0,0.0,0.0,0.0
821.0,ue[3],0,0.0,0.0,0.0,0.0,0.5,1.0,0.0,0.0,0.0,0.0
1289.0,attacker[1],1,0.0,0.0,0.0,0.0,0.5,1.0,0.0,0.0,0.0,0.0
1215.0,attacker[2],1,0.0,0.0,0.0,0.0,0.5,1.0,0.0,0.0,0.0,0.0
331.0,ue[1],0,0.0,0.0,0.0,0.0,0.5,1.0,0.0,0.0,0.0,0.022
1055.0,attacker[1],1,0.0,0.0,0.0,0.0,0.5,1.0,0.0,0.0,0.0,0.0
479.0,attacker[2],1,0.0,0.0,0.0,0.0,0.5,1.0,0.0,0.0,0.0,0.03
953.0,ue[0],0,0.0,0.0,0.0,0.0,0.5,1.0,0.0,0.0,0.0,0.0
47.0,ue[1],0,0.013,0.0093,0.069892,0.003,0.501417,0.153333,1.0,0.015617,1.0,0.017
265.0,attacker[2],1,0.012,0.016,0.0375,0.003,0.49775,0.88,1.0,0.0,1.0,0.03
1251.0,ue[3],0,0.0,0.0,0.0,0.0,0.5,1.0,0.0,0.0,0.0,0.0
1046.0,ue[2],0,0.0,0.0,0.0,0.0,0.5,1.0,0.0,0.0,0.0,0.0
1453.0,ue[3],0,0.0,0.0,0.0,0.0,0.5,1.0,0.0,0.0,0.0,0.0
696.0,ue[2],0,0.0,0.0,0.0,0.0,0.5,1.0,0.0,0.0,0.0,0.02
343.0,ue[3],0,0.0,0.0,0.0,0.0,0.5,1.0,0.0,0.0,0.0,0.018
901.0,ue[1],0,0.0,0.0,0.0,0.0,0.5,1.0,0.0,0.0,0.0,0.0
264.0,ue[4],0,0.007,0.0108,0.032407,0.0,0.497667,0.876667,1.0,0.0,1.0,0.019
1166.0,ue[4],0,0.0,0.0,0.0,0.0,0.5,1.0,0.0,0.0,0.0,0.0
438.0,ue[4],0,0.0,0.0,0.0,0.0,0.5,1.0,0.0,0.0,0.0,0.019
786.0,attacker[1],1,0.0,0.0,0.0,0.0,0.5,1.0,0.0,0.0,0.0,0.025
488.0,ue[3],0,0.0,0.0,0.0,0.0,0.5,1.0,0.0,0.0,0.0,0.018
1498.0,ue[4],0,0.0,0.0,0.0,0.0,0.5,1.0,0.0,0.0,0.0,0.0
1183.0,attacker[1],1,0.0,0.0,0.0,0.0,0.5,1.0,0.0,0.0,0.0,0.0
1287.0,ue[4],0,0.0,0.0,0.0,0.0,0.5,1.0,0.0,0.0,0.0,0.0
942.0,ue[4],0,0.0,0.0,0.0,0.0,0.5,1.0,0.0,0.0,0.0,0.0
785.0,ue[0],0,0.0,0.0,0.0,0.0,0.5,1.0,0.0,0.0,0.0,0.013
792.0,ue[0],0,0.0,0.0,0.0,0.0,0.5,1.0,0.0,0.0,0.0,0.013
335.0,ue[4],0,0.0,0.0,0.0,0.0,0.5,1.0,0.0,0.0,0.0,0.019
136.0,ue[2],0,0.008,0.0105,0.038095,0.004,0.498833,0.45,1.0,0.0,1.0,0.018
447.0,ue[2],0,0.0,0.0,0.0,0.0,0.5,1.0,0.0,0.0,0.0,0.02
370.0,attacker[1],1,0.0,0.0,0.0,0.0,0.5,1.0,0.0,0.0,0.0,0.029
1149.0,ue[4],0,0.0,0.0,0.0,0.0,0.5,1.0,0.0,0.0,0.0,0.0
1203.0,attacker[2],1,0.0,0.0,0.0,0.0,0.5,1.0,0.0,0.0,0.0,0.0
112.0,ue[0],0,0.011,0.0108,0.050926,0.004,0.499167,0.37,1.0,0.0,1.0,0.018
366.0,ue[0],0,0.0,0.0,0.0,0.0,0.5,1.0,0.0,0.0,0.0,0.022
341.0,ue[3],0,0.0,0.0,0.0,0.0,0.5,1.0,0.0,0.0,0.0,0.018
383.0,attacker[2],1,0.0,0.0,0.0,0.0,0.5,1.0,0.0,0.0,0.0,0.03
746.0,attacker[1],1,0.0,0.0,0.0,0.0,0.5,1.0,0.0,0.0,0.0,0.025
190.0,attacker[1],1,0.025,0.0181,0.069061,0.002,0.503667,0.63,1.0,0.331231,1.0,0.029
316.0,ue[1],0,0.0,0.0,0.0,0.0,0.5,1.0,0.266667,0.0,0.0,0.022
1370.0,ue[1],0,0.0,0.0,0.0,0.0,0.5,1.0,0.0,0.0,0.0,0.0
829.0,ue[1],0,0.0,0.0,0.0,0.0,0.5,1.0,0.0,0.0,0.0,0.0
246.0,ue[4],0,0.008,0.01,0.04,0.0,0.499667,0.816667,1.0,0.0,1.0,0.019
1021.0,attacker[0],1,0.0,0.0,0.0,0.0,0.5,1.0,0.0,0.0,0.0,0.0
132.0,attacker[0],1,0.015,0.015,0.05,0.002,0.500667,0.436667,1.0,0.137649,1.0,0.027
1446.0,ue[4],0,0.0,0.0,0.0,0.0,0.5,1.0,0.0,0.0,0.0,0.0
1023.0,ue[3],0,0.0,0.0,0.0,0.0,0.5,1.0,0.0,0.0,0.0,0.0
1187.0,ue[0],0,0.0,0.0,0.0,0.0,0.5,1.0,0.0,0.0,0.0,0.0
10.0,ue[0],0,0.018,0.0109,0.082569,0.008,0.5005,0.03,1.0,0.168655,0.366667,0.018
997.0,attacker[0],1,0.0,0.0,0.0,0.0,0.5,1.0,0.0,0.0,0.0,0.0
1091.0,attacker[1],1,0.0,0.0,0.0,0.0,0.5,1.0,0.0,0.0,0.0,0.0
460.0,ue[2],0,0.0,0.0,0.0,0.0,0.5,1.0,0.0,0.0,0.0,0.02
1408.0,ue[2],0,0.0,0.0,0.0,0.0,0.5,1.0,0.0,0.0,0.0,0.0
1219.0,ue[3],0,0.0,0.0,0.0,0.0,0.5,1.0,0.0,0.0,0.0,0.0
446.0,ue[2],0,0.0,0.0,0.0,0.0,0.5,1.0,0.0,0.0,0.0,0.02
1310.0,attacker[2],1,0.0,0.0,0.0,0.0,0.5,1.0,0.0,0.0,0.0,0.0
1085.0,attacker[0],1,0.0,0.0,0.0,0.0,0.5,1.0,0.0,0.0,0.0,0.0
1122.0,attacker[0],1,0.0,0.0,0.0,0.0,0.5,1.0,0.0,0.0,0.0,0.0
425.0,ue[3],0,0.0,0.0,0.0,0.0,0.5,1.0,0.0,0.0,0.0,0.018
421.0,attacker[1],1,0.0,0.0,0.0,0.0,0.5,1.0,0.0,0.0,0.0,0.029
1144.0,ue[1],0,0.0,0.0,0.0,0.0,0.5,1.0,0.0,0.0,0.0,0.0
1126.0,ue[4],0,0.0,0.0,0.0,0.0,0.5,1.0,0.0,0.0,0.0,0.0
1119.0,attacker[1],1,0.0,0.0,0.0,0.0,0.5,1.0,0.0,0.0,0.0,0.0
698.0,attacker[2],1,0.0,0.0,0.0,0.0,0.5,1.0,0.0,0.0,0.0,0.03
1182.0,attacker[2],1,0.0,0.0,0.0,0.0,0.5,1.0,0.0,0.0,0.0,0.0
1403.0,ue[2],0,0.0,0.0,0.0,0.0,0.5,1.0,0.0,0.0,0.0,0.0
135.0,attacker[2],1,0.023,0.0179,0.064246,0.005,0.50175,0.446667,1.0,0.324824,1.0,0.025
562.0,attacker[2],1,0.0,0.0,0.0,0.0,0.5,1.0,0.0,0.0,0.0,0.03
1421.0,attacker[1],1,0.0,0.0,0.0,0.0,0.5,1.0,0.0,0.0,0.0,0.0
371.0,ue[1],0,0.0,0.0,0.0,0.0,0.5,1.0,0.0,0.0,0.0,0.022
876.0,attacker[1],1,0.0,0.0,0.0,0.0,0.5,1.0,0.0,0.0,0.0,0.0
1198.0,attacker[2],1,0.0,0.0,0.0,0.0,0.5,1.0,0.0,0.0,0.0,0.0
1015.0,ue[2],0,0.0,0.0,0.0,0.0,0.5,1.0,0.0,0.0,0.0,0.0
897.0,ue[4],0,0.0,0.0,0.0,0.0,0.5,1.0,0.0,0.0,0.0,0.0
1089.0,ue[0],0,0.0,0.0,0.0,0.0,0.5,1.0,0.0,0.0,0.0,0.0
466.0,ue[4],0,0.0,0.0,0.0,0.0,0.5,1.0,0.0,0.0,0.0,0.019
367.0,ue[1],0,0.0,0.0,0.0,0.0,0.5,1.0,0.0,0.0,0.0,0.022
629.0,attacker[1],1,0.0,0.0,0.0,0.0,0.5,1.0,0.0,0.0,0.0,0.029
21.0,attacker[2],1,0.017,0.0143,0.059441,0.006,0.5,0.066667,0.954545,0.288063,0.7,0.021
231.0,ue[1],0,0.008,0.0093,0.043011,0.002,0.498833,0.766667,1.0,0.0,1.0,0.022
1279.0,ue[3],0,0.0,0.0,0.0,0.0,0.5,1.0,0.0,0.0,0.0,0.0
341.0,attacker[0],1,0.0,0.0,0.0,0.0,0.5,1.0,0.0,0.0,0.0,0.03
28.0,ue[1],0,0.01,0.0111,0.045045,0.002,0.499167,0.09,1.0,0.0,0.966667,0.017
1463.0,ue[4],0,0.0,0.0,0.0,0.0,0.5,1.0,0.0,0.0,0.0,0.0
340.0,ue[4],0,0.0,0.0,0.0,0.0,0.5,1.0,0.0,0.0,0.0,0.019
1162.0,ue[3],0,0.0,0.0,0.0,0.0,0.5,1.0,0.0,0.0,0.0,0.0
726.0,attacker[2],1,0.0,0.0,0.0,0.0,0.5,1.0,0.0,0.0,0.0,0.03
1042.0,attacker[1],1,0.0,0.0,0.0,0.0,0.5,1.0,0.0,0.0,0.0,0.0
60.0,ue[3],0,0.009,0.0102,0.044118,0.003,0.499583,0.196667,1.0,0.0,1.0,0.015
1053.0,attacker[1],1,0.0,0.0,0.0,0.0,0.5,1.0,0.0,0.0,0.0,0.0
1442.0,ue[0],0,0.0,0.0,0.0,0.0,0.5,1.0,0.0,0.0,0.0,0.0
1115.0,ue[3],0,0.0,0.0,0.0,0.0,0.5,1.0,0.0,0.0,0.0,0.0
796.0,ue[1],0,0.0,0.0,0.0,0.0,0.5,1.0,0.0,0.0,0.0,0.0
1253.0,ue[1],0,0.0,0.0,0.0,0.0,0.5,1.0,0.0,0.0,0.0,0.0
617.0,ue[1],0,0.0,0.0,0.0,0.0,0.5,1.0,0.0,0.0,0.0,0.02
751.0,ue[1],0,0.0,0.0,0.0,0.0,0.5,1.0,0.0,0.0,0.0,0.018
1118.0,attacker[2],1,0.0,0.0,0.0,0.0,0.5,1.0,0.0,0.0,0.0,0.0
1167.0,ue[0],0,0.0,0.0,0.0,0.0,0.5,1.0,0.0,0.0,0.0,0.0
937.0,ue[3],0,0.0,0.0,0.0,0.0,0.5,1.0,0.0,0.0,0.0,0.0
13.0,ue[1],0,0.007,0.011,0.031818,0.005,0.499917,0.04,1.0,0.0,0.466667,0.017
1356.0,ue[3],0,0.0,0.0,0.0,0.0,0.5,1.0,0.0,0.0,0.0,0.0
1041.0,ue[2],0,0.0,0.0,0.0,0.0,0.5,1.0,0.0,0.0,0.0,0.0
1036.0,attacker[0],1,0.0,0.0,0.0,0.0,0.5,1.0,0.0,0.0,0.0,0.0
220.0,ue[2],0,0.012,0.0087,0.068966,0.001,0.50225,0.73,1.0,0.0,1.0,0.018
1398.0,ue[3],0,0.0,0.0,0.0,0.0,0.5,1.0,0.0,0.0,0.0,0.0
1380.0,attacker[2],1,0.0,0.0,0.0,0.0,0.5,1.0,0.0,0.0,0.0,0.0
784.0,ue[3],0,0.0,0.0,0.0,0.0,0.5,1.0,0.0,0.0,0.0,0.014
527.0,ue[3],0,0.0,0.0,0.0,0.0,0.5,1.0,0.0,0.0,0.0,0.018
94.0,ue[4],0,0.007,0.0087,0.04023,0.001,0.498583,0.31,1.0,0.0,1.0,0.019
1182.0,ue[2],0,0.0,0.0,0.0,0.0,0.5,1.0,0.0,0.0,0.0,0.0
696.0,ue[0],0,0.0,0.0,0.0,0.0,0.5,1.0,0.0,0.0,0.0,0.022
1161.0,ue[2],0,0.0,0.0,0.0,0.0,0.5,1.0,0.0,0.0,0.0,0.0
704.0,ue[1],0,0.0,0.0,0.0,0.0,0.5,1.0,0.0,0.0,0.0,0.018
688.0,attacker[0],1,0.0,0.0,0.0,0.0,0.5,1.0,0.0,0.0,0.0,0.03
1261.0,attacker[1],1,0.0,0.0,0.0,0.0,0.5,1.0,0.0,0.0,0.0,0.0
329.0,ue[0],0,0.0,0.0,0.0,0.0,0.5,1.0,0.0,0.0,0.0,0.022
611.0,ue[3],0,0.0,0.0,0.0,0.0,0.5,1.0,0.0,0.0,0.0,0.018
915.0,ue[3],0,0.0,0.0,0.0,0.0,0.5,1.0,0.0,0.0,0.0,0.0
1410.0,attacker[2],1,0.0,0.0,0.0,0.0,0.5,1.0,0.0,0.0,0.0,0.0
1489.0,attacker[1],1,0.0,0.0,0.0,0.0,0.5,1.0,0.0,0.0,0.0,0.0
385.0,attacker[2],1,0.0,0.0,0.0,0.0,0.5,1.0,0.0,0.0,0.0,0.03
908.0,ue[0],0,0.0,0.0,0.0,0.0,0.5,1.0,0.0,0.0,0.0,0.0
731.0,attacker[1],1,0.0,0.0,0.0,0.0,0.5,1.0,0.0,0.0,0.0,0.025
142.0,attacker[0],1,0.019,0.0152,0.0625,0.001,0.50275,0.47,1.0,0.230834,1.0,0.027
8.0,ue[0],0,0.017,0.009778,0.086932,0.001,0.504917,0.023333,1.0,0.080403,0.3,0.017
37.0,ue[3],0,0.005,0.0107,0.023364,0.008,0.499333,0.12,1.0,0.0,1.0,0.015
674.0,attacker[2],1,0.0,0.0,0.0,0.0,0.5,1.0,0.0,0.0,0.0,0.03
1112.0,attacker[2],1,0.0,0.0,0.0,0.0,0.5,1.0,0.0,0.0,0.0,0.0
546.0,ue[3],0,0.0,0.0,0.0,0.0,0.5,1.0,0.0,0.0,0.0,0.018
1189.0,ue[3],0,0.0,0.0,0.0,0.0,0.5,1.0,0.0,0.0,0.0,0.0
1155.0,ue[0],0,0.0,0.0,0.0,0.0,0.5,1.0,0.0,0.0,0.0,0.0
959.0,attacker[0],1,0.0,0.0,0.0,0.0,0.5,1.0,0.0,0.0,0.0,0.0
427.0,attacker[1],1,0.0,0.0,0.0,0.0,0.5,1.0,0.0,0.0,0.0,0.029
781.0,attacker[2],1,0.0,0.0,0.0,0.0,0.5,1.0,0.0,0.0,0.0,0.025
532.0,attacker[2],1,0.0,0.0,0.0,0.0,0.5,1.0,0.0,0.0,0.0,0.03
1261.0,attacker[0],1,0.0,0.0,0.0,0.0,0.5,1.0,0.0,0.0,0.0,0.0
575.0,attacker[2],1,0.0,0.0,0.0,0.0,0.5,1.0,0.0,0.0,0.0,0.03
604.0,ue[3],0,0.0,0.0,0.0,0.0,0.5,1.0,0.0,0.0,0.0,0.018
91.0,ue[4],0,0.008,0.0084,0.047619,0.002,0.5,0.3,1.0,0.0,1.0,0.019
535.0,ue[2],0,0.0,0.0,0.0,0.0,0.5,1.0,0.0,0.0,0.0,0.02
804.0,attacker[2],1,0.0,0.0,0.0,0.0,0.5,1.0,0.0,0.0,0.0,0.0
955.0,attacker[1],1,0.0,0.0,0.0,0.0,0.5,1.0,0.0,0.0,0.0,0.0
908.0,ue[3],0,0.0,0.0,0.0,0.0,0.5,1.0,0.0,0.0,0.0,0.0
494.0,attacker[0],1,0.0,0.0,0.0,0.0,0.5,1.0,0.0,0.0,0.0,0.03
394.0,ue[2],0,0.0,0.0,0.0,0.0,0.5,1.0,0.0,0.0,0.0,0.02
1018.0,ue[4],0,0.0,0.0,0.0,0.0,0.5,1.0,0.0,0.0,0.0,0.0
877.0,ue[2],0,0.0,0.0,0.0,0.0,0.5,1.0,0.0,0.0,0.0,0.0
109.0,ue[0],0,0.013,0.0109,0.059633,0.001,0.500417,0.36,1.0,0.0,1.0,0.018
881.0,ue[1],0,0.0,0.0,0.0,0.0,0.5,1.0,0.0,0.0,0.0,0.0
398.0,ue[0],0,0.0,0.0,0.0,0.0,0.5,1.0,0.0,0.0,0.0,0.022
562.0,attacker[0],1,0.0,0.0,0.0,0.0,0.5,1.0,0.0,0.0,0.0,0.03
978.0,ue[0],0,0.0,0.0,0.0,0.0,0.5,1.0,0.0,0.0,0.0,0.0
1269.0,attacker[1],1,0.0,0.0,0.0,0.0,0.5,1.0,0.0,0.0,0.0,0.0
1333.0,ue[0],0,0.0,0.0,0.0,0.0,0.5,1.0,0.0,0.0,0.0,0.0
351.0,ue[1],0,0.0,0.0,0.0,0.0,0.5,1.0,0.0,0.0,0.0,0.022
739.0,attacker[2],1,0.0,0.0,0.0,0.0,0.5,1.0,0.0,0.0,0.0,0.026
682.0,attacker[0],1,0.0,0.0,0.0,0.0,0.5,1.0,0.0,0.0,0.0,0.03
696.0,attacker[2],1,0.0,0.0,0.0,0.0,0.5,1.0,0.0,0.0,0.0,0.03
837.0,attacker[2],1,0.0,0.0,0.0,0.0,0.5,1.0,0.0,0.0,0.0,0.0
903.0,ue[2],0,0.0,0.0,0.0,0.0,0.5,1.0,0.0,0.0,0.0,0.0
734.0,ue[0],0,0.0,0.0,0.0,0.0,0.5,1.0,0.0,0.0,0.0,0.022
144.0,ue[3],0,0.015,0.0097,0.07732,0.007,0.50125,0.476667,1.0,0.0,1.0,0.017
282.0,attacker[0],1,0.029,0.0168,0.08631,0.009,0.50525,0.936667,1.0,0.442011,1.0,0.029
819.0,attacker[2],1,0.0,0.0,0.0,0.0,0.5,1.0,0.0,0.0,0.0,0.0
863.0,attacker[0],1,0.0,0.0,0.0,0.0,0.5,1.0,0.0,0.0,0.0,0.0
1079.0,attacker[0],1,0.0,0.0,0.0,0.0,0.5,1.0,0.0,0.0,0.0,0.0
581.0,ue[0],0,0.0,0.0,0.0,0.0,0.5,1.0,0.0,0.0,0.0,0.022
845.0,attacker[2],1,0.0,0.0,0.0,0.0,0.5,1.0,0.0,0.0,0.0,0.0
52.0,ue[1],0,0.009,0.0114,0.039474,0.007,0.498917,0.17,1.0,0.0,1.0,0.022
279.0,attacker[1],1,0.016,0.016,0.05,0.003,0.499583,0.926667,1.0,0.254,1.0,0.029
938.0,ue[1],0,0.0,0.0,0.0,0.0,0.5,1.0,0.0,0.0,0.0,0.0
1347.0,attacker[1],1,0.0,0.0,0.0,0.0,0.5,1.0,0.0,0.0,0.0,0.0
1268.0,ue[2],0,0.0,0.0,0.0,0.0,0.5,1.0,0.0,0.0,0.0,0.0
369.0,ue[4],0,0.0,0.0,0.0,0.0,0.5,1.0,0.0,0.0,0.0,0.019
177.0,ue[1],0,0.018,0.0106,0.084906,0.01,0.501667,0.586667,1.0,0.230061,1.0,0.022
905.0,ue[1],0,0.0,0.0,0.0,0.0,0.5,1.0,0.0,0.0,0.0,0.0
316.0,ue[0],0,0.0,0.0,0.0,0.0,0.5,1.0,0.266667,0.0,0.0,0.022
620.0,ue[3],0,0.0,0.0,0.0,0.0,0.5,1.0,0.0,0.0,0.0,0.018
128.0,attacker[1],1,0.015,0.0175,0.042857,0.007,0.501583,0.423333,1.0,0.194054,1.0,0.029
1158.0,ue[2],0,0.0,0.0,0.0,0.0,0.5,1.0,0.0,0.0,0.0,0.0
856.0,ue[0],0,0.0,0.0,0.0,0.0,0.5,1.0,0.0,0.0,0.0,0.0
1051.0,ue[1],0,0.0,0.0,0.0,0.0,0.5,1.0,0.0,0.0,0.0,0.0
1332.0,attacker[1],1,0.0,0.0,0.0,0.0,0.5,1.0,0.0,0.0,0.0,0.0
1386.0,ue[1],0,0.0,0.0,0.0,0.0,0.5,1.0,0.0,0.0,0.0,0.0
1105.0,ue[2],0,0.0,0.0,0.0,0.0,0.5,1.0,0.0,0.0,0.0,0.0
1066.0,ue[0],0,0.0,0.0,0.0,0.0,0.5,1.0,0.0,0.0,0.0,0.0
928.0,attacker[0],1,0.0,0.0,0.0,0.0,0.5,1.0,0.0,0.0,0.0,0.0
222.0,ue[2],0,0.01,0.0087,0.057471,0.003,0.49875,0.736667,1.0,0.0,1.0,0.018
823.0,attacker[0],1,0.0,0.0,0.0,0.0,0.5,1.0,0.0,0.0,0.0,0.0
719.0,ue[0],0,0.0,0.0,0.0,0.0,0.5,1.0,0.0,0.0,0.0,0.022
486.0,ue[4],0,0.0,0.0,0.0,0.0,0.5,1.0,0.0,0.0,0.0,0.019
572.0,ue[2],0,0.0,0.0,0.0,0.0,0.5,1.0,0.0,0.0,0.0,0.02
354.0,ue[3],0,0.0,0.0,0.0,0.0,0.5,1.0,0.0,0.0,0.0,0.018
780.0,attacker[1],1,0.0,0.0,0.0,0.0,0.5,1.0,0.0,0.0,0.0,0.025
118.0,ue[3],0,0.007,0.0093,0.037634,0.004,0.5005,0.39,1.0,0.0,1.0,0.017
1280.0,attacker[1],1,0.0,0.0,0.0,0.0,0.5,1.0,0.0,0.0,0.0,0.0
917.0,attacker[1],1,0.0,0.0,0.0,0.0,0.5,1.0,0.0,0.0,0.0,0.0
549.0,attacker[2],1,0.0,0.0,0.0,0.0,0.5,1.0,0.0,0.0,0.0,0.03
1000.0,attacker[2],1,0.0,0.0,0.0,0.0,0.5,1.0,0.0,0.0,0.0,0.0
134.0,attacker[0],1,0.018,0.0154,0.058442,0.002,0.500667,0.443333,1.0,0.251351,1.0,0.027
471.0,ue[0],0,0.0,0.0,0.0,0.0,0.5,1.0,0.0,0.0,0.0,0.022
319.0,ue[3],0,0.0,0.0,0.0,0.0,0.5,1.0,0.166667,0.0,0.0,0.018
944.0,ue[0],0,0.0,0.0,0.0,0.0,0.5,1.0,0.0,0.0,0.0,0.0
312.0,attacker[0],1,0.0,0.0,0.0,0.0,0.5,1.0,0.4,0.0,0.0,0.03
569.0,ue[4],0,0.0,0.0,0.0,0.0,0.5,1.0,0.0,0.0,0.0,0.019
32.0,ue[3],0,0.01,0.0111,0.045045,0.002,0.4995,0.103333,1.0,0.0,1.0,0.015
331.0,attacker[0],1,0.0,0.0,0.0,0.0,0.5,1.0,0.0,0.0,0.0,0.03
448.0,attacker[0],1,0.0,0.0,0.0,0.0,0.5,1.0,0.0,0.0,0.0,0.03
1293.0,ue[4],0,0.0,0.0,0.0,0.0,0.5,1.0,0.0,0.0,0.0,0.0
1221.0,attacker[1],1,0.0,0.0,0.0,0.0,0.5,1.0,0.0,0.0,0.0,0.0
1080.0,ue[4],0,0.0,0.0,0.0,0.0,0.5,1.0,0.0,0.0,0.0,0.0
972.0,attacker[0],1,0.0,0.0,0.0,0.0,0.5,1.0,0.0,0.0,0.0,0.0
229.0,ue[2],0,0.017,0.0101,0.084158,0.009,0.500583,0.76,1.0,0.143839,1.0,0.018
899.0,attacker[1],1,0.0,0.0,0.0,0.0,0.5,1.0,0.0,0.0,0.0,0.0
768.0,ue[2],0,0.0,0.0,0.0,0.0,0.5,1.0,0.0,0.0,0.0,0.013
49.0,attacker[0],1,0.025,0.0185,0.067568,0.006,0.5025,0.16,1.0,0.48795,1.0,0.027
918.0,ue[3],0,0.0,0.0,0.0,0.0,0.5,1.0,0.0,0.0,0.0,0.0
1370.0,ue[4],0,0.0,0.0,0.0,0.0,0.5,1.0,0.0,0.0,0.0,0.0
1199.0,ue[2],0,0.0,0.0,0.0,0.0,0.5,1.0,0.0,0.0,0.0,0.0
1104.0,ue[4],0,0.0,0.0,0.0,0.0,0.5,1.0,0.0,0.0,0.0,0.0
1449.0,ue[0],0,0.0,0.0,0.0,0.0,0.5,1.0,0.0,0.0,0.0,0.0
378.0,attacker[2],1,0.0,0.0,0.0,0.0,0.5,1.0,0.0,0.0,0.0,0.03
447.0,ue[3],0,0.0,0.0,0.0,0.0,0.5,1.0,0.0,0.0,0.0,0.018
978.0,attacker[1],1,0.0,0.0,0.0,0.0,0.5,1.0,0.0,0.0,0.0,0.0
1357.0,ue[2],0,0.0,0.0,0.0,0.0,0.5,1.0,0.0,0.0,0.0,0.0
1125.0,ue[4],0,0.0,0.0,0.0,0.0,0.5,1.0,0.0,0.0,0.0,0.0
467.0,ue[3],0,0.0,0.0,0.0,0.0,0.5,1.0,0.0,0.0,0.0,0.018
1154.0,ue[2],0,0.0,0.0,0.0,0.0,0.5,1.0,0.0,0.0,0.0,0.0
776.0,ue[2],0,0.0,0.0,0.0,0.0,0.5,1.0,0.0,0.0,0.0,0.013
72.0,attacker[1],1,0.022,0.0164,0.067073,0.005,0.50275,0.236667,1.0,0.360596,1.0,0.029
788.0,ue[4],0,0.0,0.0,0.0,0.0,0.5,1.0,0.0,0.0,0.0,0.018
1068.0,attacker[1],1,0.0,0.0,0.0,0.0,0.5,1.0,0.0,0.0,0.0,0.0
1144.0,ue[4],0,0.0,0.0,0.0,0.0,0.5,1.0,0.0,0.0,0.0,0.0
616.0,ue[2],0,0.0,0.0,0.0,0.0,0.5,1.0,0.0,0.0,0.0,0.02
294.0,attacker[1],1,0.025,0.0183,0.068306,0.012,0.5,0.976667,1.0,0.467088,1.0,0.029
275.0,attacker[0],1,0.02,0.0166,0.060241,0.004,0.5015,0.913333,1.0,0.302136,1.0,0.027
812.0,ue[4],0,0.0,0.0,0.0,0.0,0.5,1.0,0.0,0.0,0.0,0.0
898.0,attacker[0],1,0.0,0.0,0.0,0.0,0.5,1.0,0.0,0.0,0.0,0.0
709.0,attacker[2],1,0.0,0.0,0.0,0.0,0.5,1.0,0.0,0.0,0.0,0.03
193.0,ue[4],0,0.012,0.0111,0.054054,0.0,0.500333,0.64,1.0,0.0,1.0,0.019
1123.0,attacker[0],1,0.0,0.0,0.0,0.0,0.5,1.0,0.0,0.0,0.0,0.0
650.0,ue[4],0,0.0,0.0,0.0,0.0,0.5,1.0,0.0,0.0,0.0,0.018
14.0,ue[4],0,0.007,0.01,0.035,0.007,0.501083,0.043333,1.0,0.0,0.5,0.019
3.0,ue[4],0,0.019,0.012,0.079167,0.009,0.5,0.006667,1.0,0.255411,0.133333,0.019
1406.0,ue[0],0,0.0,0.0,0.0,0.0,0.5,1.0,0.0,0.0,0.0,0.0
1033.0,ue[3],0,0.0,0.0,0.0,0.0,0.5,1.0,0.0,0.0,0.0,0.0
1158.0,ue[4],0,0.0,0.0,0.0,0.0,0.5,1.0,0.0,0.0,0.0,0.0
790.0,attacker[0],1,0.0,0.0,0.0,0.0,0.5,1.0,0.0,0.0,0.0,0.019
1291.0,ue[0],0,0.0,0.0,0.0,0.0,0.5,1.0,0.0,0.0,0.0,0.0
1084.0,ue[3],0,0.0,0.0,0.0,0.0,0.5,1.0,0.0,0.0,0.0,0.0
164.0,ue[4],0,0.013,0.0098,0.066327,0.005,0.501083,0.543333,1.0,0.0,1.0,0.019
1436.0,attacker[0],1,0.0,0.0,0.0,0.0,0.5,1.0,0.0,0.0,0.0,0.0
258.0,ue[0],0,0.009,0.0109,0.041284,0.007,0.499583,0.856667,1.0,0.0,1.0,0.018
157.0,ue[2],0,0.008,0.0096,0.041667,0.001,0.499417,0.52,1.0,0.0,1.0,0.018
520.0,attacker[1],1,0.0,0.0,0.0,0.0,0.5,1.0,0.0,0.0,0.0,0.029
822.0,ue[3],0,0.0,0.0,0.0,0.0,0.5,1.0,0.0,0.0,0.0,0.0
70.0,ue[3],0,0.005,0.0094,0.026596,0.004,0.498833,0.23,1.0,0.0,1.0,0.015
1301.0,attacker[0],1,0.0,0.0,0.0,0.0,0.5,1.0,0.0,0.0,0.0,0.0
742.0,attacker[0],1,0.0,0.0,0.0,0.0,0.5,1.0,0.0,0.0,0.0,0.03
549.0,ue[1],0,0.0,0.0,0.0,0.0,0.5,1.0,0.0,0.0,0.0,0.02
809.0,ue[3],0,0.0,0.0,0.0,0.0,0.5,1.0,0.0,0.0,0.0,0.0
669.0,attacker[1],1,0.0,0.0,0.0,0.0,0.5,1.0,0.0,0.0,0.0,0.025
589.0,ue[3],0,0.0,0.0,0.0,0.0,0.5,1.0,0.0,0.0,0.0,0.018
1395.0,ue[4],0,0.0,0.0,0.0,0.0,0.5,1.0,0.0,0.0,0.0,0.0
1110.0,ue[0],0,0.0,0.0,0.0,0.0,0.5,1.0,0.0,0.0,0.0,0.0
580.0,ue[2],0,0.0,0.0,0.0,0.0,0.5,1.0,0.0,0.0,0.0,0.02
747.0,ue[4],0,0.0,0.0,0.0,0.0,0.5,1.0,0.0,0.0,0.0,0.018
262.0,attacker[2],1,0.014,0.0149,0.04698,0.006,0.500167,0.87,1.0,0.074421,1.0,0.03
1325.0,ue[2],0,0.0,0.0,0.0,0.0,0.5,1.0,0.0,0.0,0.0,0.0
1158.0,ue[1],0,0.0,0.0,0.0,0.0,0.5,1.0,0.0,0.0,0.0,0.0
1044.0,ue[2],0,0.0,0.0,0.0,0.0,0.5,1.0,0.0,0.0,0.0,0.0
373.0,ue[1],0,0.0,0.0,0.0,0.0,0.5,1.0,0.0,0.0,0.0,0.022
1269.0,attacker[0],1,0.0,0.0,0.0,0.0,0.5,1.0,0.0,0.0,0.0,0.0
510.0,ue[0],0,0.0,0.0,0.0,0.0,0.5,1.0,0.0,0.0,0.0,0.022
652.0,attacker[0],1,0.0,0.0,0.0,0.0,0.5,1.0,0.0,0.0,0.0,0.03
490.0,ue[3],0,0.0,0.0,0.0,0.0,0.5,1.0,0.0,0.0,0.0,0.018
786.0,ue[3],0,0.0,0.0,0.0,0.0,0.5,1.0,0.0,0.0,0.0,0.014
704.0,attacker[1],1,0.0,0.0,0.0,0.0,0.5,1.0,0.0,0.0,0.0,0.025
238.0,ue[2],0,0.009,0.012,0.0375,0.005,0.49825,0.79,1.0,0.0,1.0,0.02
59.0,attacker[0],1,0.018,0.0157,0.057325,0.005,0.49925,0.193333,1.0,0.13874,1.0,0.027
1014.0,ue[0],0,0.0,0.0,0.0,0.0,0.5,1.0,0.0,0.0,0.0,0.0
116.0,attacker[0],1,0.022,0.0168,0.065476,0.01,0.498833,0.383333,1.0,0.348452,1.0,0.027
323.0,ue[1],0,0.0,0.0,0.0,0.0,0.5,1.0,0.033333,0.0,0.0,0.022
279.0,ue[3],0,0.006,0.0093,0.032258,0.002,0.497833,0.926667,1.0,0.0,1.0,0.018
474.0,attacker[1],1,0.0,0.0,0.0,0.0,0.5,1.0,0.0,0.0,0.0,0.029
29.0,ue[0],0,0.007,0.0088,0.039773,0.003,0.500083,0.093333,1.0,0.0,1.0,0.018
246.0,attacker[0],1,0.02,0.0172,0.05814,0.003,0.500583,0.816667,1.0,0.388397,1.0,0.027
354.0,ue[1],0,0.0,0.0,0.0,0.0,0.5,1.0,0.0,0.0,0.0,0.022
236.0,attacker[0],1,0.023,0.0175,0.065714,0.008,0.501667,0.783333,1.0,0.328526,1.0,0.027
998.0,ue[1],0,0.0,0.0,0.0,0.0,0.5,1.0,0.0,0.0,0.0,0.0
340.0,ue[2],0,0.0,0.0,0.0,0.0,0.5,1.0,0.0,0.0,0.0,0.02
605.0,attacker[0],1,0.0,0.0,0.0,0.0,0.5,1.0,0.0,0.0,0.0,0.03
745.0,ue[4],0,0.0,0.0,0.0,0.0,0.5,1.0,0.0,0.0,0.0,0.018
269.0,ue[4],0,0.014,0.0109,0.06422,0.005,0.499583,0.893333,1.0,0.0,1.0,0.019
943.0,attacker[1],1,0.0,0.0,0.0,0.0,0.5,1.0,0.0,0.0,0.0,0.0
635.0,attacker[2],1,0.0,0.0,0.0,0.0,0.5,1.0,0.0,0.0,0.0,0.03
90.0,attacker[0],1,0.017,0.0155,0.054839,0.004,0.498833,0.296667,1.0,0.083653,1.0,0.027
1120.0,ue[4],0,0.0,0.0,0.0,0.0,0.5,1.0,0.0,0.0,0.0,0.0
737.0,ue[3],0,0.0,0.0,0.0,0.0,0.5,1.0,0.0,0.0,0.0,0.016
913.0,attacker[1],1,0.0,0.0,0.0,0.0,0.5,1.0,0.0,0.0,0.0,0.0
1473.0,attacker[1],1,0.0,0.0,0.0,0.0,0.5,1.0,0.0,0.0,0.0,0.0
1163.0,attacker[0],1,0.0,0.0,0.0,0.0,0.5,1.0,0.0,0.0,0.0,0.0
126.0,ue[2],0,0.003,0.0105,0.014286,0.012,0.4995,0.416667,1.0,0.0,1.0,0.018
675.0,ue[1],0,0.0,0.0,0.0,0.0,0.5,1.0,0.0,0.0,0.0,0.018
934.0,attacker[2],1,0.0,0.0,0.0,0.0,0.5,1.0,0.0,0.0,0.0,0.0
574.0,ue[0],0,0.0,0.0,0.0,0.0,0.5,1.0,0.0,0.0,0.0,0.022
93.0,ue[2],0,0.016,0.0102,0.078431,0.002,0.503333,0.306667,1.0,0.267067,1.0,0.018
1231.0,ue[1],0,0.0,0.0,0.0,0.0,0.5,1.0,0.0,0.0,0.0,0.0
1235.0,attacker[2],1,0.0,0.0,0.0,0.0,0.5,1.0,0.0,0.0,0.0,0.0
1138.0,ue[3],0,0.0,0.0,0.0,0.0,0.5,1.0,0.0,0.0,0.0,0.0
474.0,ue[1],0,0.0,0.0,0.0,0.0,0.5,1.0,0.0,0.0,0.0,0.022
1245.0,ue[2],0,0.0,0.0,0.0,0.0,0.5,1.0,0.0,0.0,0.0,0.0
866.0,ue[4],0,0.0,0.0,0.0,0.0,0.5,1.0,0.0,0.0,0.0,0.0
1238.0,attacker[1],1,0.0,0.0,0.0,0.0,0.5,1.0,0.0,0.0,0.0,0.0
804.0,attacker[1],1,0.0,0.0,0.0,0.0,0.5,1.0,0.0,0.0,0.0,0.0
1069.0,ue[1],0,0.0,0.0,0.0,0.0,0.5,1.0,0.0,0.0,0.0,0.0
623.0,ue[1],0,0.0,0.0,0.0,0.0,0.5,1.0,0.0,0.0,0.0,0.02
191.0,attacker[2],1,0.016,0.0153,0.052288,0.003,0.50025,0.633333,1.0,0.30792,1.0,0.025
1312.0,attacker[2],1,0.0,0.0,0.0,0.0,0.5,1.0,0.0,0.0,0.0,0.0
463.0,ue[3],0,0.0,0.0,0.0,0.0,0.5,1.0,0.0,0.0,0.0,0.018
34.0,ue[4],0,0.004,0.0102,0.019608,0.003,0.497583,0.11,1.0,0.0,1.0,0.019
243.0,attacker[2],1,0.012,0.0173,0.034682,0.003,0.499417,0.806667,1.0,0.041703,1.0,0.03
776.0,attacker[1],1,0.0,0.0,0.0,0.0,0.5,1.0,0.0,0.0,0.0,0.025
898.0,attacker[1],1,0.0,0.0,0.0,0.0,0.5,1.0,0.0,0.0,0.0,0.0
4.0,ue[3],0,0.014,0.0094,0.074468,0.009,0.500083,0.01,1.0,0.0,0.166667,0.014
1447.0,ue[4],0,0.0,0.0,0.0,0.0,0.5,1.0,0.0,0.0,0.0,0.0
421.0,ue[3],0,0.0,0.0,0.0,0.0,0.5,1.0,0.0,0.0,0.0,0.018
287.0,ue[4],0,0.014,0.0113,0.061947,0.001,0.501583,0.953333,1.0,0.0,1.0,0.019
982.0,attacker[2],1,0.0,0.0,0.0,0.0,0.5,1.0,0.0,0.0,0.0,0.0
1438.0,ue[4],0,0.0,0.0,0.0,0.0,0.5,1.0,0.0,0.0,0.0,0.0
62.0,attacker[0],1,0.014,0.015,0.046667,0.003,0.500417,0.203333,1.0,0.085334,1.0,0.027
747.0,ue[3],0,0.0,0.0,0.0,0.0,0.5,1.0,0.0,0.0,0.0,0.016
736.0,ue[1],0,0.0,0.0,0.0,0.0,0.5,1.0,0.0,0.0,0.0,0.018
1088.0,attacker[1],1,0.0,0.0,0.0,0.0,0.5,1.0,0.0,0.0,0.0,0.0
615.0,attacker[2],1,0.0,0.0,0.0,0.0,0.5,1.0,0.0,0.0,0.0,0.03
382.0,ue[4],0,0.0,0.0,0.0,0.0,0.5,1.0,0.0,0.0,0.0,0.019
141.0,attacker[2],1,0.011,0.0158,0.03481,0.003,0.499417,0.466667,1.0,0.0,1.0,0.025
1285.0,ue[2],0,0.0,0.0,0.0,0.0,0.5,1.0,0.0,0.0,0.0,0.0
338.0,ue[3],0,0.0,0.0,0.0,0.0,0.5,1.0,0.0,0.0,0.0,0.018
885.0,attacker[0],1,0.0,0.0,0.0,0.0,0.5,1.0,0.0,0.0,0.0,0.0
834.0,attacker[2],1,0.0,0.0,0.0,0.0,0.5,1.0,0.0,0.0,0.0,0.0
586.0,ue[2],0,0.0,0.0,0.0,0.0,0.5,1.0,0.0,0.0,0.0,0.02
341.0,ue[4],0,0.0,0.0,0.0,0.0,0.5,1.0,0.0,0.0,0.0,0.019
131.0,ue[1],0,0.007,0.008,0.04375,0.001,0.50075,0.433333,1.0,0.0,1.0,0.022
744.0,ue[3],0,0.0,0.0,0.0,0.0,0.5,1.0,0.0,0.0,0.0,0.016
1205.0,ue[2],0,0.0,0.0,0.0,0.0,0.5,1.0,0.0,0.0,0.0,0.0
1368.0,ue[2],0,0.0,0.0,0.0,0.0,0.5,1.0,0.0,0.0,0.0,0.0
724.0,attacker[0],1,0.0,0.0,0.0,0.0,0.5,1.0,0.0,0.0,0.0,0.03
825.0,ue[4],0,0.0,0.0,0.0,0.0,0.5,1.0,0.0,0.0,0.0,0.0
544.0,attacker[0],1,0.0,0.0,0.0,0.0,0.5,1.0,0.0,0.0,0.0,0.03
1333.0,attacker[1],1,0.0,0.0,0.0,0.0,0.5,1.0,0.0,0.0,0.0,0.0
482.0,attacker[0],1,0.0,0.0,0.0,0.0,0.5,1.0,0.0,0.0,0.0,0.03
419.0,ue[4],0,0.0,0.0,0.0,0.0,0.5,1.0,0.0,0.0,0.0,0.019
48.0,attacker[2],1,0.018,0.0168,0.053571,0.007,0.50275,0.156667,1.0,0.120923,1.0,0.025
1221.0,attacker[0],1,0.0,0.0,0.0,0.0,0.5,1.0,0.0,0.0,0.0,0.0
216.0,ue[3],0,0.01,0.0107,0.046729,0.0,0.498333,0.716667,1.0,0.0,1.0,0.017
1415.0,ue[0],0,0.0,0.0,0.0,0.0,0.5,1.0,0.0,0.0,0.0,0.0
985.0,ue[2],0,0.0,0.0,0.0,0.0,0.5,1.0,0.0,0.0,0.0,0.0
214.0,ue[3],0,0.015,0.0109,0.068807,0.005,0.500417,0.71,1.0,0.117439,1.0,0.017
315.0,ue[2],0,0.0,0.0,0.0,0.0,0.5,1.0,0.333333,0.0,0.0,0.02
233.0,attacker[1],1,0.017,0.0164,0.051829,0.002,0.500167,0.773333,1.0,0.163787,1.0,0.029
153.0,attacker[1],1,0.018,0.017,0.052941,0.003,0.50075,0.506667,1.0,0.432427,1.0,0.029
1010.0,attacker[1],1,0.0,0.0,0.0,0.0,0.5,1.0,0.0,0.0,0.0,0.0
1173.0,ue[0],0,0.0,0.0,0.0,0.0,0.5,1.0,0.0,0.0,0.0,0.0
1253.0,ue[3],0,0.0,0.0,0.0,0.0,0.5,1.0,0.0,0.0,0.0,0.0
1259.0,attacker[0],1,0.0,0.0,0.0,0.0,0.5,1.0,0.0,0.0,0.0,0.0
682.0,ue[1],0,0.0,0.0,0.0,0.0,0.5,1.0,0.0,0.0,0.0,0.018
421.0,ue[2],0,0.0,0.0,0.0,0.0,0.5,1.0,0.0,0.0,0.0,0.02
1487.0,ue[1],0,0.0,0.0,0.0,0.0,0.5,1.0,0.0,0.0,0.0,0.0
561.0,ue[1],0,0.0,0.0,0.0,0.0,0.5,1.0,0.0,0.0,0.0,0.02
994.0,ue[4],0,0.0,0.0,0.0,0.0,0.5,1.0,0.0,0.0,0.0,0.0
606.0,attacker[1],1,0.0,0.0,0.0,0.0,0.5,1.0,0.0,0.0,0.0,0.029
610.0,attacker[2],1,0.0,0.0,0.0,0.0,0.5,1.0,0.0,0.0,0.0,0.03
570.0,attacker[1],1,0.0,0.0,0.0,0.0,0.5,1.0,0.0,0.0,0.0,0.029
1278.0,attacker[2],1,0.0,0.0,0.0,0.0,0.5,1.0,0.0,0.0,0.0,0.0
123.0,attacker[2],1,0.02,0.0177,0.056497,0.005,0.499583,0.406667,1.0,0.400892,1.0,0.025
656.0,attacker[1],1,0.0,0.0,0.0,0.0,0.5,1.0,0.0,0.0,0.0,0.025
1448.0,attacker[1],1,0.0,0.0,0.0,0.0,0.5,1.0,0.0,0.0,0.0,0.0
225.0,ue[3],0,0.014,0.0108,0.064815,0.004,0.503167,0.746667,1.0,0.056152,1.0,0.018
459.0,ue[2],0,0.0,0.0,0.0,0.0,0.5,1.0,0.0,0.0,0.0,0.02
1381.0,ue[3],0,0.0,0.0,0.0,0.0,0.5,1.0,0.0,0.0,0.0,0.0
1165.0,ue[3],0,0.0,0.0,0.0,0.0,0.5,1.0,0.0,0.0,0.0,0.0
229.0,attacker[2],1,0.01,0.0165,0.030303,0.004,0.496167,0.76,1.0,0.0,1.0,0.026
560.0,ue[0],0,0.0,0.0,0.0,0.0,0.5,1.0,0.0,0.0,0.0,0.022
55.0,attacker[1],1,0.017,0.0156,0.054487,0.0,0.501,0.18,1.0,0.205181,1.0,0.029
1497.0,attacker[2],1,0.0,0.0,0.0,0.0,0.5,1.0,0.0,0.0,0.0,0.0
505.0,attacker[2],1,0.0,0.0,0.0,0.0,0.5,1.0,0.0,0.0,0.0,0.03
93.0,ue[4],0,0.008,0.009,0.044444,0.005,0.501417,0.306667,1.0,0.0,1.0,0.019
364.0,attacker[2],1,0.0,0.0,0.0,0.0,0.5,1.0,0.0,0.0,0.0,0.03
775.0,attacker[2],1,0.0,0.0,0.0,0.0,0.5,1.0,0.0,0.0,0.0,0.025
941.0,ue[4],0,0.0,0.0,0.0,0.0,0.5,1.0,0.0,0.0,0.0,0.0
568.0,attacker[1],1,0.0,0.0,0.0,0.0,0.5,1.0,0.0,0.0,0.0,0.029
569.0,ue[2],0,0.0,0.0,0.0,0.0,0.5,1.0,0.0,0.0,0.0,0.02
1173.0,ue[3],0,0.0,0.0,0.0,0.0,0.5,1.0,0.0,0.0,0.0,0.0
1461.0,ue[0],0,0.0,0.0,0.0,0.0,0.5,1.0,0.0,0.0,0.0,0.0
293.0,ue[1],0,0.012,0.0091,0.065934,0.001,0.503083,0.973333,1.0,0.0,1.0,0.022
653.0,ue[0],0,0.0,0.0,0.0,0.0,0.5,1.0,0.0,0.0,0.0,0.022
506.0,ue[0],0,0.0,0.0,0.0,0.0,0.5,1.0,0.0,0.0,0.0,0.022
1475.0,attacker[1],1,0.0,0.0,0.0,0.0,0.5,1.0,0.0,0.0,0.0,0.0
1496.0,ue[0],0,0.0,0.0,0.0,0.0,0.5,1.0,0.0,0.0,0.0,0.0
1495.0,ue[2],0,0.0,0.0,0.0,0.0,0.5,1.0,0.0,0.0,0.0,0.0
1050.0,ue[1],0,0.0,0.0,0.0,0.0,0.5,1.0,0.0,0.0,0.0,0.0
614.0,attacker[2],1,0.0,0.0,0.0,0.0,0.5,1.0,0.0,0.0,0.0,0.03
1203.0,ue[3],0,0.0,0.0,0.0,0.0,0.5,1.0,0.0,0.0,0.0,0.0
1213.0,ue[3],0,0.0,0.0,0.0,0.0,0.5,1.0,0.0,0.0,0.0,0.0
1394.0,ue[2],0,0.0,0.0,0.0,0.0,0.5,1.0,0.0,0.0,0.0,0.0
544.0,ue[1],0,0.0,0.0,0.0,0.0,0.5,1.0,0.0,0.0,0.0,0.022
784.0,ue[2],0,0.0,0.0,0.0,0.0,0.5,1.0,0.0,0.0,0.0,0.013
1473.0,ue[1],0,0.0,0.0,0.0,0.0,0.5,1.0,0.0,0.0,0.0,0.0
1273.0,attacker[1],1,0.0,0.0,0.0,0.0,0.5,1.0,0.0,0.0,0.0,0.0
1459.0,ue[1],0,0.0,0.0,0.0,0.0,0.5,1.0,0.0,0.0,0.0,0.0
1171.0,attacker[1],1,0.0,0.0,0.0,0.0,0.5,1.0,0.0,0.0,0.0,0.0
1006.0,attacker[1],1,0.0,0.0,0.0,0.0,0.5,1.0,0.0,0.0,0.0,0.0
505.0,ue[0],0,0.0,0.0,0.0,0.0,0.5,1.0,0.0,0.0,0.0,0.022
1282.0,attacker[2],1,0.0,0.0,0.0,0.0,0.5,1.0,0.0,0.0,0.0,0.0
240.0,attacker[1],1,0.018,0.017,0.052941,0.001,0.500417,0.796667,1.0,0.140655,1.0,0.029
617.0,ue[0],0,0.0,0.0,0.0,0.0,0.5,1.0,0.0,0.0,0.0,0.022
428.0,attacker[2],1,0.0,0.0,0.0,0.0,0.5,1.0,0.0,0.0,0.0,0.03
216.0,ue[0],0,0.013,0.0104,0.0625,0.006,0.499333,0.716667,1.0,0.067082,1.0,0.018
288.0,attacker[1],1,0.015,0.0167,0.04491,0.004,0.499333,0.956667,1.0,0.111847,1.0,0.029
152.0,attacker[0],1,0.011,0.0152,0.036184,0.001,0.497417,0.503333,1.0,0.0,1.0,0.027
178.0,attacker[0],1,0.018,0.0156,0.057692,0.003,0.499917,0.59,1.0,0.27735,1.0,0.027
906.0,attacker[1],1,0.0,0.0,0.0,0.0,0.5,1.0,0.0,0.0,0.0,0.0
1134.0,attacker[0],1,0.0,0.0,0.0,0.0,0.5,1.0,0.0,0.0,0.0,0.0
958.0,attacker[0],1,0.0,0.0,0.0,0.0,0.5,1.0,0.0,0.0,0.0,0.0
525.0,ue[2],0,0.0,0.0,0.0,0.0,0.5,1.0,0.0,0.0,0.0,0.02
140.0,ue[2],0,0.008,0.01,0.04,0.004,0.497667,0.463333,1.0,0.0,1.0,0.018
1428.0,ue[2],0,0.0,0.0,0.0,0.0,0.5,1.0,0.0,0.0,0.0,0.0
1315.0,attacker[1],1,0.0,0.0,0.0,0.0,0.5,1.0,0.0,0.0,0.0,0.0
1484.0,attacker[0],1,0.0,0.0,0.0,0.0,0.5,1.0,0.0,0.0,0.0,0.0
660.0,ue[2],0,0.0,0.0,0.0,0.0,0.5,1.0,0.0,0.0,0.0,0.02
493.0,ue[0],0,0.0,0.0,0.0,0.0,0.5,1.0,0.0,0.0,0.0,0.022
1078.0,attacker[1],1,0.0,0.0,0.0,0.0,0.5,1.0,0.0,0.0,0.0,0.0
78.0,attacker[0],1,0.017,0.0184,0.046196,0.005,0.496417,0.256667,1.0,0.277746,1.0,0.027
515.0,attacker[0],1,0.0,0.0,0.0,0.0,0.5,1.0,0.0,0.0,0.0,0.03
1366.0,ue[0],0,0.0,0.0,0.0,0.0,0.5,1.0,0.0,0.0,0.0,0.0
217.0,ue[3],0,0.007,0.0102,0.034314,0.003,0.498417,0.72,1.0,0.0,1.0,0.017
1493.0,ue[3],0,0.0,0.0,0.0,0.0,0.5,1.0,0.0,0.0,0.0,0.0
1358.0,ue[1],0,0.0,0.0,0.0,0.0,0.5,1.0,0.0,0.0,0.0,0.0
369.0,ue[0],0,0.0,0.0,0.0,0.0,0.5,1.0,0.0,0.0,0.0,0.022
3.0,ue[2],0,0.008,0.00725,0.055172,0.005,0.5,0.006667,1.0,0.0,0.133333,0.013
746.0,ue[3],0,0.0,0.0,0.0,0.0,0.5,1.0,0.0,0.0,0.0,0.016
733.0,ue[1],0,0.0,0.0,0.0,0.0,0.5,1.0,0.0,0.0,0.0,0.018
822.0,ue[0],0,0.0,0.0,0.0,0.0,0.5,1.0,0.0,0.0,0.0,0.0
1475.0,ue[3],0,0.0,0.0,0.0,0.0,0.5,1.0,0.0,0.0,0.0,0.0
720.0,ue[3],0,0.0,0.0,0.0,0.0,0.5,1.0,0.0,0.0,0.0,0.018
432.0,ue[2],0,0.0,0.0,0.0,0.0,0.5,1.0,0.0,0.0,0.0,0.02
1435.0,attacker[1],1,0.0,0.0,0.0,0.0,0.5,1.0,0.0,0.0,0.0,0.0
1245.0,ue[1],0,0.0,0.0,0.0,0.0,0.5,1.0,0.0,0.0,0.0,0.0
91.0,attacker[1],1,0.016,0.0171,0.046784,0.011,0.502917,0.3,1.0,0.37021,1.0,0.029
525.0,ue[3],0,0.0,0.0,0.0,0.0,0.5,1.0,0.0,0.0,0.0,0.018
22.0,ue[2],0,0.006,0.0117,0.025641,0.006,0.498333,0.07,1.0,0.0,0.766667,0.018
1411.0,ue[2],0,0.0,0.0,0.0,0.0,0.5,1.0,0.0,0.0,0.0,0.0
1202.0,attacker[0],1,0.0,0.0,0.0,0.0,0.5,1.0,0.0,0.0,0.0,0.0
1213.0,ue[0],0,0.0,0.0,0.0,0.0,0.5,1.0,0.0,0.0,0.0,0.0
632.0,ue[3],0,0.0,0.0,0.0,0.0,0.5,1.0,0.0,0.0,0.0,0.018
566.0,ue[3],0,0.0,0.0,0.0,0.0,0.5,1.0,0.0,0.0,0.0,0.018
807.0,ue[4],0,0.0,0.0,0.0,0.0,0.5,1.0,0.0,0.0,0.0,0.0
368.0,ue[2],0,0.0,0.0,0.0,0.0,0.5,1.0,0.0,0.0,0.0,0.02
433.0,ue[4],0,0.0,0.0,0.0,0.0,0.5,1.0,0.0,0.0,0.0,0.019
878.0,attacker[0],1,0.0,0.0,0.0,0.0,0.5,1.0,0.0,0.0,0.0,0.0
270.0,ue[4],0,0.011,0.0108,0.050926,0.003,0.501417,0.896667,1.0,0.0,1.0,0.019
1460.0,ue[4],0,0.0,0.0,0.0,0.0,0.5,1.0,0.0,0.0,0.0,0.0
1311.0,ue[3],0,0.0,0.0,0.0,0.0,0.5,1.0,0.0,0.0,0.0,0.0
1240.0,ue[0],0,0.0,0.0,0.0,0.0,0.5,1.0,0.0,0.0,0.0,0.0
233.0,ue[1],0,0.011,0.0087,0.063218,0.007,0.500083,0.773333,1.0,0.0,1.0,0.022
390.0,attacker[2],1,0.0,0.0,0.0,0.0,0.5,1.0,0.0,0.0,0.0,0.03
916.0,ue[2],0,0.0,0.0,0.0,0.0,0.5,1.0,0.0,0.0,0.0,0.0
755.0,ue[1],0,0.0,0.0,0.0,0.0,0.5,1.0,0.0,0.0,0.0,0.018
290.0,attacker[0],1,0.022,0.0214,0.051402,0.001,0.498917,0.963333,1.0,0.346651,1.0,0.03
1114.0,attacker[0],1,0.0,0.0,0.0,0.0,0.5,1.0,0.0,0.0,0.0,0.0
1293.0,ue[0],0,0.0,0.0,0.0,0.0,0.5,1.0,0.0,0.0,0.0,0.0
524.0,ue[4],0,0.0,0.0,0.0,0.0,0.5,1.0,0.0,0.0,0.0,0.019
497.0,attacker[0],1,0.0,0.0,0.0,0.0,0.5,1.0,0.0,0.0,0.0,0.03
723.0,ue[3],0,0.0,0.0,0.0,0.0,0.5,1.0,0.0,0.0,0.0,0.018
1004.0,attacker[2],1,0.0,0.0,0.0,0.0,0.5,1.0,0.0,0.0,0.0,0.0
699.0,ue[4],0,0.0,0.0,0.0,0.0,0.5,1.0,0.0,0.0,0.0,0.018
884.0,ue[1],0,0.0,0.0,0.0,0.0,0.5,1.0,0.0,0.0,0.0,0.0
268.0,ue[3],0,0.008,0.0103,0.038835,0.002,0.498167,0.89,1.0,0.0,1.0,0.018
966.0,attacker[1],1,0.0,0.0,0.0,0.0,0.5,1.0,0.0,0.0,0.0,0.0
712.0,ue[2],0,0.0,0.0,0.0,0.0,0.5,1.0,0.0,0.0,0.0,0.02
387.0,ue[4],0,0.0,0.0,0.0,0.0,0.5,1.0,0.0,0.0,0.0,0.019
1151.0,attacker[1],1,0.0,0.0,0.0,0.0,0.5,1.0,0.0,0.0,0.0,0.0
1342.0,ue[0],0,0.0,0.0,0.0,0.0,0.5,1.0,0.0,0.0,0.0,0.0
215.0,ue[0],0,0.007,0.0102,0.034314,0.005,0.49975,0.713333,1.0,0.0,1.0,0.018
281.0,attacker[0],1,0.02,0.0148,0.067568,0.01,0.4995,0.933333,1.0,0.209871,1.0,0.027
747.0,attacker[2],1,0.0,0.0,0.0,0.0,0.5,1.0,0.0,0.0,0.0,0.026
538.0,ue[3],0,0.0,0.0,0.0,0.0,0.5,1.0,0.0,0.0,0.0,0.018
249.0,ue[1],0,0.009,0.0102,0.044118,0.002,0.500333,0.826667,1.0,0.0,1.0,0.022
583.0,ue[0],0,0.0,0.0,0.0,0.0,0.5,1.0,0.0,0.0,0.0,0.022
435.0,attacker[1],1,0.0,0.0,0.0,0.0,0.5,1.0,0.0,0.0,0.0,0.029
954.0,ue[4],0,0.0,0.0,0.0,0.0,0.5,1.0,0.0,0.0,0.0,0.0
551.0,ue[3],0,0.0,0.0,0.0,0.0,0.5,1.0,0.0,0.0,0.0,0.018
531.0,ue[3],0,0.0,0.0,0.0,0.0,0.5,1.0,0.0,0.0,0.0,0.018
249.0,ue[0],0,0.013,0.0111,0.058559,0.002,0.500667,0.826667,1.0,0.131685,1.0,0.018
413.0,ue[3],0,0.0,0.0,0.0,0.0,0.5,1.0,0.0,0.0,0.0,0.018
240.0,ue[4],0,0.015,0.009,0.083333,0.006,0.501167,0.796667,1.0,0.031761,1.0,0.019
1410.0,ue[2],0,0.0,0.0,0.0,0.0,0.5,1.0,0.0,0.0,0.0,0.0
77.0,ue[2],0,0.013,0.0093,0.069892,0.001,0.50125,0.253333,1.0,0.0,1.0,0.018
516.0,attacker[1],1,0.0,0.0,0.0,0.0,0.5,1.0,0.0,0.0,0.0,0.029
1143.0,attacker[1],1,0.0,0.0,0.0,0.0,0.5,1.0,0.0,0.0,0.0,0.0
255.0,ue[3],0,0.014,0.0112,0.0625,0.004,0.500333,0.846667,1.0,0.045785,1.0,0.018
691.0,ue[0],0,0.0,0.0,0.0,0.0,0.5,1.0,0.0,0.0,0.0,0.022
1023.0,attacker[1],1,0.0,0.0,0.0,0.0,0.5,1.0,0.0,0.0,0.0,0.0
245.0,ue[0],0,0.014,0.0109,0.06422,0.001,0.502417,0.813333,1.0,0.035921,1.0,0.018
804.0,ue[4],0,0.0,0.0,0.0,0.0,0.5,1.0,0.0,0.0,0.0,0.0
539.0,attacker[2],1,0.0,0.0,0.0,0.0,0.5,1.0,0.0,0.0,0.0,0.03
172.0,ue[2],0,0.013,0.0108,0.060185,0.004,0.499667,0.57,1.0,0.0,1.0,0.018
1439.0,ue[0],0,0.0,0.0,0.0,0.0,0.5,1.0,0.0,0.0,0.0,0.0
959.0,ue[3],0,0.0,0.0,0.0,0.0,0.5,1.0,0.0,0.0,0.0,0.0
1424.0,ue[3],0,0.0,0.0,0.0,0.0,0.5,1.0,0.0,0.0,0.0,0.0
288.0,attacker[2],1,0.014,0.0188,0.037234,0.002,0.4975,0.956667,1.0,0.062137,1.0,0.03
74.0,ue[0],0,0.018,0.0093,0.096774,0.009,0.50375,0.243333,1.0,0.083045,1.0,0.018
1343.0,ue[4],0,0.0,0.0,0.0,0.0,0.5,1.0,0.0,0.0,0.0,0.0
1049.0,ue[3],0,0.0,0.0,0.0,0.0,0.5,1.0,0.0,0.0,0.0,0.0
1196.0,attacker[1],1,0.0,0.0,0.0,0.0,0.5,1.0,0.0,0.0,0.0,0.0
1189.0,ue[2],0,0.0,0.0,0.0,0.0,0.5,1.0,0.0,0.0,0.0,0.0
535.0,attacker[0],1,0.0,0.0,0.0,0.0,0.5,1.0,0.0,0.0,0.0,0.03
568.0,attacker[2],1,0.0,0.0,0.0,0.0,0.5,1.0,0.0,0.0,0.0,0.03
1115.0,attacker[1],1,0.0,0.0,0.0,0.0,0.5,1.0,0.0,0.0,0.0,0.0
39.0,attacker[1],1,0.013,0.0176,0.036932,0.003,0.495583,0.126667,1.0,0.053241,1.0,0.029
938.0,ue[2],0,0.0,0.0,0.0,0.0,0.5,1.0,0.0,0.0,0.0,0.0
160.0,ue[4],0,0.012,0.0099,0.060606,0.006,0.502667,0.53,1.0,0.0,1.0,0.019
1131.0,ue[0],0,0.0,0.0,0.0,0.0,0.5,1.0,0.0,0.0,0.0,0.0
1289.0,ue[1],0,0.0,0.0,0.0,0.0,0.5,1.0,0.0,0.0,0.0,0.0
282.0,ue[3],0,0.009,0.0097,0.046392,0.0,0.500333,0.936667,1.0,0.0,1.0,0.018
216.0,ue[4],0,0.012,0.0098,0.061224,0.001,0.500583,0.716667,1.0,0.022361,1.0,0.019
1134.0,ue[3],0,0.0,0.0,0.0,0.0,0.5,1.0,0.0,0.0,0.0,0.0
1406.0,attacker[1],1,0.0,0.0,0.0,0.0,0.5,1.0,0.0,0.0,0.0,0.0
904.0,ue[0],0,0.0,0.0,0.0,0.0,0.5,1.0,0.0,0.0,0.0,0.0
322.0,ue[2],0,0.0,0.0,0.0,0.0,0.5,1.0,0.066667,0.0,0.0,0.02
1219.0,ue[1],0,0.0,0.0,0.0,0.0,0.5,1.0,0.0,0.0,0.0,0.0
49.0,attacker[1],1,0.014,0.0169,0.04142,0.004,0.499833,0.16,1.0,0.058554,1.0,0.029
1267.0,attacker[0],1,0.0,0.0,0.0,0.0,0.5,1.0,0.0,0.0,0.0,0.0
287.0,ue[0],0,0.012,0.0102,0.058824,0.006,0.4995,0.953333,1.0,0.0,1.0,0.022
568.0,ue[2],0,0.0,0.0,0.0,0.0,0.5,1.0,0.0,0.0,0.0,0.02
49.0,ue[3],0,0.012,0.0116,0.051724,0.002,0.501667,0.16,1.0,0.0,1.0,0.015
1051.0,ue[3],0,0.0,0.0,0.0,0.0,0.5,1.0,0.0,0.0,0.0,0.0
855.0,ue[2],0,0.0,0.0,0.0,0.0,0.5,1.0,0.0,0.0,0.0,0.0
633.0,ue[3],0,0.0,0.0,0.0,0.0,0.5,1.0,0.0,0.0,0.0,0.018
1241.0,ue[0],0,0.0,0.0,0.0,0.0,0.5,1.0,0.0,0.0,0.0,0.0
756.0,attacker[0],1,0.0,0.0,0.0,0.0,0.5,1.0,0.0,0.0,0.0,0.03
1222.0,attacker[1],1,0.0,0.0,0.0,0.0,0.5,1.0,0.0,0.0,0.0,0.0
903.0,attacker[2],1,0.0,0.0,0.0,0.0,0.5,1.0,0.0,0.0,0.0,0.0
5.0,attacker[1],1,0.019,0.015,0.063333,0.003,0.502083,0.013333,0.833333,0.347297,0.166667,0.029
522.0,ue[2],0,0.0,0.0,0.0,0.0,0.5,1.0,0.0,0.0,0.0,0.02
721.0,ue[1],0,0.0,0.0,0.0,0.0,0.5,1.0,0.0,0.0,0.0,0.018
1232.0,ue[0],0,0.0,0.0,0.0,0.0,0.5,1.0,0.0,0.0,0.0,0.0
1162.0,attacker[2],1,0.0,0.0,0.0,0.0,0.5,1.0,0.0,0.0,0.0,0.0
1072.0,ue[2],0,0.0,0.0,0.0,0.0,0.5,1.0,0.0,0.0,0.0,0.0
90.0,ue[3],0,0.015,0.0104,0.072115,0.006,0.5015,0.296667,1.0,0.009295,1.0,0.016
1252.0,attacker[2],1,0.0,0.0,0.0,0.0,0.5,1.0,0.0,0.0,0.0,0.0
560.0,ue[3],0,0.0,0.0,0.0,0.0,0.5,1.0,0.0,0.0,0.0,0.018
485.0,attacker[1],1,0.0,0.0,0.0,0.0,0.5,1.0,0.0,0.0,0.0,0.029
415.0,attacker[1],1,0.0,0.0,0.0,0.0,0.5,1.0,0.0,0.0,0.0,0.029
827.0,attacker[1],1,0.0,0.0,0.0,0.0,0.5,1.0,0.0,0.0,0.0,0.0
386.0,ue[0],0,0.0,0.0,0.0,0.0,0.5,1.0,0.0,0.0,0.0,0.022
789.0,ue[2],0,0.0,0.0,0.0,0.0,0.5,1.0,0.0,0.0,0.0,0.012
443.0,attacker[2],1,0.0,0.0,0.0,0.0,0.5,1.0,0.0,0.0,0.0,0.03
1224.0,ue[4],0,0.0,0.0,0.0,0.0,0.5,1.0,0.0,0.0,0.0,0.0
241.0,ue[0],0,0.009,0.0104,0.043269,0.002,0.5,0.8,1.0,0.0,1.0,0.018
494.0,ue[4],0,0.0,0.0,0.0,0.0,0.5,1.0,0.0,0.0,0.0,0.019
755.0,ue[0],0,0.0,0.0,0.0,0.0,0.5,1.0,0.0,0.0,0.0,0.022
1139.0,ue[3],0,0.0,0.0,0.0,0.0,0.5,1.0,0.0,0.0,0.0,0.0
1246.0,ue[0],0,0.0,0.0,0.0,0.0,0.5,1.0,0.0,0.0,0.0,0.0
989.0,attacker[2],1,0.0,0.0,0.0,0.0,0.5,1.0,0.0,0.0,0.0,0.0
219.0,ue[0],0,0.012,0.0104,0.057692,0.006,0.4995,0.726667,1.0,0.0,1.0,0.018
795.0,attacker[1],1,0.0,0.0,0.0,0.0,0.5,1.0,0.0,0.0,0.0,0.0
450.0,ue[1],0,0.0,0.0,0.0,0.0,0.5,1.0,0.0,0.0,0.0,0.022
938.0,ue[4],0,0.0,0.0,0.0,0.0,0.5,1.0,0.0,0.0,0.0,0.0
1038.0,attacker[1],1,0.0,0.0,0.0,0.0,0.5,1.0,0.0,0.0,0.0,0.0
284.0,ue[2],0,0.008,0.0083,0.048193,0.005,0.500583,0.943333,1.0,0.0,1.0,0.02
318.0,ue[3],0,0.0,0.0,0.0,0.0,0.5,1.0,0.2,0.0,0.0,0.018
1092.0,attacker[0],1,0.0,0.0,0.0,0.0,0.5,1.0,0.0,0.0,0.0,0.0
1494.0,ue[0],0,0.0,0.0,0.0,0.0,0.5,1.0,0.0,0.0,0.0,0.0
1399.0,attacker[2],1,0.0,0.0,0.0,0.0,0.5,1.0,0.0,0.0,0.0,0.0
1440.0,ue[4],0,0.0,0.0,0.0,0.0,0.5,1.0,0.0,0.0,0.0,0.0
936.0,ue[1],0,0.0,0.0,0.0,0.0,0.5,1.0,0.0,0.0,0.0,0.0
891.0,attacker[1],1,0.0,0.0,0.0,0.0,0.5,1.0,0.0,0.0,0.0,0.0
1129.0,ue[3],0,0.0,0.0,0.0,0.0,0.5,1.0,0.0,0.0,0.0,0.0
1073.0,attacker[1],1,0.0,0.0,0.0,0.0,0.5,1.0,0.0,0.0,0.0,0.0
509.0,ue[0],0,0.0,0.0,0.0,0.0,0.5,1.0,0.0,0.0,0.0,0.022
826.0,ue[1],0,0.0,0.0,0.0,0.0,0.5,1.0,0.0,0.0,0.0,0.0
820.0,attacker[2],1,0.0,0.0,0.0,0.0,0.5,1.0,0.0,0.0,0.0,0.0
1101.0,ue[3],0,0.0,0.0,0.0,0.0,0.5,1.0,0.0,0.0,0.0,0.0
627.0,attacker[1],1,0.0,0.0,0.0,0.0,0.5,1.0,0.0,0.0,0.0,0.029
1012.0,ue[4],0,0.0,0.0,0.0,0.0,0.5,1.0,0.0,0.0,0.0,0.0
435.0,attacker[0],1,0.0,0.0,0.0,0.0,0.5,1.0,0.0,0.0,0.0,0.03
1460.0,attacker[0],1,0.0,0.0,0.0,0.0,0.5,1.0,0.0,0.0,0.0,0.0
751.0,ue[2],0,0.0,0.0,0.0,0.0,0.5,1.0,0.0,0.0,0.0,0.014
705.0,ue[4],0,0.0,0.0,0.0,0.0,0.5,1.0,0.0,0.0,0.0,0.018
814.0,ue[1],0,0.0,0.0,0.0,0.0,0.5,1.0,0.0,0.0,0.0,0.0
221.0,ue[2],0,0.007,0.0085,0.041176,0.005,0.49925,0.733333,1.0,0.0,1.0,0.018
593.0,attacker[2],1,0.0,0.0,0.0,0.0,0.5,1.0,0.0,0.0,0.0,0.03
1473.0,attacker[2],1,0.0,0.0,0.0,0.0,0.5,1.0,0.0,0.0,0.0,0.0
809.0,attacker[1],1,0.0,0.0,0.0,0.0,0.5,1.0,0.0,0.0,0.0,0.0
1017.0,ue[0],0,0.0,0.0,0.0,0.0,0.5,1.0,0.0,0.0,0.0,0.0
269.0,attacker[1],1,0.02,0.0171,0.05848,0.007,0.499083,0.893333,1.0,0.184403,1.0,0.029
1170.0,ue[0],0,0.0,0.0,0.0,0.0,0.5,1.0,0.0,0.0,0.0,0.0
263.0,attacker[2],1,0.02,0.0156,0.064103,0.006,0.5,0.873333,1.0,0.295385,1.0,0.03
117.0,attacker[1],1,0.016,0.0158,0.050633,0.001,0.500417,0.386667,1.0,0.105,1.0,0.029
1158.0,attacker[2],1,0.0,0.0,0.0,0.0,0.5,1.0,0.0,0.0,0.0,0.0
996.0,attacker[2],1,0.0,0.0,0.0,0.0,0.5,1.0,0.0,0.0,0.0,0.0
355.0,ue[2],0,0.0,0.0,0.0,0.0,0.5,1.0,0.0,0.0,0.0,0.02
1160.0,ue[3],0,0.0,0.0,0.0,0.0,0.5,1.0,0.0,0.0,0.0,0.0
32.0,attacker[1],1,0.02,0.0181,0.055249,0.001,0.502083,0.103333,1.0,0.493307,1.0,0.029
1160.0,ue[4],0,0.0,0.0,0.0,0.0,0.5,1.0,0.0,0.0,0.0,0.0
531.0,ue[4],0,0.0,0.0,0.0,0.0,0.5,1.0,0.0,0.0,0.0,0.019
1451.0,attacker[0],1,0.0,0.0,0.0,0.0,0.5,1.0,0.0,0.0,0.0,0.0
662.0,attacker[2],1,0.0,0.0,0.0,0.0,0.5,1.0,0.0,0.0,0.0,0.03
1315.0,attacker[2],1,0.0,0.0,0.0,0.0,0.5,1.0,0.0,0.0,0.0,0.0
1467.0,ue[1],0,0.0,0.0,0.0,0.0,0.5,1.0,0.0,0.0,0.0,0.0
937.0,attacker[0],1,0.0,0.0,0.0,0.0,0.5,1.0,0.0,0.0,0.0,0.0
386.0,ue[4],0,0.0,0.0,0.0,0.0,0.5,1.0,0.0,0.0,0.0,0.019
978.0,attacker[0],1,0.0,0.0,0.0,0.0,0.5,1.0,0.0,0.0,0.0,0.0
926.0,ue[4],0,0.0,0.0,0.0,0.0,0.5,1.0,0.0,0.0,0.0,0.0
1074.0,ue[1],0,0.0,0.0,0.0,0.0,0.5,1.0,0.0,0.0,0.0,0.0
531.0,attacker[2],1,0.0,0.0,0.0,0.0,0.5,1.0,0.0,0.0,0.0,0.03
1056.0,attacker[2],1,0.0,0.0,0.0,0.0,0.5,1.0,0.0,0.0,0.0,0.0
319.0,ue[0],0,0.0,0.0,0.0,0.0,0.5,1.0,0.166667,0.0,0.0,0.022
1041.0,ue[1],0,0.0,0.0,0.0,0.0,0.5,1.0,0.0,0.0,0.0,0.0
662.0,ue[3],0,0.0,0.0,0.0,0.0,0.5,1.0,0.0,0.0,0.0,0.018
1393.0,ue[4],0,0.0,0.0,0.0,0.0,0.5,1.0,0.0,0.0,0.0,0.0
799.0,attacker[0],1,0.0,0.0,0.0,0.0,0.5,1.0,0.0,0.0,0.0,0.0
1159.0,attacker[0],1,0.0,0.0,0.0,0.0,0.5,1.0,0.0,0.0,0.0,0.0
204.0,ue[3],0,0.007,0.0097,0.036082,0.0,0.497167,0.676667,1.0,0.0,1.0,0.017
759.0,attacker[2],1,0.0,0.0,0.0,0.0,0.5,1.0,0.0,0.0,0.0,0.026
291.0,attacker[2],1,0.018,0.0175,0.051429,0.002,0.501167,0.966667,1.0,0.256515,1.0,0.03
341.0,ue[1],0,0.0,0.0,0.0,0.0,0.5,1.0,0.0,0.0,0.0,0.022
766.0,ue[4],0,0.0,0.0,0.0,0.0,0.5,1.0,0.0,0.0,0.0,0.018
554.0,ue[0],0,0.0,0.0,0.0,0.0,0.5,1.0,0.0,0.0,0.0,0.022
906.0,ue[0],0,0.0,0.0,0.0,0.0,0.5,1.0,0.0,0.0,0.0,0.0
765.0,ue[4],0,0.0,0.0,0.0,0.0,0.5,1.0,0.0,0.0,0.0,0.018
976.0,ue[1],0,0.0,0.0,0.0,0.0,0.5,1.0,0.0,0.0,0.0,0.0
338.0,attacker[1],1,0.0,0.0,0.0,0.0,0.5,1.0,0.0,0.0,0.0,0.029
563.0,ue[0],0,0.0,0.0,0.0,0.0,0.5,1.0,0.0,0.0,0.0,0.022
1050.0,ue[0],0,0.0,0.0,0.0,0.0,0.5,1.0,0.0,0.0,0.0,0.0
970.0,ue[2],0,0.0,0.0,0.0,0.0,0.5,1.0,0.0,0.0,0.0,0.0
693.0,ue[0],0,0.0,0.0,0.0,0.0,0.5,1.0,0.0,0.0,0.0,0.022
1338.0,attacker[0],1,0.0,0.0,0.0,0.0,0.5,1.0,0.0,0.0,0.0,0.0
277.0,ue[2],0,0.006,0.0086,0.034884,0.002,0.499333,0.92,1.0,0.0,1.0,0.02
862.0,ue[0],0,0.0,0.0,0.0,0.0,0.5,1.0,0.0,0.0,0.0,0.0
1033.0,ue[4],0,0.0,0.0,0.0,0.0,0.5,1.0,0.0,0.0,0.0,0.0
859.0,ue[0],0,0.0,0.0,0.0,0.0,0.5,1.0,0.0,0.0,0.0,0.0
1499.0,attacker[1],1,0.0,0.0,0.0,0.0,0.5,1.0,0.0,0.0,0.0,0.0
536.0,attacker[0],1,0.0,0.0,0.0,0.0,0.5,1.0,0.0,0.0,0.0,0.03
1032.0,ue[2],0,0.0,0.0,0.0,0.0,0.5,1.0,0.0,0.0,0.0,0.0
906.0,attacker[2],1,0.0,0.0,0.0,0.0,0.5,1.0,0.0,0.0,0.0,0.0
797.0,attacker[0],1,0.0,0.0,0.0,0.0,0.5,1.0,0.0,0.0,0.0,0.0
42.0,ue[2],0,0.011,0.0092,0.059783,0.003,0.50025,0.136667,1.0,0.0,1.0,0.018
686.0,ue[0],0,0.0,0.0,0.0,0.0,0.5,1.0,0.0,0.0,0.0,0.022
281.0,attacker[2],1,0.025,0.0179,0.069832,0.006,0.503,0.933333,1.0,0.396422,1.0,0.03
880.0,attacker[0],1,0.0,0.0,0.0,0.0,0.5,1.0,0.0,0.0,0.0,0.0
1312.0,ue[4],0,0.0,0.0,0.0,0.0,0.5,1.0,0.0,0.0,0.0,0.0
648.0,attacker[2],1,0.0,0.0,0.0,0.0,0.5,1.0,0.0,0.0,0.0,0.03
999.0,attacker[1],1,0.0,0.0,0.0,0.0,0.5,1.0,0.0,0.0,0.0,0.0
1104.0,attacker[0],1,0.0,0.0,0.0,0.0,0.5,1.0,0.0,0.0,0.0,0.0
802.0,ue[4],0,0.0,0.0,0.0,0.0,0.5,1.0,0.0,0.0,0.0,0.0
1465.0,attacker[1],1,0.0,0.0,0.0,0.0,0.5,1.0,0.0,0.0,0.0,0.0
1255.0,attacker[1],1,0.0,0.0,0.0,0.0,0.5,1.0,0.0,0.0,0.0,0.0
759.0,ue[4],0,0.0,0.0,0.0,0.0,0.5,1.0,0.0,0.0,0.0,0.018
799.0,attacker[1],1,0.0,0.0,0.0,0.0,0.5,1.0,0.0,0.0,0.0,0.0
1065.0,attacker[2],1,0.0,0.0,0.0,0.0,0.5,1.0,0.0,0.0,0.0,0.0
538.0,ue[2],0,0.0,0.0,0.0,0.0,0.5,1.0,0.0,0.0,0.0,0.02
374.0,ue[4],0,0.0,0.0,0.0,0.0,0.5,1.0,0.0,0.0,0.0,0.019
952.0,ue[3],0,0.0,0.0,0.0,0.0,0.5,1.0,0.0,0.0,0.0,0.0
817.0,ue[4],0,0.0,0.0,0.0,0.0,0.5,1.0,0.0,0.0,0.0,0.0
313.0,ue[3],0,0.0,0.0,0.0,0.0,0.5,1.0,0.366667,0.0,0.0,0.018
946.0,attacker[2],1,0.0,0.0,0.0,0.0,0.5,1.0,0.0,0.0,0.0,0.0
232.0,attacker[1],1,0.019,0.016,0.059375,0.004,0.499667,0.77,1.0,0.275079,1.0,0.029
209.0,ue[4],0,0.005,0.0103,0.024272,0.001,0.49825,0.693333,1.0,0.0,1.0,0.019
619.0,ue[0],0,0.0,0.0,0.0,0.0,0.5,1.0,0.0,0.0,0.0,0.022
1478.0,ue[2],0,0.0,0.0,0.0,0.0,0.5,1.0,0.0,0.0,0.0,0.0
695.0,ue[3],0,0.0,0.0,0.0,0.0,0.5,1.0,0.0,0.0,0.0,0.018
681.0,ue[2],0,0.0,0.0,0.0,0.0,0.5,1.0,0.0,0.0,0.0,0.02
1275.0,attacker[1],1,0.0,0.0,0.0,0.0,0.5,1.0,0.0,0.0,0.0,0.0
113.0,attacker[2],1,0.016,0.0166,0.048193,0.002,0.4995,0.373333,1.0,0.250959,1.0,0.025
709.0,ue[2],0,0.0,0.0,0.0,0.0,0.5,1.0,0.0,0.0,0.0,0.02
1071.0,ue[2],0,0.0,0.0,0.0,0.0,0.5,1.0,0.0,0.0,0.0,0.0
357.0,attacker[1],1,0.0,0.0,0.0,0.0,0.5,1.0,0.0,0.0,0.0,0.029
1372.0,ue[2],0,0.0,0.0,0.0,0.0,0.5,1.0,0.0,0.0,0.0,0.0
1166.0,attacker[1],1,0.0,0.0,0.0,0.0,0.5,1.0,0.0,0.0,0.0,0.0
603.0,ue[2],0,0.0,0.0,0.0,0.0,0.5,1.0,0.0,0.0,0.0,0.02
541.0,ue[0],0,0.0,0.0,0.0,0.0,0.5,1.0,0.0,0.0,0.0,0.022
1294.0,ue[1],0,0.0,0.0,0.0,0.0,0.5,1.0,0.0,0.0,0.0,0.0
207.0,attacker[2],1,0.012,0.0145,0.041379,0.002,0.498,0.686667,1.0,0.05595,1.0,0.025
841.0,ue[0],0,0.0,0.0,0.0,0.0,0.5,1.0,0.0,0.0,0.0,0.0
517.0,ue[4],0,0.0,0.0,0.0,0.0,0.5,1.0,0.0,0.0,0.0,0.019
95.0,ue[2],0,0.006,0.0103,0.029126,0.004,0.497667,0.313333,1.0,0.0,1.0,0.018
464.0,ue[3],0,0.0,0.0,0.0,0.0,0.5,1.0,0.0,0.0,0.0,0.018
716.0,attacker[0],1,0.0,0.0,0.0,0.0,0.5,1.0,0.0,0.0,0.0,0.03
248.0,attacker[1],1,0.018,0.016,0.05625,0.001,0.500917,0.823333,1.0,0.292625,1.0,0.029
1164.0,ue[2],0,0.0,0.0,0.0,0.0,0.5,1.0,0.0,0.0,0.0,0.0
314.0,ue[2],0,0.0,0.0,0.0,0.0,0.5,1.0,0.333333,0.0,0.0,0.02
957.0,ue[1],0,0.0,0.0,0.0,0.0,0.5,1.0,0.0,0.0,0.0,0.0
713.0,attacker[0],1,0.0,0.0,0.0,0.0,0.5,1.0,0.0,0.0,0.0,0.03
1104.0,ue[2],0,0.0,0.0,0.0,0.0,0.5,1.0,0.0,0.0,0.0,0.0
1283.0,attacker[1],1,0.0,0.0,0.0,0.0,0.5,1.0,0.0,0.0,0.0,0.0
1371.0,ue[1],0,0.0,0.0,0.0,0.0,0.5,1.0,0.0,0.0,0.0,0.0
500.0,attacker[1],1,0.0,0.0,0.0,0.0,0.5,1.0,0.0,0.0,0.0,0.029
729.0,attacker[0],1,0.0,0.0,0.0,0.0,0.5,1.0,0.0,0.0,0.0,0.03
270.0,attacker[0],1,0.013,0.0181,0.035912,0.009,0.500417,0.896667,1.0,0.15396,1.0,0.027
420.0,attacker[1],1,0.0,0.0,0.0,0.0,0.5,1.0,0.0,0.0,0.0,0.029
792.0,ue[3],0,0.0,0.0,0.0,0.0,0.5,1.0,0.0,0.0,0.0,0.014
931.0,ue[2],0,0.0,0.0,0.0,0.0,0.5,1.0,0.0,0.0,0.0,0.0
1009.0,ue[0],0,0.0,0.0,0.0,0.0,0.5,1.0,0.0,0.0,0.0,0.0
319.0,ue[4],0,0.0,0.0,0.0,0.0,0.5,1.0,0.166667,0.0,0.0,0.019
283.0,attacker[0],1,0.018,0.0173,0.052023,0.011,0.504583,0.94,1.0,0.214606,1.0,0.029
1229.0,attacker[1],1,0.0,0.0,0.0,0.0,0.5,1.0,0.0,0.0,0.0,0.0
1108.0,ue[3],0,0.0,0.0,0.0,0.0,0.5,1.0,0.0,0.0,0.0,0.0
1416.0,attacker[2],1,0.0,0.0,0.0,0.0,0.5,1.0,0.0,0.0,0.0,0.0
1079.0,attacker[1],1,0.0,0.0,0.0,0.0,0.5,1.0,0.0,0.0,0.0,0.0
1257.0,ue[0],0,0.0,0.0,0.0,0.0,0.5,1.0,0.0,0.0,0.0,0.0
544.0,ue[3],0,0.0,0.0,0.0,0.0,0.5,1.0,0.0,0.0,0.0,0.018
727.0,attacker[1],1,0.0,0.0,0.0,0.0,0.5,1.0,0.0,0.0,0.0,0.025
1204.0,attacker[2],1,0.0,0.0,0.0,0.0,0.5,1.0,0.0,0.0,0.0,0.0
1495.0,ue[1],0,0.0,0.0,0.0,0.0,0.5,1.0,0.0,0.0,0.0,0.0
1377.0,attacker[2],1,0.0,0.0,0.0,0.0,0.5,1.0,0.0,0.0,0.0,0.0
1474.0,ue[2],0,0.0,0.0,0.0,0.0,0.5,1.0,0.0,0.0,0.0,0.0
1445.0,ue[1],0,0.0,0.0,0.0,0.0,0.5,1.0,0.0,0.0,0.0,0.0
122.0,attacker[2],1,0.015,0.0173,0.043353,0.005,0.50075,0.403333,1.0,0.150039,1.0,0.025
231.0,attacker[2],1,0.021,0.017,0.061765,0.011,0.49925,0.766667,1.0,0.341706,1.0,0.026
126.0,ue[3],0,0.017,0.0101,0.084158,0.013,0.499417,0.416667,1.0,0.118797,1.0,0.017
1324.0,attacker[2],1,0.0,0.0,0.0,0.0,0.5,1.0,0.0,0.0,0.0,0.0
242.0,ue[4],0,0.006,0.0096,0.03125,0.007,0.49875,0.803333,1.0,0.0,1.0,0.019
733.0,ue[0],0,0.0,0.0,0.0,0.0,0.5,1.0,0.0,0.0,0.0,0.022
1363.0,attacker[0],1,0.0,0.0,0.0,0.0,0.5,1.0,0.0,0.0,0.0,0.0
944.0,attacker[2],1,0.0,0.0,0.0,0.0,0.5,1.0,0.0,0.0,0.0,0.0
891.0,attacker[2],1,0.0,0.0,0.0,0.0,0.5,1.0,0.0,0.0,0.0,0.0
1084.0,ue[1],0,0.0,0.0,0.0,0.0,0.5,1.0,0.0,0.0,0.0,0.0
1016.0,attacker[2],1,0.0,0.0,0.0,0.0,0.5,1.0,0.0,0.0,0.0,0.0
1355.0,attacker[2],1,0.0,0.0,0.0,0.0,0.5,1.0,0.0,0.0,0.0,0.0
1046.0,ue[3],0,0.0,0.0,0.0,0.0,0.5,1.0,0.0,0.0,0.0,0.0
521.0,ue[2],0,0.0,0.0,0.0,0.0,0.5,1.0,0.0,0.0,0.0,0.02
170.0,ue[0],0,0.014,0.0101,0.069307,0.011,0.49825,0.563333,1.0,0.005682,1.0,0.018
1072.0,ue[0],0,0.0,0.0,0.0,0.0,0.5,1.0,0.0,0.0,0.0,0.0
969.0,ue[2],0,0.0,0.0,0.0,0.0,0.5,1.0,0.0,0.0,0.0,0.0
573.0,ue[3],0,0.0,0.0,0.0,0.0,0.5,1.0,0.0,0.0,0.0,0.018
143.0,attacker[0],1,0.016,0.0152,0.052632,0.003,0.500917,0.473333,1.0,0.102015,1.0,0.027
349.0,ue[4],0,0.0,0.0,0.0,0.0,0.5,1.0,0.0,0.0,0.0,0.019
939.0,ue[1],0,0.0,0.0,0.0,0.0,0.5,1.0,0.0,0.0,0.0,0.0
462.0,ue[2],0,0.0,0.0,0.0,0.0,0.5,1.0,0.0,0.0,0.0,0.02
651.0,attacker[1],1,0.0,0.0,0.0,0.0,0.5,1.0,0.0,0.0,0.0,0.025
793.0,ue[1],0,0.0,0.0,0.0,0.0,0.5,1.0,0.0,0.0,0.0,0.012
1386.0,ue[4],0,0.0,0.0,0.0,0.0,0.5,1.0,0.0,0.0,0.0,0.0
676.0,ue[0],0,0.0,0.0,0.0,0.0,0.5,1.0,0.0,0.0,0.0,0.022
1042.0,ue[1],0,0.0,0.0,0.0,0.0,0.5,1.0,0.0,0.0,0.0,0.0
138.0,ue[4],0,0.01,0.0092,0.054348,0.003,0.499917,0.456667,1.0,0.0,1.0,0.019
469.0,ue[1],0,0.0,0.0,0.0,0.0,0.5,1.0,0.0,0.0,0.0,0.022
1339.0,ue[0],0,0.0,0.0,0.0,0.0,0.5,1.0,0.0,0.0,0.0,0.0
1169.0,ue[1],0,0.0,0.0,0.0,0.0,0.5,1.0,0.0,0.0,0.0,0.0
753.0,attacker[1],1,0.0,0.0,0.0,0.0,0.5,1.0,0.0,0.0,0.0,0.025
1432.0,attacker[2],1,0.0,0.0,0.0,0.0,0.5,1.0,0.0,0.0,0.0,0.0
1325.0,attacker[1],1,0.0,0.0,0.0,0.0,0.5,1.0,0.0,0.0,0.0,0.0
8.0,attacker[1],1,0.022,0.016889,0.065132,0.002,0.500333,0.023333,0.888889,0.281411,0.266667,0.029
853.0,ue[4],0,0.0,0.0,0.0,0.0,0.5,1.0,0.0,0.0,0.0,0.0
434.0,ue[1],0,0.0,0.0,0.0,0.0,0.5,1.0,0.0,0.0,0.0,0.022
194.0,ue[0],0,0.013,0.0101,0.064356,0.002,0.500667,0.643333,1.0,0.104056,1.0,0.018
1120.0,attacker[0],1,0.0,0.0,0.0,0.0,0.5,1.0,0.0,0.0,0.0,0.0
1340.0,ue[2],0,0.0,0.0,0.0,0.0,0.5,1.0,0.0,0.0,0.0,0.0
1082.0,ue[0],0,0.0,0.0,0.0,0.0,0.5,1.0,0.0,0.0,0.0,0.0
619.0,ue[3],0,0.0,0.0,0.0,0.0,0.5,1.0,0.0,0.0,0.0,0.018
1067.0,ue[2],0,0.0,0.0,0.0,0.0,0.5,1.0,0.0,0.0,0.0,0.0
984.0,ue[3],0,0.0,0.0,0.0,0.0,0.5,1.0,0.0,0.0,0.0,0.0
139.0,ue[1],0,0.009,0.0093,0.048387,0.004,0.499167,0.46,1.0,0.0,1.0,0.022
395.0,ue[3],0,0.0,0.0,0.0,0.0,0.5,1.0,0.0,0.0,0.0,0.018
710.0,ue[3],0,0.0,0.0,0.0,0.0,0.5,1.0,0.0,0.0,0.0,0.018
448.0,ue[1],0,0.0,0.0,0.0,0.0,0.5,1.0,0.0,0.0,0.0,0.022
1291.0,attacker[1],1,0.0,0.0,0.0,0.0,0.5,1.0,0.0,0.0,0.0,0.0
782.0,attacker[2],1,0.0,0.0,0.0,0.0,0.5,1.0,0.0,0.0,0.0,0.025
1417.0,attacker[0],1,0.0,0.0,0.0,0.0,0.5,1.0,0.0,0.0,0.0,0.0
948.0,ue[4],0,0.0,0.0,0.0,0.0,0.5,1.0,0.0,0.0,0.0,0.0
1257.0,ue[4],0,0.0,0.0,0.0,0.0,0.5,1.0,0.0,0.0,0.0,0.0
1089.0,ue[1],0,0.0,0.0,0.0,0.0,0.5,1.0,0.0,0.0,0.0,0.0
15.0,ue[2],0,0.017,0.0106,0.080189,0.012,0.499333,0.046667,1.0,0.212132,0.533333,0.017
267.0,attacker[0],1,0.016,0.0173,0.046243,0.001,0.49875,0.886667,1.0,0.112056,1.0,0.027
780.0,ue[0],0,0.0,0.0,0.0,0.0,0.5,1.0,0.0,0.0,0.0,0.014
755.0,attacker[1],1,0.0,0.0,0.0,0.0,0.5,1.0,0.0,0.0,0.0,0.025
988.0,ue[1],0,0.0,0.0,0.0,0.0,0.5,1.0,0.0,0.0,0.0,0.0
170.0,attacker[2],1,0.02,0.0161,0.062112,0.003,0.50175,0.563333,1.0,0.278414,1.0,0.025
945.0,attacker[2],1,0.0,0.0,0.0,0.0,0.5,1.0,0.0,0.0,0.0,0.0
187.0,ue[4],0,0.005,0.0101,0.024752,0.01,0.498167,0.62,1.0,0.0,1.0,0.019
1209.0,attacker[2],1,0.0,0.0,0.0,0.0,0.5,1.0,0.0,0.0,0.0,0.0
884.0,attacker[1],1,0.0,0.0,0.0,0.0,0.5,1.0,0.0,0.0,0.0,0.0
131.0,attacker[0],1,0.017,0.0148,0.057432,0.002,0.501,0.433333,1.0,0.288926,1.0,0.027
637.0,ue[0],0,0.0,0.0,0.0,0.0,0.5,1.0,0.0,0.0,0.0,0.022
443.0,ue[0],0,0.0,0.0,0.0,0.0,0.5,1.0,0.0,0.0,0.0,0.022
1437.0,ue[4],0,0.0,0.0,0.0,0.0,0.5,1.0,0.0,0.0,0.0,0.0
1347.0,ue[4],0,0.0,0.0,0.0,0.0,0.5,1.0,0.0,0.0,0.0,0.0
590.0,ue[0],0,0.0,0.0,0.0,0.0,0.5,1.0,0.0,0.0,0.0,0.022
12.0,attacker[0],1,0.019,0.0179,0.053073,0.002,0.499167,0.036667,0.923077,0.194099,0.4,0.023
676.0,attacker[2],1,0.0,0.0,0.0,0.0,0.5,1.0,0.0,0.0,0.0,0.03
481.0,ue[4],0,0.0,0.0,0.0,0.0,0.5,1.0,0.0,0.0,0.0,0.019
596.0,ue[3],0,0.0,0.0,0.0,0.0,0.5,1.0,0.0,0.0,0.0,0.018
587.0,ue[2],0,0.0,0.0,0.0,0.0,0.5,1.0,0.0,0.0,0.0,0.02
981.0,attacker[0],1,0.0,0.0,0.0,0.0,0.5,1.0,0.0,0.0,0.0,0.0
1457.0,attacker[0],1,0.0,0.0,0.0,0.0,0.5,1.0,0.0,0.0,0.0,0.0
1497.0,ue[1],0,0.0,0.0,0.0,0.0,0.5,1.0,0.0,0.0,0.0,0.0
1254.0,ue[3],0,0.0,0.0,0.0,0.0,0.5,1.0,0.0,0.0,0.0,0.0
82.0,attacker[2],1,0.016,0.0162,0.049383,0.006,0.501667,0.27,1.0,0.12189,1.0,0.025
79.0,ue[4],0,0.012,0.0104,0.057692,0.003,0.500583,0.26,1.0,0.0,1.0,0.019
634.0,ue[3],0,0.0,0.0,0.0,0.0,0.5,1.0,0.0,0.0,0.0,0.018
640.0,ue[2],0,0.0,0.0,0.0,0.0,0.5,1.0,0.0,0.0,0.0,0.02
378.0,attacker[0],1,0.0,0.0,0.0,0.0,0.5,1.0,0.0,0.0,0.0,0.03
30.0,ue[2],0,0.017,0.0112,0.075893,0.003,0.503083,0.096667,1.0,0.307134,1.0,0.018
665.0,ue[0],0,0.0,0.0,0.0,0.0,0.5,1.0,0.0,0.0,0.0,0.022
1319.0,attacker[2],1,0.0,0.0,0.0,0.0,0.5,1.0,0.0,0.0,0.0,0.0
660.0,ue[3],0,0.0,0.0,0.0,0.0,0.5,1.0,0.0,0.0,0.0,0.018
1262.0,ue[0],0,0.0,0.0,0.0,0.0,0.5,1.0,0.0,0.0,0.0,0.0
1273.0,ue[4],0,0.0,0.0,0.0,0.0,0.5,1.0,0.0,0.0,0.0,0.0
956.0,ue[3],0,0.0,0.0,0.0,0.0,0.5,1.0,0.0,0.0,0.0,0.0
718.0,attacker[1],1,0.0,0.0,0.0,0.0,0.5,1.0,0.0,0.0,0.0,0.025
1178.0,ue[2],0,0.0,0.0,0.0,0.0,0.5,1.0,0.0,0.0,0.0,0.0
913.0,ue[1],0,0.0,0.0,0.0,0.0,0.5,1.0,0.0,0.0,0.0,0.0
1193.0,ue[0],0,0.0,0.0,0.0,0.0,0.5,1.0,0.0,0.0,0.0,0.0
1157.0,ue[2],0,0.0,0.0,0.0,0.0,0.5,1.0,0.0,0.0,0.0,0.0
933.0,ue[4],0,0.0,0.0,0.0,0.0,0.5,1.0,0.0,0.0,0.0,0.0
470.0,ue[3],0,0.0,0.0,0.0,0.0,0.5,1.0,0.0,0.0,0.0,0.018
911.0,ue[3],0,0.0,0.0,0.0,0.0,0.5,1.0,0.0,0.0,0.0,0.0
447.0,attacker[0],1,0.0,0.0,0.0,0.0,0.5,1.0,0.0,0.0,0.0,0.03
984.0,attacker[1],1,0.0,0.0,0.0,0.0,0.5,1.0,0.0,0.0,0.0,0.0
422.0,ue[1],0,0.0,0.0,0.0,0.0,0.5,1.0,0.0,0.0,0.0,0.022
58.0,ue[2],0,0.011,0.0095,0.057895,0.003,0.499917,0.19,1.0,0.064509,1.0,0.018
1232.0,ue[4],0,0.0,0.0,0.0,0.0,0.5,1.0,0.0,0.0,0.0,0.0
254.0,ue[0],0,0.014,0.0101,0.069307,0.004,0.5025,0.843333,1.0,0.141716,1.0,0.018
696.0,ue[3],0,0.0,0.0,0.0,0.0,0.5,1.0,0.0,0.0,0.0,0.018
145.0,ue[1],0,0.011,0.0088,0.0625,0.002,0.502,0.48,1.0,0.0,1.0,0.022
953.0,ue[4],0,0.0,0.0,0.0,0.0,0.5,1.0,0.0,0.0,0.0,0.0
565.0,attacker[0],1,0.0,0.0,0.0,0.0,0.5,1.0,0.0,0.0,0.0,0.03
1313.0,ue[0],0,0.0,0.0,0.0,0.0,0.5,1.0,0.0,0.0,0.0,0.0
1163.0,ue[4],0,0.0,0.0,0.0,0.0,0.5,1.0,0.0,0.0,0.0,0.0
728.0,ue[0],0,0.0,0.0,0.0,0.0,0.5,1.0,0.0,0.0,0.0,0.022
1206.0,attacker[1],1,0.0,0.0,0.0,0.0,0.5,1.0,0.0,0.0,0.0,0.0
1082.0,ue[1],0,0.0,0.0,0.0,0.0,0.5,1.0,0.0,0.0,0.0,0.0
127.0,ue[4],0,0.005,0.0103,0.024272,0.009,0.498417,0.42,1.0,0.0,1.0,0.019
1232.0,attacker[2],1,0.0,0.0,0.0,0.0,0.5,1.0,0.0,0.0,0.0,0.0
714.0,attacker[0],1,0.0,0.0,0.0,0.0,0.5,1.0,0.0,0.0,0.0,0.03
928.0,attacker[2],1,0.0,0.0,0.0,0.0,0.5,1.0,0.0,0.0,0.0,0.0
820.0,attacker[0],1,0.0,0.0,0.0,0.0,0.5,1.0,0.0,0.0,0.0,0.0
454.0,attacker[0],1,0.0,0.0,0.0,0.0,0.5,1.0,0.0,0.0,0.0,0.03
1290.0,ue[2],0,0.0,0.0,0.0,0.0,0.5,1.0,0.0,0.0,0.0,0.0
240.0,ue[1],0,0.008,0.0097,0.041237,0.004,0.5005,0.796667,1.0,0.0,1.0,0.022
613.0,ue[1],0,0.0,0.0,0.0,0.0,0.5,1.0,0.0,0.0,0.0,0.02
908.0,ue[4],0,0.0,0.0,0.0,0.0,0.5,1.0,0.0,0.0,0.0,0.0
1191.0,attacker[1],1,0.0,0.0,0.0,0.0,0.5,1.0,0.0,0.0,0.0,0.0
361.0,ue[4],0,0.0,0.0,0.0,0.0,0.5,1.0,0.0,0.0,0.0,0.019
1393.0,ue[1],0,0.0,0.0,0.0,0.0,0.5,1.0,0.0,0.0,0.0,0.0
244.0,ue[0],0,0.015,0.0105,0.071429,0.004,0.501667,0.81,1.0,0.07316,1.0,0.018
208.0,attacker[1],1,0.015,0.0158,0.047468,0.003,0.496917,0.69,1.0,0.142053,1.0,0.029
836.0,attacker[2],1,0.0,0.0,0.0,0.0,0.5,1.0,0.0,0.0,0.0,0.0
1181.0,ue[0],0,0.0,0.0,0.0,0.0,0.5,1.0,0.0,0.0,0.0,0.0
295.0,attacker[2],1,0.0,0.0146,0.0,0.014,0.495667,0.98,0.966667,0.0,0.0,0.03
1353.0,ue[4],0,0.0,0.0,0.0,0.0,0.5,1.0,0.0,0.0,0.0,0.0
974.0,ue[3],0,0.0,0.0,0.0,0.0,0.5,1.0,0.0,0.0,0.0,0.0
1412.0,ue[2],0,0.0,0.0,0.0,0.0,0.5,1.0,0.0,0.0,0.0,0.0
203.0,ue[1],0,0.011,0.0102,0.053922,0.003,0.499917,0.673333,1.0,0.0,1.0,0.022
569.0,ue[1],0,0.0,0.0,0.0,0.0,0.5,1.0,0.0,0.0,0.0,0.02
1264.0,ue[2],0,0.0,0.0,0.0,0.0,0.5,1.0,0.0,0.0,0.0,0.0
958.0,attacker[1],1,0.0,0.0,0.0,0.0,0.5,1.0,0.0,0.0,0.0,0.0
1486.0,attacker[0],1,0.0,0.0,0.0,0.0,0.5,1.0,0.0,0.0,0.0,0.0
117.0,ue[4],0,0.006,0.0106,0.028302,0.004,0.497833,0.386667,1.0,0.0,1.0,0.019
512.0,attacker[0],1,0.0,0.0,0.0,0.0,0.5,1.0,0.0,0.0,0.0,0.03
420.0,ue[4],0,0.0,0.0,0.0,0.0,0.5,1.0,0.0,0.0,0.0,0.019
863.0,attacker[2],1,0.0,0.0,0.0,0.0,0.5,1.0,0.0,0.0,0.0,0.0
1212.0,attacker[0],1,0.0,0.0,0.0,0.0,0.5,1.0,0.0,0.0,0.0,0.0
919.0,ue[3],0,0.0,0.0,0.0,0.0,0.5,1.0,0.0,0.0,0.0,0.0
1439.0,ue[3],0,0.0,0.0,0.0,0.0,0.5,1.0,0.0,0.0,0.0,0.0
218.0,ue[2],0,0.008,0.008,0.05,0.004,0.502,0.723333,1.0,0.0,1.0,0.018
1253.0,attacker[1],1,0.0,0.0,0.0,0.0,0.5,1.0,0.0,0.0,0.0,0.0
694.0,ue[1],0,0.0,0.0,0.0,0.0,0.5,1.0,0.0,0.0,0.0,0.018
111.0,ue[0],0,0.007,0.0105,0.033333,0.0,0.498167,0.366667,1.0,0.0,1.0,0.018
73.0,attacker[1],1,0.02,0.0169,0.059172,0.002,0.502833,0.24,1.0,0.278827,1.0,0.029
356.0,ue[2],0,0.0,0.0,0.0,0.0,0.5,1.0,0.0,0.0,0.0,0.02
1044.0,attacker[2],1,0.0,0.0,0.0,0.0,0.5,1.0,0.0,0.0,0.0,0.0
762.0,ue[4],0,0.0,0.0,0.0,0.0,0.5,1.0,0.0,0.0,0.0,0.018
1181.0,ue[1],0,0.0,0.0,0.0,0.0,0.5,1.0,0.0,0.0,0.0,0.0
449.0,ue[0],0,0.0,0.0,0.0,0.0,0.5,1.0,0.0,0.0,0.0,0.022
859.0,ue[2],0,0.0,0.0,0.0,0.0,0.5,1.0,0.0,0.0,0.0,0.0
1259.0,attacker[2],1,0.0,0.0,0.0,0.0,0.5,1.0,0.0,0.0,0.0,0.0
529.0,attacker[1],1,0.0,0.0,0.0,0.0,0.5,1.0,0.0,0.0,0.0,0.029
1111.0,ue[2],0,0.0,0.0,0.0,0.0,0.5,1.0,0.0,0.0,0.0,0.0
1402.0,attacker[1],1,0.0,0.0,0.0,0.0,0.5,1.0,0.0,0.0,0.0,0.0
1046.0,ue[4],0,0.0,0.0,0.0,0.0,0.5,1.0,0.0,0.0,0.0,0.0
998.0,attacker[1],1,0.0,0.0,0.0,0.0,0.5,1.0,0.0,0.0,0.0,0.0
467.0,ue[1],0,0.0,0.0,0.0,0.0,0.5,1.0,0.0,0.0,0.0,0.022
507.0,attacker[2],1,0.0,0.0,0.0,0.0,0.5,1.0,0.0,0.0,0.0,0.03
1365.0,ue[4],0,0.0,0.0,0.0,0.0,0.5,1.0,0.0,0.0,0.0,0.0
1215.0,ue[3],0,0.0,0.0,0.0,0.0,0.5,1.0,0.0,0.0,0.0,0.0
1198.0,ue[0],0,0.0,0.0,0.0,0.0,0.5,1.0,0.0,0.0,0.0,0.0
541.0,ue[2],0,0.0,0.0,0.0,0.0,0.5,1.0,0.0,0.0,0.0,0.02
1172.0,ue[2],0,0.0,0.0,0.0,0.0,0.5,1.0,0.0,0.0,0.0,0.0
927.0,ue[4],0,0.0,0.0,0.0,0.0,0.5,1.0,0.0,0.0,0.0,0.0
497.0,ue[4],0,0.0,0.0,0.0,0.0,0.5,1.0,0.0,0.0,0.0,0.019
1376.0,attacker[2],1,0.0,0.0,0.0,0.0,0.5,1.0,0.0,0.0,0.0,0.0
1387.0,ue[0],0,0.0,0.0,0.0,0.0,0.5,1.0,0.0,0.0,0.0,0.0
331.0,attacker[2],1,0.0,0.0,0.0,0.0,0.5,1.0,0.0,0.0,0.0,0.03
21.0,ue[4],0,0.01,0.0109,0.045872,0.002,0.500333,0.066667,1.0,0.0,0.733333,0.019
947.0,ue[2],0,0.0,0.0,0.0,0.0,0.5,1.0,0.0,0.0,0.0,0.0
903.0,ue[0],0,0.0,0.0,0.0,0.0,0.5,1.0,0.0,0.0,0.0,0.0
588.0,attacker[0],1,0.0,0.0,0.0,0.0,0.5,1.0,0.0,0.0,0.0,0.03
208.0,ue[1],0,0.013,0.0098,0.066327,0.007,0.499583,0.69,1.0,0.054636,1.0,0.022
765.0,attacker[0],1,0.0,0.0,0.0,0.0,0.5,1.0,0.0,0.0,0.0,0.03
225.0,attacker[0],1,0.016,0.0167,0.047904,0.0,0.499833,0.746667,1.0,0.137829,1.0,0.027
1129.0,ue[1],0,0.0,0.0,0.0,0.0,0.5,1.0,0.0,0.0,0.0,0.0
80.0,ue[1],0,0.016,0.0108,0.074074,0.003,0.50225,0.263333,1.0,0.061135,1.0,0.022
1420.0,ue[2],0,0.0,0.0,0.0,0.0,0.5,1.0,0.0,0.0,0.0,0.0
918.0,attacker[0],1,0.0,0.0,0.0,0.0,0.5,1.0,0.0,0.0,0.0,0.0
1228.0,ue[1],0,0.0,0.0,0.0,0.0,0.5,1.0,0.0,0.0,0.0,0.0
929.0,ue[3],0,0.0,0.0,0.0,0.0,0.5,1.0,0.0,0.0,0.0,0.0
1309.0,ue[2],0,0.0,0.0,0.0,0.0,0.5,1.0,0.0,0.0,0.0,0.0
955.0,attacker[0],1,0.0,0.0,0.0,0.0,0.5,1.0,0.0,0.0,0.0,0.0
1019.0,ue[0],0,0.0,0.0,0.0,0.0,0.5,1.0,0.0,0.0,0.0,0.0
318.0,attacker[0],1,0.0,0.0,0.0,0.0,0.5,1.0,0.2,0.0,0.0,0.03
820.0,attacker[1],1,0.0,0.0,0.0,0.0,0.5,1.0,0.0,0.0,0.0,0.0
510.0,attacker[1],1,0.0,0.0,0.0,0.0,0.5,1.0,0.0,0.0,0.0,0.029
903.0,attacker[0],1,0.0,0.0,0.0,0.0,0.5,1.0,0.0,0.0,0.0,0.0
441.0,ue[1],0,0.0,0.0,0.0,0.0,0.5,1.0,0.0,0.0,0.0,0.022
190.0,ue[2],0,0.006,0.0101,0.029703,0.003,0.498417,0.63,1.0,0.0,1.0,0.018
722.0,attacker[2],1,0.0,0.0,0.0,0.0,0.5,1.0,0.0,0.0,0.0,0.03
779.0,attacker[1],1,0.0,0.0,0.0,0.0,0.5,1.0,0.0,0.0,0.0,0.025
17.0,ue[2],0,0.018,0.0121,0.07438,0.006,0.502167,0.053333,1.0,0.417104,0.6,0.018
633.0,ue[4],0,0.0,0.0,0.0,0.0,0.5,1.0,0.0,0.0,0.0,0.018
253.0,ue[1],0,0.009,0.0098,0.045918,0.004,0.498333,0.84,1.0,0.0,1.0,0.022
687.0,attacker[1],1,0.0,0.0,0.0,0.0,0.5,1.0,0.0,0.0,0.0,0.025
633.0,attacker[1],1,0.0,0.0,0.0,0.0,0.5,1.0,0.0,0.0,0.0,0.029
165.0,attacker[1],1,0.015,0.0158,0.047468,0.001,0.49825,0.546667,1.0,0.033767,1.0,0.029
299.0,attacker[2],1,0.0,0.0077,0.0,0.0,0.5,0.993333,0.833333,0.0,0.0,0.03
888.0,ue[4],0,0.0,0.0,0.0,0.0,0.5,1.0,0.0,0.0,0.0,0.0
1377.0,attacker[0],1,0.0,0.0,0.0,0.0,0.5,1.0,0.0,0.0,0.0,0.0
71.0,attacker[2],1,0.018,0.019,0.047368,0.005,0.497083,0.233333,1.0,0.237952,1.0,0.025
656.0,attacker[2],1,0.0,0.0,0.0,0.0,0.5,1.0,0.0,0.0,0.0,0.03
1303.0,ue[0],0,0.0,0.0,0.0,0.0,0.5,1.0,0.0,0.0,0.0,0.0
1425.0,attacker[2],1,0.0,0.0,0.0,0.0,0.5,1.0,0.0,0.0,0.0,0.0
1123.0,ue[0],0,0.0,0.0,0.0,0.0,0.5,1.0,0.0,0.0,0.0,0.0
966.0,ue[4],0,0.0,0.0,0.0,0.0,0.5,1.0,0.0,0.0,0.0,0.0
1106.0,ue[3],0,0.0,0.0,0.0,0.0,0.5,1.0,0.0,0.0,0.0,0.0
1104.0,ue[3],0,0.0,0.0,0.0,0.0,0.5,1.0,0.0,0.0,0.0,0.0
444.0,ue[3],0,0.0,0.0,0.0,0.0,0.5,1.0,0.0,0.0,0.0,0.018
975.0,attacker[0],1,0.0,0.0,0.0,0.0,0.5,1.0,0.0,0.0,0.0,0.0
843.0,ue[1],0,0.0,0.0,0.0,0.0,0.5,1.0,0.0,0.0,0.0,0.0
1376.0,ue[2],0,0.0,0.0,0.0,0.0,0.5,1.0,0.0,0.0,0.0,0.0
235.0,ue[0],0,0.01,0.011,0.045455,0.0,0.499833,0.78,1.0,0.0,1.0,0.018
912.0,ue[3],0,0.0,0.0,0.0,0.0,0.5,1.0,0.0,0.0,0.0,0.0
366.0,attacker[2],1,0.0,0.0,0.0,0.0,0.5,1.0,0.0,0.0,0.0,0.03
59.0,ue[1],0,0.005,0.0096,0.026042,0.002,0.498167,0.193333,1.0,0.0,1.0,0.022
711.0,ue[0],0,0.0,0.0,0.0,0.0,0.5,1.0,0.0,0.0,0.0,0.022
1336.0,attacker[0],1,0.0,0.0,0.0,0.0,0.5,1.0,0.0,0.0,0.0,0.0
507.0,ue[2],0,0.0,0.0,0.0,0.0,0.5,1.0,0.0,0.0,0.0,0.02
1190.0,ue[3],0,0.0,0.0,0.0,0.0,0.5,1.0,0.0,0.0,0.0,0.0
845.0,ue[4],0,0.0,0.0,0.0,0.0,0.5,1.0,0.0,0.0,0.0,0.0
1303.0,ue[1],0,0.0,0.0,0.0,0.0,0.5,1.0,0.0,0.0,0.0,0.0
161.0,ue[3],0,0.005,0.0107,0.023364,0.008,0.498333,0.533333,1.0,0.0,1.0,0.017
731.0,attacker[2],1,0.0,0.0,0.0,0.0,0.5,1.0,0.0,0.0,0.0,0.03
815.0,attacker[0],1,0.0,0.0,0.0,0.0,0.5,1.0,0.0,0.0,0.0,0.0
629.0,attacker[0],1,0.0,0.0,0.0,0.0,0.5,1.0,0.0,0.0,0.0,0.03
411.0,ue[1],0,0.0,0.0,0.0,0.0,0.5,1.0,0.0,0.0,0.0,0.022
1488.0,attacker[1],1,0.0,0.0,0.0,0.0,0.5,1.0,0.0,0.0,0.0,0.0
1388.0,ue[1],0,0.0,0.0,0.0,0.0,0.5,1.0,0.0,0.0,0.0,0.0
131.0,attacker[1],1,0.018,0.0171,0.052632,0.0,0.501,0.433333,1.0,0.33708,1.0,0.029
267.0,attacker[1],1,0.021,0.0163,0.064417,0.005,0.500583,0.886667,1.0,0.291345,1.0,0.029
1303.0,ue[4],0,0.0,0.0,0.0,0.0,0.5,1.0,0.0,0.0,0.0,0.0
234.0,attacker[0],1,0.019,0.0172,0.055233,0.009,0.49825,0.776667,1.0,0.347052,1.0,0.027
155.0,ue[3],0,0.013,0.0097,0.06701,0.008,0.498667,0.513333,1.0,0.005201,1.0,0.017
1353.0,ue[0],0,0.0,0.0,0.0,0.0,0.5,1.0,0.0,0.0,0.0,0.0
987.0,attacker[0],1,0.0,0.0,0.0,0.0,0.5,1.0,0.0,0.0,0.0,0.0
71.0,ue[4],0,0.009,0.008,0.05625,0.0,0.500667,0.233333,1.0,0.0,1.0,0.019
886.0,attacker[1],1,0.0,0.0,0.0,0.0,0.5,1.0,0.0,0.0,0.0,0.0
1239.0,ue[3],0,0.0,0.0,0.0,0.0,0.5,1.0,0.0,0.0,0.0,0.0
694.0,ue[2],0,0.0,0.0,0.0,0.0,0.5,1.0,0.0,0.0,0.0,0.02
770.0,attacker[2],1,0.0,0.0,0.0,0.0,0.5,1.0,0.0,0.0,0.0,0.026
1134.0,attacker[2],1,0.0,0.0,0.0,0.0,0.5,1.0,0.0,0.0,0.0,0.0
450.0,ue[0],0,0.0,0.0,0.0,0.0,0.5,1.0,0.0,0.0,0.0,0.022
432.0,ue[0],0,0.0,0.0,0.0,0.0,0.5,1.0,0.0,0.0,0.0,0.022
1439.0,ue[2],0,0.0,0.0,0.0,0.0,0.5,1.0,0.0,0.0,0.0,0.0
194.0,ue[2],0,0.008,0.0093,0.043011,0.001,0.499917,0.643333,1.0,0.0,1.0,0.018
1499.0,ue[4],0,0.0,0.0,0.0,0.0,0.5,1.0,0.0,0.0,0.0,0.0
460.0,attacker[1],1,0.0,0.0,0.0,0.0,0.5,1.0,0.0,0.0,0.0,0.029
44.0,attacker[2],1,0.014,0.0158,0.044304,0.0,0.499833,0.143333,1.0,0.048154,1.0,0.024
1461.0,ue[1],0,0.0,0.0,0.0,0.0,0.5,1.0,0.0,0.0,0.0,0.0
1101.0,attacker[1],1,0.0,0.0,0.0,0.0,0.5,1.0,0.0,0.0,0.0,0.0
265.0,ue[2],0,0.012,0.0095,0.063158,0.001,0.502583,0.88,1.0,0.0,1.0,0.02
990.0,ue[2],0,0.0,0.0,0.0,0.0,0.5,1.0,0.0,0.0,0.0,0.0
977.0,attacker[1],1,0.0,0.0,0.0,0.0,0.5,1.0,0.0,0.0,0.0,0.0
75.0,ue[4],0,0.01,0.0099,0.050505,0.001,0.499417,0.246667,1.0,0.0,1.0,0.019
1065.0,ue[1],0,0.0,0.0,0.0,0.0,0.5,1.0,0.0,0.0,0.0,0.0
78.0,ue[2],0,0.01,0.0095,0.052632,0.003,0.499917,0.256667,1.0,0.0,1.0,0.018
584.0,ue[0],0,0.0,0.0,0.0,0.0,0.5,1.0,0.0,0.0,0.0,0.022
350.0,attacker[2],1,0.0,0.0,0.0,0.0,0.5,1.0,0.0,0.0,0.0,0.03
610.0,ue[4],0,0.0,0.0,0.0,0.0,0.5,1.0,0.0,0.0,0.0,0.018
1031.0,ue[1],0,0.0,0.0,0.0,0.0,0.5,1.0,0.0,0.0,0.0,0.0
15.0,ue[0],0,0.007,0.011,0.031818,0.003,0.497417,0.046667,1.0,0.0,0.533333,0.018
998.0,ue[4],0,0.0,0.0,0.0,0.0,0.5,1.0,0.0,0.0,0.0,0.0
251.0,ue[3],0,0.009,0.0096,0.046875,0.006,0.501333,0.833333,1.0,0.0,1.0,0.018
997.0,ue[4],0,0.0,0.0,0.0,0.0,0.5,1.0,0.0,0.0,0.0,0.0
1002.0,ue[4],0,0.0,0.0,0.0,0.0,0.5,1.0,0.0,0.0,0.0,0.0
54.0,ue[1],0,0.005,0.0119,0.021008,0.005,0.497083,0.176667,1.0,0.0,1.0,0.022
1255.0,ue[1],0,0.0,0.0,0.0,0.0,0.5,1.0,0.0,0.0,0.0,0.0
1169.0,attacker[1],1,0.0,0.0,0.0,0.0,0.5,1.0,0.0,0.0,0.0,0.0
285.0,ue[3],0,0.005,0.0094,0.026596,0.004,0.498833,0.946667,1.0,0.0,1.0,0.018
94.0,ue[3],0,0.014,0.0102,0.068627,0.005,0.500083,0.31,1.0,0.163299,1.0,0.016
1047.0,ue[4],0,0.0,0.0,0.0,0.0,0.5,1.0,0.0,0.0,0.0,0.0
707.0,attacker[0],1,0.0,0.0,0.0,0.0,0.5,1.0,0.0,0.0,0.0,0.03
710.0,ue[4],0,0.0,0.0,0.0,0.0,0.5,1.0,0.0,0.0,0.0,0.018
195.0,ue[0],0,0.016,0.0107,0.074766,0.003,0.50175,0.646667,1.0,0.222126,1.0,0.018
196.0,ue[2],0,0.01,0.0092,0.054348,0.005,0.502417,0.65,1.0,0.0,1.0,0.018
774.0,ue[1],0,0.0,0.0,0.0,0.0,0.5,1.0,0.0,0.0,0.0,0.018
765.0,ue[1],0,0.0,0.0,0.0,0.0,0.5,1.0,0.0,0.0,0.0,0.018
617.0,ue[2],0,0.0,0.0,0.0,0.0,0.5,1.0,0.0,0.0,0.0,0.02
820.0,ue[4],0,0.0,0.0,0.0,0.0,0.5,1.0,0.0,0.0,0.0,0.0
340.0,attacker[1],1,0.0,0.0,0.0,0.0,0.5,1.0,0.0,0.0,0.0,0.029
127.0,ue[0],0,0.009,0.0102,0.044118,0.0,0.498667,0.42,1.0,0.0,1.0,0.018
1321.0,attacker[2],1,0.0,0.0,0.0,0.0,0.5,1.0,0.0,0.0,0.0,0.0
458.0,ue[3],0,0.0,0.0,0.0,0.0,0.5,1.0,0.0,0.0,0.0,0.018
146.0,ue[1],0,0.004,0.0089,0.022472,0.007,0.49875,0.483333,1.0,0.0,1.0,0.022
172.0,attacker[0],1,0.014,0.0167,0.041916,0.005,0.49775,0.57,1.0,0.035277,1.0,0.027
725.0,ue[2],0,0.0,0.0,0.0,0.0,0.5,1.0,0.0,0.0,0.0,0.02
1463.0,attacker[0],1,0.0,0.0,0.0,0.0,0.5,1.0,0.0,0.0,0.0,0.0
387.0,ue[2],0,0.0,0.0,0.0,0.0,0.5,1.0,0.0,0.0,0.0,0.02
1305.0,attacker[0],1,0.0,0.0,0.0,0.0,0.5,1.0,0.0,0.0,0.0,0.0
1183.0,attacker[2],1,0.0,0.0,0.0,0.0,0.5,1.0,0.0,0.0,0.0,0.0
200.0,ue[4],0,0.013,0.0119,0.054622,0.004,0.499167,0.663333,1.0,0.088736,1.0,0.019
160.0,attacker[2],1,0.011,0.014,0.039286,0.009,0.500917,0.53,1.0,0.0,1.0,0.025
1387.0,attacker[0],1,0.0,0.0,0.0,0.0,0.5,1.0,0.0,0.0,0.0,0.0
595.0,ue[1],0,0.0,0.0,0.0,0.0,0.5,1.0,0.0,0.0,0.0,0.02
45.0,attacker[1],1,0.014,0.0167,0.041916,0.005,0.498583,0.146667,1.0,0.141421,1.0,0.029
766.0,attacker[2],1,0.0,0.0,0.0,0.0,0.5,1.0,0.0,0.0,0.0,0.026
175.0,ue[3],0,0.01,0.0089,0.05618,0.004,0.499333,0.58,1.0,0.0,1.0,0.017
1288.0,ue[3],0,0.0,0.0,0.0,0.0,0.5,1.0,0.0,0.0,0.0,0.0
922.0,ue[2],0,0.0,0.0,0.0,0.0,0.5,1.0,0.0,0.0,0.0,0.0
1260.0,ue[1],0,0.0,0.0,0.0,0.0,0.5,1.0,0.0,0.0,0.0,0.0
444.0,attacker[2],1,0.0,0.0,0.0,0.0,0.5,1.0,0.0,0.0,0.0,0.03
735.0,attacker[1],1,0.0,0.0,0.0,0.0,0.5,1.0,0.0,0.0,0.0,0.025
599.0,attacker[0],1,0.0,0.0,0.0,0.0,0.5,1.0,0.0,0.0,0.0,0.03
910.0,ue[4],0,0.0,0.0,0.0,0.0,0.5,1.0,0.0,0.0,0.0,0.0
1010.0,ue[2],0,0.0,0.0,0.0,0.0,0.5,1.0,0.0,0.0,0.0,0.0
1408.0,attacker[1],1,0.0,0.0,0.0,0.0,0.5,1.0,0.0,0.0,0.0,0.0
1418.0,attacker[1],1,0.0,0.0,0.0,0.0,0.5,1.0,0.0,0.0,0.0,0.0
656.0,ue[2],0,0.0,0.0,0.0,0.0,0.5,1.0,0.0,0.0,0.0,0.02
136.0,attacker[1],1,0.02,0.0162,0.061728,0.001,0.504083,0.45,1.0,0.428036,1.0,0.029
609.0,ue[1],0,0.0,0.0,0.0,0.0,0.5,1.0,0.0,0.0,0.0,0.02
739.0,attacker[0],1,0.0,0.0,0.0,0.0,0.5,1.0,0.0,0.0,0.0,0.03
194.0,ue[3],0,0.013,0.0093,0.069892,0.001,0.501917,0.643333,1.0,0.104056,1.0,0.017
208.0,ue[2],0,0.008,0.0119,0.033613,0.006,0.499,0.69,1.0,0.0,1.0,0.018
1311.0,ue[4],0,0.0,0.0,0.0,0.0,0.5,1.0,0.0,0.0,0.0,0.0
393.0,attacker[1],1,0.0,0.0,0.0,0.0,0.5,1.0,0.0,0.0,0.0,0.029
1090.0,ue[2],0,0.0,0.0,0.0,0.0,0.5,1.0,0.0,0.0,0.0,0.0
363.0,ue[3],0,0.0,0.0,0.0,0.0,0.5,1.0,0.0,0.0,0.0,0.018
1074.0,ue[3],0,0.0,0.0,0.0,0.0,0.5,1.0,0.0,0.0,0.0,0.0
49.0,attacker[2],1,0.013,0.0161,0.040373,0.005,0.497917,0.16,1.0,0.019518,1.0,0.025
707.0,attacker[1],1,0.0,0.0,0.0,0.0,0.5,1.0,0.0,0.0,0.0,0.025
1345.0,ue[3],0,0.0,0.0,0.0,0.0,0.5,1.0,0.0,0.0,0.0,0.0
910.0,ue[0],0,0.0,0.0,0.0,0.0,0.5,1.0,0.0,0.0,0.0,0.0
1166.0,ue[0],0,0.0,0.0,0.0,0.0,0.5,1.0,0.0,0.0,0.0,0.0
1109.0,ue[0],0,0.0,0.0,0.0,0.0,0.5,1.0,0.0,0.0,0.0,0.0
230.0,ue[4],0,0.009,0.0083,0.054217,0.001,0.499583,0.763333,1.0,0.0,1.0,0.019
815.0,ue[1],0,0.0,0.0,0.0,0.0,0.5,1.0,0.0,0.0,0.0,0.0
18.0,ue[1],0,0.007,0.0102,0.034314,0.003,0.498083,0.056667,1.0,0.0,0.633333,0.017
92.0,ue[1],0,0.014,0.0109,0.06422,0.005,0.498917,0.303333,1.0,0.032444,1.0,0.022
314.0,ue[0],0,0.0,0.0,0.0,0.0,0.5,1.0,0.333333,0.0,0.0,0.022
321.0,attacker[2],1,0.0,0.0,0.0,0.0,0.5,1.0,0.1,0.0,0.0,0.03
664.0,attacker[0],1,0.0,0.0,0.0,0.0,0.5,1.0,0.0,0.0,0.0,0.03
32.0,attacker[2],1,0.012,0.017,0.035294,0.004,0.498167,0.103333,1.0,0.014949,1.0,0.024
781.0,attacker[1],1,0.0,0.0,0.0,0.0,0.5,1.0,0.0,0.0,0.0,0.025
720.0,attacker[1],1,0.0,0.0,0.0,0.0,0.5,1.0,0.0,0.0,0.0,0.025
1294.0,ue[0],0,0.0,0.0,0.0,0.0,0.5,1.0,0.0,0.0,0.0,0.0
886.0,ue[3],0,0.0,0.0,0.0,0.0,0.5,1.0,0.0,0.0,0.0,0.0
1194.0,ue[4],0,0.0,0.0,0.0,0.0,0.5,1.0,0.0,0.0,0.0,0.0
1291.0,attacker[0],1,0.0,0.0,0.0,0.0,0.5,1.0,0.0,0.0,0.0,0.0
486.0,attacker[0],1,0.0,0.0,0.0,0.0,0.5,1.0,0.0,0.0,0.0,0.03
507.0,ue[1],0,0.0,0.0,0.0,0.0,0.5,1.0,0.0,0.0,0.0,0.022
1016.0,ue[3],0,0.0,0.0,0.0,0.0,0.5,1.0,0.0,0.0,0.0,0.0
648.0,attacker[1],1,0.0,0.0,0.0,0.0,0.5,1.0,0.0,0.0,0.0,0.025
927.0,ue[1],0,0.0,0.0,0.0,0.0,0.5,1.0,0.0,0.0,0.0,0.0
1074.0,attacker[0],1,0.0,0.0,0.0,0.0,0.5,1.0,0.0,0.0,0.0,0.0
415.0,ue[1],0,0.0,0.0,0.0,0.0,0.5,1.0,0.0,0.0,0.0,0.022
658.0,ue[0],0,0.0,0.0,0.0,0.0,0.5,1.0,0.0,0.0,0.0,0.022
1090.0,ue[0],0,0.0,0.0,0.0,0.0,0.5,1.0,0.0,0.0,0.0,0.0
375.0,ue[4],0,0.0,0.0,0.0,0.0,0.5,1.0,0.0,0.0,0.0,0.019
102.0,ue[1],0,0.014,0.0095,0.073684,0.003,0.50125,0.336667,1.0,0.13484,1.0,0.022
1478.0,ue[3],0,0.0,0.0,0.0,0.0,0.5,1.0,0.0,0.0,0.0,0.0
139.0,ue[3],0,0.01,0.0104,0.048077,0.002,0.501333,0.46,1.0,0.0,1.0,0.017
1131.0,attacker[1],1,0.0,0.0,0.0,0.0,0.5,1.0,0.0,0.0,0.0,0.0
492.0,ue[4],0,0.0,0.0,0.0,0.0,0.5,1.0,0.0,0.0,0.0,0.019
906.0,ue[3],0,0.0,0.0,0.0,0.0,0.5,1.0,0.0,0.0,0.0,0.0
781.0,attacker[0],1,0.0,0.0,0.0,0.0,0.5,1.0,0.0,0.0,0.0,0.03
1346.0,ue[4],0,0.0,0.0,0.0,0.0,0.5,1.0,0.0,0.0,0.0,0.0
1490.0,ue[3],0,0.0,0.0,0.0,0.0,0.5,1.0,0.0,0.0,0.0,0.0
1080.0,attacker[0],1,0.0,0.0,0.0,0.0,0.5,1.0,0.0,0.0,0.0,0.0
800.0,ue[1],0,0.0,0.0,0.0,0.0,0.5,1.0,0.0,0.0,0.0,0.0
577.0,attacker[2],1,0.0,0.0,0.0,0.0,0.5,1.0,0.0,0.0,0.0,0.03
1077.0,ue[0],0,0.0,0.0,0.0,0.0,0.5,1.0,0.0,0.0,0.0,0.0
652.0,attacker[2],1,0.0,0.0,0.0,0.0,0.5,1.0,0.0,0.0,0.0,0.03
197.0,ue[2],0,0.012,0.0096,0.0625,0.002,0.5005,0.653333,1.0,0.0,1.0,0.018
1402.0,ue[2],0,0.0,0.0,0.0,0.0,0.5,1.0,0.0,0.0,0.0,0.0
128.0,ue[2],0,0.013,0.0103,0.063107,0.003,0.502583,0.423333,1.0,0.090558,1.0,0.018
138.0,attacker[1],1,0.018,0.0169,0.053254,0.002,0.5,0.456667,1.0,0.364518,1.0,0.029
398.0,attacker[1],1,0.0,0.0,0.0,0.0,0.5,1.0,0.0,0.0,0.0,0.029
870.0,ue[3],0,0.0,0.0,0.0,0.0,0.5,1.0,0.0,0.0,0.0,0.0
841.0,attacker[2],1,0.0,0.0,0.0,0.0,0.5,1.0,0.0,0.0,0.0,0.0
43.0,ue[3],0,0.009,0.011,0.040909,0.006,0.500667,0.14,1.0,0.0,1.0,0.015
1419.0,attacker[1],1,0.0,0.0,0.0,0.0,0.5,1.0,0.0,0.0,0.0,0.0
784.0,ue[1],0,0.0,0.0,0.0,0.0,0.5,1.0,0.0,0.0,0.0,0.013
845.0,ue[0],0,0.0,0.0,0.0,0.0,0.5,1.0,0.0,0.0,0.0,0.0
610.0,ue[0],0,0.0,0.0,0.0,0.0,0.5,1.0,0.0,0.0,0.0,0.022
1130.0,ue[1],0,0.0,0.0,0.0,0.0,0.5,1.0,0.0,0.0,0.0,0.0
393.0,ue[3],0,0.0,0.0,0.0,0.0,0.5,1.0,0.0,0.0,0.0,0.018
371.0,ue[0],0,0.0,0.0,0.0,0.0,0.5,1.0,0.0,0.0,0.0,0.022
915.0,attacker[1],1,0.0,0.0,0.0,0.0,0.5,1.0,0.0,0.0,0.0,0.0
944.0,ue[1],0,0.0,0.0,0.0,0.0,0.5,1.0,0.0,0.0,0.0,0.0
1387.0,ue[1],0,0.0,0.0,0.0,0.0,0.5,1.0,0.0,0.0,0.0,0.0
513.0,ue[1],0,0.0,0.0,0.0,0.0,0.5,1.0,0.0,0.0,0.0,0.022
591.0,ue[1],0,0.0,0.0,0.0,0.0,0.5,1.0,0.0,0.0,0.0,0.02
1283.0,ue[1],0,0.0,0.0,0.0,0.0,0.5,1.0,0.0,0.0,0.0,0.0
567.0,attacker[0],1,0.0,0.0,0.0,0.0,0.5,1.0,0.0,0.0,0.0,0.03
254.0,attacker[2],1,0.011,0.0154,0.035714,0.002,0.497,0.843333,1.0,0.0,1.0,0.03
1439.0,attacker[1],1,0.0,0.0,0.0,0.0,0.5,1.0,0.0,0.0,0.0,0.0
722.0,ue[1],0,0.0,0.0,0.0,0.0,0.5,1.0,0.0,0.0,0.0,0.018
817.0,ue[0],0,0.0,0.0,0.0,0.0,0.5,1.0,0.0,0.0,0.0,0.0
901.0,ue[4],0,0.0,0.0,0.0,0.0,0.5,1.0,0.0,0.0,0.0,0.0
1017.0,ue[2],0,0.0,0.0,0.0,0.0,0.5,1.0,0.0,0.0,0.0,0.0
880.0,attacker[2],1,0.0,0.0,0.0,0.0,0.5,1.0,0.0,0.0,0.0,0.0
892.0,ue[1],0,0.0,0.0,0.0,0.0,0.5,1.0,0.0,0.0,0.0,0.0
1478.0,ue[1],0,0.0,0.0,0.0,0.0,0.5,1.0,0.0,0.0,0.0,0.0
685.0,ue[2],0,0.0,0.0,0.0,0.0,0.5,1.0,0.0,0.0,0.0,0.02
995.0,attacker[2],1,0.0,0.0,0.0,0.0,0.5,1.0,0.0,0.0,0.0,0.0
425.0,attacker[1],1,0.0,0.0,0.0,0.0,0.5,1.0,0.0,0.0,0.0,0.029
102.0,attacker[1],1,0.016,0.0167,0.047904,0.0,0.4995,0.336667,1.0,0.242712,1.0,0.029
47.0,ue[3],0,0.007,0.0113,0.030973,0.006,0.499833,0.153333,1.0,0.0,1.0,0.015
1034.0,ue[2],0,0.0,0.0,0.0,0.0,0.5,1.0,0.0,0.0,0.0,0.0
1445.0,attacker[1],1,0.0,0.0,0.0,0.0,0.5,1.0,0.0,0.0,0.0,0.0
1061.0,ue[2],0,0.0,0.0,0.0,0.0,0.5,1.0,0.0,0.0,0.0,0.0
1317.0,ue[3],0,0.0,0.0,0.0,0.0,0.5,1.0,0.0,0.0,0.0,0.0
903.0,ue[3],0,0.0,0.0,0.0,0.0,0.5,1.0,0.0,0.0,0.0,0.0
830.0,ue[3],0,0.0,0.0,0.0,0.0,0.5,1.0,0.0,0.0,0.0,0.0
1220.0,ue[0],0,0.0,0.0,0.0,0.0,0.5,1.0,0.0,0.0,0.0,0.0
759.0,ue[3],0,0.0,0.0,0.0,0.0,0.5,1.0,0.0,0.0,0.0,0.015
1128.0,ue[3],0,0.0,0.0,0.0,0.0,0.5,1.0,0.0,0.0,0.0,0.0
1262.0,ue[4],0,0.0,0.0,0.0,0.0,0.5,1.0,0.0,0.0,0.0,0.0
118.0,ue[0],0,0.009,0.0095,0.047368,0.002,0.500833,0.39,1.0,0.0,1.0,0.018
443.0,attacker[1],1,0.0,0.0,0.0,0.0,0.5,1.0,0.0,0.0,0.0,0.029
451.0,attacker[1],1,0.0,0.0,0.0,0.0,0.5,1.0,0.0,0.0,0.0,0.029
962.0,attacker[0],1,0.0,0.0,0.0,0.0,0.5,1.0,0.0,0.0,0.0,0.0
852.0,ue[4],0,0.0,0.0,0.0,0.0,0.5,1.0,0.0,0.0,0.0,0.0
174.0,attacker[2],1,0.013,0.0159,0.040881,0.002,0.496667,0.576667,1.0,0.104257,1.0,0.025
701.0,attacker[1],1,0.0,0.0,0.0,0.0,0.5,1.0,0.0,0.0,0.0,0.025
116.0,ue[0],0,0.009,0.0094,0.047872,0.001,0.499083,0.383333,1.0,0.0,1.0,0.018
159.0,ue[1],0,0.012,0.0107,0.056075,0.002,0.499833,0.526667,1.0,0.0,1.0,0.022
784.0,attacker[2],1,0.0,0.0,0.0,0.0,0.5,1.0,0.0,0.0,0.0,0.025
1217.0,ue[1],0,0.0,0.0,0.0,0.0,0.5,1.0,0.0,0.0,0.0,0.0
240.0,ue[2],0,0.006,0.0119,0.02521,0.006,0.4985,0.796667,1.0,0.0,1.0,0.02
1438.0,ue[2],0,0.0,0.0,0.0,0.0,0.5,1.0,0.0,0.0,0.0,0.0
533.0,ue[2],0,0.0,0.0,0.0,0.0,0.5,1.0,0.0,0.0,0.0,0.02
483.0,attacker[1],1,0.0,0.0,0.0,0.0,0.5,1.0,0.0,0.0,0.0,0.029
1175.0,ue[2],0,0.0,0.0,0.0,0.0,0.5,1.0,0.0,0.0,0.0,0.0
1499.0,attacker[0],1,0.0,0.0,0.0,0.0,0.5,1.0,0.0,0.0,0.0,0.0
238.0,attacker[1],1,0.015,0.017,0.044118,0.007,0.501583,0.79,1.0,0.158073,1.0,0.029
1446.0,ue[1],0,0.0,0.0,0.0,0.0,0.5,1.0,0.0,0.0,0.0,0.0
444.0,ue[0],0,0.0,0.0,0.0,0.0,0.5,1.0,0.0,0.0,0.0,0.022
340.0,ue[3],0,0.0,0.0,0.0,0.0,0.5,1.0,0.0,0.0,0.0,0.018
1241.0,attacker[2],1,0.0,0.0,0.0,0.0,0.5,1.0,0.0,0.0,0.0,0.0
239.0,ue[4],0,0.009,0.0084,0.053571,0.003,0.500917,0.793333,1.0,0.0,1.0,0.019
810.0,ue[4],0,0.0,0.0,0.0,0.0,0.5,1.0,0.0,0.0,0.0,0.0
761.0,ue[4],0,0.0,0.0,0.0,0.0,0.5,1.0,0.0,0.0,0.0,0.018
878.0,attacker[1],1,0.0,0.0,0.0,0.0,0.5,1.0,0.0,0.0,0.0,0.0
994.0,attacker[1],1,0.0,0.0,0.0,0.0,0.5,1.0,0.0,0.0,0.0,0.0
129.0,ue[1],0,0.008,0.0084,0.047619,0.002,0.5,0.426667,1.0,0.0,1.0,0.022
1436.0,attacker[2],1,0.0,0.0,0.0,0.0,0.5,1.0,0.0,0.0,0.0,0.0
524.0,ue[2],0,0.0,0.0,0.0,0.0,0.5,1.0,0.0,0.0,0.0,0.02
679.0,ue[0],0,0.0,0.0,0.0,0.0,0.5,1.0,0.0,0.0,0.0,0.022
1041.0,ue[4],0,0.0,0.0,0.0,0.0,0.5,1.0,0.0,0.0,0.0,0.0
479.0,ue[0],0,0.0,0.0,0.0,0.0,0.5,1.0,0.0,0.0,0.0,0.022
166.0,attacker[1],1,0.015,0.0163,0.046012,0.0,0.4985,0.55,1.0,0.087519,1.0,0.029
1404.0,attacker[1],1,0.0,0.0,0.0,0.0,0.5,1.0,0.0,0.0,0.0,0.0
1192.0,ue[3],0,0.0,0.0,0.0,0.0,0.5,1.0,0.0,0.0,0.0,0.0
889.0,attacker[0],1,0.0,0.0,0.0,0.0,0.5,1.0,0.0,0.0,0.0,0.0
1433.0,attacker[2],1,0.0,0.0,0.0,0.0,0.5,1.0,0.0,0.0,0.0,0.0
1059.0,attacker[0],1,0.0,0.0,0.0,0.0,0.5,1.0,0.0,0.0,0.0,0.0
551.0,ue[2],0,0.0,0.0,0.0,0.0,0.5,1.0,0.0,0.0,0.0,0.02
1256.0,ue[4],0,0.0,0.0,0.0,0.0,0.5,1.0,0.0,0.0,0.0,0.0
1182.0,attacker[1],1,0.0,0.0,0.0,0.0,0.5,1.0,0.0,0.0,0.0,0.0
766.0,ue[3],0,0.0,0.0,0.0,0.0,0.5,1.0,0.0,0.0,0.0,0.015
1362.0,ue[3],0,0.0,0.0,0.0,0.0,0.5,1.0,0.0,0.0,0.0,0.0
1278.0,ue[3],0,0.0,0.0,0.0,0.0,0.5,1.0,0.0,0.0,0.0,0.0
653.0,ue[3],0,0.0,0.0,0.0,0.0,0.5,1.0,0.0,0.0,0.0,0.018
665.0,ue[1],0,0.0,0.0,0.0,0.0,0.5,1.0,0.0,0.0,0.0,0.018
1427.0,ue[0],0,0.0,0.0,0.0,0.0,0.5,1.0,0.0,0.0,0.0,0.0
1086.0,ue[4],0,0.0,0.0,0.0,0.0,0.5,1.0,0.0,0.0,0.0,0.0
124.0,ue[3],0,0.01,0.0095,0.052632,0.001,0.499917,0.41,1.0,0.0,1.0,0.017
1441.0,attacker[0],1,0.0,0.0,0.0,0.0,0.5,1.0,0.0,0.0,0.0,0.0
411.0,attacker[0],1,0.0,0.0,0.0,0.0,0.5,1.0,0.0,0.0,0.0,0.03
1455.0,ue[4],0,0.0,0.0,0.0,0.0,0.5,1.0,0.0,0.0,0.0,0.0
835.0,ue[2],0,0.0,0.0,0.0,0.0,0.5,1.0,0.0,0.0,0.0,0.0
331.0,ue[3],0,0.0,0.0,0.0,0.0,0.5,1.0,0.0,0.0,0.0,0.018
10.0,ue[2],0,0.009,0.0098,0.045918,0.003,0.500917,0.03,1.0,0.0,0.366667,0.015
1433.0,attacker[1],1,0.0,0.0,0.0,0.0,0.5,1.0,0.0,0.0,0.0,0.0
566.0,attacker[1],1,0.0,0.0,0.0,0.0,0.5,1.0,0.0,0.0,0.0,0.029
419.0,ue[1],0,0.0,0.0,0.0,0.0,0.5,1.0,0.0,0.0,0.0,0.022
231.0,ue[2],0,0.01,0.0099,0.050505,0.003,0.49825,0.766667,1.0,0.0,1.0,0.018
922.0,ue[4],0,0.0,0.0,0.0,0.0,0.5,1.0,0.0,0.0,0.0,0.0
1045.0,ue[1],0,0.0,0.0,0.0,0.0,0.5,1.0,0.0,0.0,0.0,0.0
1169.0,ue[0],0,0.0,0.0,0.0,0.0,0.5,1.0,0.0,0.0,0.0,0.0
1358.0,attacker[2],1,0.0,0.0,0.0,0.0,0.5,1.0,0.0,0.0,0.0,0.0
704.0,ue[4],0,0.0,0.0,0.0,0.0,0.5,1.0,0.0,0.0,0.0,0.018
1205.0,attacker[0],1,0.0,0.0,0.0,0.0,0.5,1.0,0.0,0.0,0.0,0.0
1434.0,ue[3],0,0.0,0.0,0.0,0.0,0.5,1.0,0.0,0.0,0.0,0.0
877.0,attacker[0],1,0.0,0.0,0.0,0.0,0.5,1.0,0.0,0.0,0.0,0.0
1476.0,ue[1],0,0.0,0.0,0.0,0.0,0.5,1.0,0.0,0.0,0.0,0.0
332.0,attacker[0],1,0.0,0.0,0.0,0.0,0.5,1.0,0.0,0.0,0.0,0.03
1186.0,ue[4],0,0.0,0.0,0.0,0.0,0.5,1.0,0.0,0.0,0.0,0.0
567.0,attacker[2],1,0.0,0.0,0.0,0.0,0.5,1.0,0.0,0.0,0.0,0.03
643.0,ue[1],0,0.0,0.0,0.0,0.0,0.5,1.0,0.0,0.0,0.0,0.02
19.0,ue[2],0,0.015,0.0125,0.06,0.003,0.498917,0.06,1.0,0.136067,0.666667,0.018
398.0,ue[4],0,0.0,0.0,0.0,0.0,0.5,1.0,0.0,0.0,0.0,0.019
1068.0,ue[4],0,0.0,0.0,0.0,0.0,0.5,1.0,0.0,0.0,0.0,0.0
566.0,ue[0],0,0.0,0.0,0.0,0.0,0.5,1.0,0.0,0.0,0.0,0.022
403.0,ue[1],0,0.0,0.0,0.0,0.0,0.5,1.0,0.0,0.0,0.0,0.022
629.0,attacker[2],1,0.0,0.0,0.0,0.0,0.5,1.0,0.0,0.0,0.0,0.03
401.0,attacker[2],1,0.0,0.0,0.0,0.0,0.5,1.0,0.0,0.0,0.0,0.03
417.0,attacker[1],1,0.0,0.0,0.0,0.0,0.5,1.0,0.0,0.0,0.0,0.029
1244.0,attacker[0],1,0.0,0.0,0.0,0.0,0.5,1.0,0.0,0.0,0.0,0.0
287.0,ue[2],0,0.013,0.0096,0.067708,0.004,0.500333,0.953333,1.0,0.0,1.0,0.02
344.0,attacker[1],1,0.0,0.0,0.0,0.0,0.5,1.0,0.0,0.0,0.0,0.029
323.0,attacker[1],1,0.0,0.0,0.0,0.0,0.5,1.0,0.033333,0.0,0.0,0.029
557.0,ue[1],0,0.0,0.0,0.0,0.0,0.5,1.0,0.0,0.0,0.0,0.02
842.0,attacker[1],1,0.0,0.0,0.0,0.0,0.5,1.0,0.0,0.0,0.0,0.0
353.0,ue[4],0,0.0,0.0,0.0,0.0,0.5,1.0,0.0,0.0,0.0,0.019
1200.0,attacker[0],1,0.0,0.0,0.0,0.0,0.5,1.0,0.0,0.0,0.0,0.0
124.0,ue[2],0,0.01,0.0101,0.049505,0.0,0.5005,0.41,1.0,0.0,1.0,0.018
776.0,attacker[2],1,0.0,0.0,0.0,0.0,0.5,1.0,0.0,0.0,0.0,0.025
1.0,attacker[2],1,0.002,0.001,0.1,0.002,0.5,0.0,0.5,0.0,0.033333,0.002
345.0,ue[0],0,0.0,0.0,0.0,0.0,0.5,1.0,0.0,0.0,0.0,0.022
1197.0,ue[1],0,0.0,0.0,0.0,0.0,0.5,1.0,0.0,0.0,0.0,0.0
1167.0,ue[4],0,0.0,0.0,0.0,0.0,0.5,1.0,0.0,0.0,0.0,0.0
718.0,ue[1],0,0.0,0.0,0.0,0.0,0.5,1.0,0.0,0.0,0.0,0.018
821.0,attacker[2],1,0.0,0.0,0.0,0.0,0.5,1.0,0.0,0.0,0.0,0.0
1039.0,ue[0],0,0.0,0.0,0.0,0.0,0.5,1.0,0.0,0.0,0.0,0.0
992.0,ue[4],0,0.0,0.0,0.0,0.0,0.5,1.0,0.0,0.0,0.0,0.0
1088.0,ue[1],0,0.0,0.0,0.0,0.0,0.5,1.0,0.0,0.0,0.0,0.0
1490.0,attacker[2],1,0.0,0.0,0.0,0.0,0.5,1.0,0.0,0.0,0.0,0.0
819.0,ue[3],0,0.0,0.0,0.0,0.0,0.5,1.0,0.0,0.0,0.0,0.0
1451.0,ue[0],0,0.0,0.0,0.0,0.0,0.5,1.0,0.0,0.0,0.0,0.0
633.0,ue[0],0,0.0,0.0,0.0,0.0,0.5,1.0,0.0,0.0,0.0,0.022
541.0,attacker[1],1,0.0,0.0,0.0,0.0,0.5,1.0,0.0,0.0,0.0,0.029
1252.0,attacker[0],1,0.0,0.0,0.0,0.0,0.5,1.0,0.0,0.0,0.0,0.0
1131.0,ue[2],0,0.0,0.0,0.0,0.0,0.5,1.0,0.0,0.0,0.0,0.0
1346.0,attacker[0],1,0.0,0.0,0.0,0.0,0.5,1.0,0.0,0.0,0.0,0.0
255.0,ue[4],0,0.013,0.0089,0.073034,0.003,0.502583,0.846667,1.0,0.0,1.0,0.019
1173.0,attacker[2],1,0.0,0.0,0.0,0.0,0.5,1.0,0.0,0.0,0.0,0.0
1275.0,ue[0],0,0.0,0.0,0.0,0.0,0.5,1.0,0.0,0.0,0.0,0.0
286.0,ue[4],0,0.015,0.0105,0.071429,0.001,0.502583,0.95,1.0,0.003035,1.0,0.019
1460.0,ue[2],0,0.0,0.0,0.0,0.0,0.5,1.0,0.0,0.0,0.0,0.0
957.0,attacker[2],1,0.0,0.0,0.0,0.0,0.5,1.0,0.0,0.0,0.0,0.0
1068.0,ue[0],0,0.0,0.0,0.0,0.0,0.5,1.0,0.0,0.0,0.0,0.0
777.0,ue[1],0,0.0,0.0,0.0,0.0,0.5,1.0,0.0,0.0,0.0,0.018
475.0,attacker[0],1,0.0,0.0,0.0,0.0,0.5,1.0,0.0,0.0,0.0,0.03
274.0,ue[2],0,0.009,0.01,0.045,0.002,0.501167,0.91,1.0,0.0,1.0,0.02
631.0,ue[4],0,0.0,0.0,0.0,0.0,0.5,1.0,0.0,0.0,0.0,0.018
1045.0,ue[4],0,0.0,0.0,0.0,0.0,0.5,1.0,0.0,0.0,0.0,0.0
1337.0,ue[4],0,0.0,0.0,0.0,0.0,0.5,1.0,0.0,0.0,0.0,0.0
1032.0,ue[4],0,0.0,0.0,0.0,0.0,0.5,1.0,0.0,0.0,0.0,0.0
1230.0,ue[4],0,0.0,0.0,0.0,0.0,0.5,1.0,0.0,0.0,0.0,0.0
795.0,ue[0],0,0.0,0.0,0.0,0.0,0.5,1.0,0.0,0.0,0.0,0.0
562.0,ue[0],0,0.0,0.0,0.0,0.0,0.5,1.0,0.0,0.0,0.0,0.022
708.0,attacker[0],1,0.0,0.0,0.0,0.0,0.5,1.0,0.0,0.0,0.0,0.03
1220.0,ue[1],0,0.0,0.0,0.0,0.0,0.5,1.0,0.0,0.0,0.0,0.0
97.0,ue[4],0,0.009,0.0097,0.046392,0.007,0.502417,0.32,1.0,0.0,1.0,0.019
1059.0,ue[1],0,0.0,0.0,0.0,0.0,0.5,1.0,0.0,0.0,0.0,0.0
179.0,attacker[1],1,0.016,0.0155,0.051613,0.001,0.50075,0.593333,1.0,0.23816,1.0,0.029
635.0,ue[3],0,0.0,0.0,0.0,0.0,0.5,1.0,0.0,0.0,0.0,0.018
1463.0,attacker[1],1,0.0,0.0,0.0,0.0,0.5,1.0,0.0,0.0,0.0,0.0
280.0,ue[4],0,0.009,0.0096,0.046875,0.003,0.501417,0.93,1.0,0.0,1.0,0.019
468.0,attacker[2],1,0.0,0.0,0.0,0.0,0.5,1.0,0.0,0.0,0.0,0.03
394.0,attacker[2],1,0.0,0.0,0.0,0.0,0.5,1.0,0.0,0.0,0.0,0.03
887.0,ue[1],0,0.0,0.0,0.0,0.0,0.5,1.0,0.0,0.0,0.0,0.0
444.0,attacker[0],1,0.0,0.0,0.0,0.0,0.5,1.0,0.0,0.0,0.0,0.03
1168.0,ue[1],0,0.0,0.0,0.0,0.0,0.5,1.0,0.0,0.0,0.0,0.0
445.0,ue[3],0,0.0,0.0,0.0,0.0,0.5,1.0,0.0,0.0,0.0,0.018
372.0,attacker[1],1,0.0,0.0,0.0,0.0,0.5,1.0,0.0,0.0,0.0,0.029
1439.0,attacker[0],1,0.0,0.0,0.0,0.0,0.5,1.0,0.0,0.0,0.0,0.0
1047.0,attacker[0],1,0.0,0.0,0.0,0.0,0.5,1.0,0.0,0.0,0.0,0.0
334.0,ue[1],0,0.0,0.0,0.0,0.0,0.5,1.0,0.0,0.0,0.0,0.022
81.0,ue[0],0,0.014,0.0116,0.060345,0.002,0.501833,0.266667,1.0,0.044461,1.0,0.018
599.0,attacker[2],1,0.0,0.0,0.0,0.0,0.5,1.0,0.0,0.0,0.0,0.03
847.0,attacker[1],1,0.0,0.0,0.0,0.0,0.5,1.0,0.0,0.0,0.0,0.0
236.0,attacker[1],1,0.022,0.0165,0.066667,0.006,0.501333,0.783333,1.0,0.292523,1.0,0.029
423.0,attacker[1],1,0.0,0.0,0.0,0.0,0.5,1.0,0.0,0.0,0.0,0.029
857.0,ue[0],0,0.0,0.0,0.0,0.0,0.5,1.0,0.0,0.0,0.0,0.0
1321.0,ue[4],0,0.0,0.0,0.0,0.0,0.5,1.0,0.0,0.0,0.0,0.0
292.0,ue[0],0,0.012,0.0098,0.061224,0.002,0.500833,0.97,1.0,0.0,1.0,0.022
118.0,ue[2],0,0.018,0.0112,0.080357,0.005,0.503083,0.39,1.0,0.269657,1.0,0.018
1257.0,ue[1],0,0.0,0.0,0.0,0.0,0.5,1.0,0.0,0.0,0.0,0.0
1009.0,ue[3],0,0.0,0.0,0.0,0.0,0.5,1.0,0.0,0.0,0.0,0.0
1309.0,attacker[0],1,0.0,0.0,0.0,0.0,0.5,1.0,0.0,0.0,0.0,0.0
874.0,attacker[0],1,0.0,0.0,0.0,0.0,0.5,1.0,0.0,0.0,0.0,0.0
386.0,ue[2],0,0.0,0.0,0.0,0.0,0.5,1.0,0.0,0.0,0.0,0.02
92.0,ue[2],0,0.014,0.0098,0.071429,0.006,0.501,0.303333,1.0,0.032444,1.0,0.018
153.0,ue[2],0,0.011,0.0111,0.04955,0.003,0.500917,0.506667,1.0,0.007586,1.0,0.018
834.0,attacker[0],1,0.0,0.0,0.0,0.0,0.5,1.0,0.0,0.0,0.0,0.0
1267.0,ue[0],0,0.0,0.0,0.0,0.0,0.5,1.0,0.0,0.0,0.0,0.0
390.0,ue[1],0,0.0,0.0,0.0,0.0,0.5,1.0,0.0,0.0,0.0,0.022
724.0,ue[3],0,0.0,0.0,0.0,0.0,0.5,1.0,0.0,0.0,0.0,0.016
247.0,ue[2],0,0.012,0.0105,0.057143,0.001,0.501583,0.82,1.0,0.024884,1.0,0.02
1313.0,ue[4],0,0.0,0.0,0.0,0.0,0.5,1.0,0.0,0.0,0.0,0.0
1260.0,attacker[2],1,0.0,0.0,0.0,0.0,0.5,1.0,0.0,0.0,0.0,0.0
452.0,ue[3],0,0.0,0.0,0.0,0.0,0.5,1.0,0.0,0.0,0.0,0.018
1281.0,ue[0],0,0.0,0.0,0.0,0.0,0.5,1.0,0.0,0.0,0.0,0.0
809.0,attacker[0],1,0.0,0.0,0.0,0.0,0.5,1.0,0.0,0.0,0.0,0.0
1068.0,ue[3],0,0.0,0.0,0.0,0.0,0.5,1.0,0.0,0.0,0.0,0.0
944.0,attacker[0],1,0.0,0.0,0.0,0.0,0.5,1.0,0.0,0.0,0.0,0.0
443.0,ue[1],0,0.0,0.0,0.0,0.0,0.5,1.0,0.0,0.0,0.0,0.022
244.0,ue[1],0,0.014,0.0111,0.063063,0.001,0.503083,0.81,1.0,0.028138,1.0,0.022
1388.0,attacker[1],1,0.0,0.0,0.0,0.0,0.5,1.0,0.0,0.0,0.0,0.0
1031.0,ue[0],0,0.0,0.0,0.0,0.0,0.5,1.0,0.0,0.0,0.0,0.0
1227.0,attacker[0],1,0.0,0.0,0.0,0.0,0.5,1.0,0.0,0.0,0.0,0.0
1304.0,ue[3],0,0.0,0.0,0.0,0.0,0.5,1.0,0.0,0.0,0.0,0.0
347.0,attacker[0],1,0.0,0.0,0.0,0.0,0.5,1.0,0.0,0.0,0.0,0.03
1225.0,attacker[2],1,0.0,0.0,0.0,0.0,0.5,1.0,0.0,0.0,0.0,0.0
625.0,attacker[2],1,0.0,0.0,0.0,0.0,0.5,1.0,0.0,0.0,0.0,0.03
583.0,attacker[1],1,0.0,0.0,0.0,0.0,0.5,1.0,0.0,0.0,0.0,0.029
854.0,ue[1],0,0.0,0.0,0.0,0.0,0.5,1.0,0.0,0.0,0.0,0.0
828.0,attacker[1],1,0.0,0.0,0.0,0.0,0.5,1.0,0.0,0.0,0.0,0.0
1166.0,ue[2],0,0.0,0.0,0.0,0.0,0.5,1.0,0.0,0.0,0.0,0.0
1056.0,ue[2],0,0.0,0.0,0.0,0.0,0.5,1.0,0.0,0.0,0.0,0.0
854.0,ue[4],0,0.0,0.0,0.0,0.0,0.5,1.0,0.0,0.0,0.0,0.0
1026.0,ue[4],0,0.0,0.0,0.0,0.0,0.5,1.0,0.0,0.0,0.0,0.0
23.0,ue[0],0,0.018,0.0094,0.095745,0.008,0.5035,0.073333,1.0,0.256703,0.8,0.018
828.0,ue[2],0,0.0,0.0,0.0,0.0,0.5,1.0,0.0,0.0,0.0,0.0
564.0,attacker[0],1,0.0,0.0,0.0,0.0,0.5,1.0,0.0,0.0,0.0,0.03
601.0,ue[3],0,0.0,0.0,0.0,0.0,0.5,1.0,0.0,0.0,0.0,0.018
963.0,attacker[2],1,0.0,0.0,0.0,0.0,0.5,1.0,0.0,0.0,0.0,0.0
25.0,ue[0],0,0.008,0.0098,0.040816,0.001,0.497917,0.08,1.0,0.0,0.866667,0.018
626.0,ue[0],0,0.0,0.0,0.0,0.0,0.5,1.0,0.0,0.0,0.0,0.022
109.0,ue[4],0,0.01,0.01,0.05,0.0,0.500833,0.36,1.0,0.0,1.0,0.019
646.0,attacker[1],1,0.0,0.0,0.0,0.0,0.5,1.0,0.0,0.0,0.0,0.025
751.0,attacker[2],1,0.0,0.0,0.0,0.0,0.5,1.0,0.0,0.0,0.0,0.026
224.0,attacker[2],1,0.018,0.0173,0.052023,0.0,0.501333,0.743333,1.0,0.167248,1.0,0.025
931.0,attacker[2],1,0.0,0.0,0.0,0.0,0.5,1.0,0.0,0.0,0.0,0.0
694.0,ue[3],0,0.0,0.0,0.0,0.0,0.5,1.0,0.0,0.0,0.0,0.018
657.0,attacker[0],1,0.0,0.0,0.0,0.0,0.5,1.0,0.0,0.0,0.0,0.03
496.0,attacker[1],1,0.0,0.0,0.0,0.0,0.5,1.0,0.0,0.0,0.0,0.029
1023.0,ue[1],0,0.0,0.0,0.0,0.0,0.5,1.0,0.0,0.0,0.0,0.0
1005.0,ue[3],0,0.0,0.0,0.0,0.0,0.5,1.0,0.0,0.0,0.0,0.0
527.0,ue[2],0,0.0,0.0,0.0,0.0,0.5,1.0,0.0,0.0,0.0,0.02
433.0,attacker[1],1,0.0,0.0,0.0,0.0,0.5,1.0,0.0,0.0,0.0,0.029
538.0,attacker[2],1,0.0,0.0,0.0,0.0,0.5,1.0,0.0,0.0,0.0,0.03
1054.0,ue[2],0,0.0,0.0,0.0,0.0,0.5,1.0,0.0,0.0,0.0,0.0
401.0,attacker[0],1,0.0,0.0,0.0,0.0,0.5,1.0,0.0,0.0,0.0,0.03
485.0,ue[0],0,0.0,0.0,0.0,0.0,0.5,1.0,0.0,0.0,0.0,0.022
774.0,ue[4],0,0.0,0.0,0.0,0.0,0.5,1.0,0.0,0.0,0.0,0.018
235.0,ue[2],0,0.02,0.0117,0.08547,0.014,0.5,0.78,1.0,0.127279,1.0,0.02
1161.0,attacker[0],1,0.0,0.0,0.0,0.0,0.5,1.0,0.0,0.0,0.0,0.0
1083.0,ue[3],0,0.0,0.0,0.0,0.0,0.5,1.0,0.0,0.0,0.0,0.0
832.0,attacker[0],1,0.0,0.0,0.0,0.0,0.5,1.0,0.0,0.0,0.0,0.0
507.0,ue[4],0,0.0,0.0,0.0,0.0,0.5,1.0,0.0,0.0,0.0,0.019
1062.0,ue[2],0,0.0,0.0,0.0,0.0,0.5,1.0,0.0,0.0,0.0,0.0
301.0,ue[2],0,0.0,0.003,0.0,0.0,0.5,1.0,0.766667,0.0,0.0,0.02
283.0,ue[2],0,0.013,0.0084,0.077381,0.005,0.50075,0.94,1.0,0.0,1.0,0.02
1075.0,attacker[1],1,0.0,0.0,0.0,0.0,0.5,1.0,0.0,0.0,0.0,0.0
1300.0,ue[0],0,0.0,0.0,0.0,0.0,0.5,1.0,0.0,0.0,0.0,0.0
1417.0,attacker[1],1,0.0,0.0,0.0,0.0,0.5,1.0,0.0,0.0,0.0,0.0
598.0,ue[4],0,0.0,0.0,0.0,0.0,0.5,1.0,0.0,0.0,0.0,0.019
1043.0,attacker[2],1,0.0,0.0,0.0,0.0,0.5,1.0,0.0,0.0,0.0,0.0
623.0,attacker[2],1,0.0,0.0,0.0,0.0,0.5,1.0,0.0,0.0,0.0,0.03
282.0,ue[0],0,0.014,0.0112,0.0625,0.0,0.502667,0.936667,1.0,0.01768,1.0,0.022
1409.0,ue[4],0,0.0,0.0,0.0,0.0,0.5,1.0,0.0,0.0,0.0,0.0
764.0,ue[0],0,0.0,0.0,0.0,0.0,0.5,1.0,0.0,0.0,0.0,0.022
968.0,ue[1],0,0.0,0.0,0.0,0.0,0.5,1.0,0.0,0.0,0.0,0.0
726.0,ue[0],0,0.0,0.0,0.0,0.0,0.5,1.0,0.0,0.0,0.0,0.022
286.0,ue[3],0,0.011,0.0093,0.05914,0.006,0.499333,0.95,1.0,0.0,1.0,0.018
65.0,ue[2],0,0.017,0.0111,0.076577,0.001,0.502917,0.213333,1.0,0.177318,1.0,0.018
322.0,ue[3],0,0.0,0.0,0.0,0.0,0.5,1.0,0.066667,0.0,0.0,0.018
140.0,attacker[2],1,0.014,0.016,0.04375,0.001,0.499917,0.463333,1.0,0.116764,1.0,0.025
1217.0,ue[2],0,0.0,0.0,0.0,0.0,0.5,1.0,0.0,0.0,0.0,0.0
926.0,attacker[1],1,0.0,0.0,0.0,0.0,0.5,1.0,0.0,0.0,0.0,0.0
1466.0,ue[0],0,0.0,0.0,0.0,0.0,0.5,1.0,0.0,0.0,0.0,0.0
15.0,ue[3],0,0.015,0.0104,0.072115,0.006,0.501167,0.046667,1.0,0.070711,0.533333,0.015
905.0,ue[3],0,0.0,0.0,0.0,0.0,0.5,1.0,0.0,0.0,0.0,0.0
163.0,ue[1],0,0.01,0.0105,0.047619,0.001,0.500583,0.54,1.0,0.0,1.0,0.022
1296.0,ue[1],0,0.0,0.0,0.0,0.0,0.5,1.0,0.0,0.0,0.0,0.0
40.0,ue[3],0,0.014,0.0108,0.064815,0.006,0.5,0.13,1.0,0.087851,1.0,0.015
600.0,attacker[1],1,0.0,0.0,0.0,0.0,0.5,1.0,0.0,0.0,0.0,0.029
592.0,attacker[2],1,0.0,0.0,0.0,0.0,0.5,1.0,0.0,0.0,0.0,0.03
664.0,ue[1],0,0.0,0.0,0.0,0.0,0.5,1.0,0.0,0.0,0.0,0.018
382.0,ue[2],0,0.0,0.0,0.0,0.0,0.5,1.0,0.0,0.0,0.0,0.02
1333.0,attacker[0],1,0.0,0.0,0.0,0.0,0.5,1.0,0.0,0.0,0.0,0.0
1423.0,ue[4],0,0.0,0.0,0.0,0.0,0.5,1.0,0.0,0.0,0.0,0.0
1414.0,ue[4],0,0.0,0.0,0.0,0.0,0.5,1.0,0.0,0.0,0.0,0.0
1078.0,ue[0],0,0.0,0.0,0.0,0.0,0.5,1.0,0.0,0.0,0.0,0.0
549.0,ue[3],0,0.0,0.0,0.0,0.0,0.5,1.0,0.0,0.0,0.0,0.018
823.0,ue[3],0,0.0,0.0,0.0,0.0,0.5,1.0,0.0,0.0,0.0,0.0
416.0,ue[1],0,0.0,0.0,0.0,0.0,0.5,1.0,0.0,0.0,0.0,0.022
558.0,attacker[2],1,0.0,0.0,0.0,0.0,0.5,1.0,0.0,0.0,0.0,0.03
516.0,ue[2],0,0.0,0.0,0.0,0.0,0.5,1.0,0.0,0.0,0.0,0.02
229.0,ue[0],0,0.008,0.0109,0.036697,0.001,0.498583,0.76,1.0,0.0,1.0,0.018
381.0,attacker[0],1,0.0,0.0,0.0,0.0,0.5,1.0,0.0,0.0,0.0,0.03
760.0,ue[4],0,0.0,0.0,0.0,0.0,0.5,1.0,0.0,0.0,0.0,0.018
1040.0,ue[1],0,0.0,0.0,0.0,0.0,0.5,1.0,0.0,0.0,0.0,0.0
129.0,ue[3],0,0.012,0.0103,0.058252,0.004,0.5,0.426667,1.0,0.0,1.0,0.017
1085.0,attacker[2],1,0.0,0.0,0.0,0.0,0.5,1.0,0.0,0.0,0.0,0.0
842.0,ue[2],0,0.0,0.0,0.0,0.0,0.5,1.0,0.0,0.0,0.0,0.0
826.0,attacker[1],1,0.0,0.0,0.0,0.0,0.5,1.0,0.0,0.0,0.0,0.0
1399.0,attacker[0],1,0.0,0.0,0.0,0.0,0.5,1.0,0.0,0.0,0.0,0.0
758.0,ue[3],0,0.0,0.0,0.0,0.0,0.5,1.0,0.0,0.0,0.0,0.015
731.0,attacker[0],1,0.0,0.0,0.0,0.0,0.5,1.0,0.0,0.0,0.0,0.03
25.0,ue[3],0,0.014,0.0099,0.070707,0.002,0.502,0.08,1.0,0.0,0.866667,0.015
938.0,ue[0],0,0.0,0.0,0.0,0.0,0.5,1.0,0.0,0.0,0.0,0.0
1316.0,attacker[2],1,0.0,0.0,0.0,0.0,0.5,1.0,0.0,0.0,0.0,0.0
39.0,attacker[0],1,0.015,0.016,0.046875,0.0,0.497833,0.126667,1.0,0.147893,1.0,0.027
1464.0,attacker[0],1,0.0,0.0,0.0,0.0,0.5,1.0,0.0,0.0,0.0,0.0
591.0,ue[4],0,0.0,0.0,0.0,0.0,0.5,1.0,0.0,0.0,0.0,0.019
206.0,attacker[2],1,0.01,0.0148,0.033784,0.004,0.499,0.683333,1.0,0.0,1.0,0.025
586.0,attacker[2],1,0.0,0.0,0.0,0.0,0.5,1.0,0.0,0.0,0.0,0.03
963.0,ue[2],0,0.0,0.0,0.0,0.0,0.5,1.0,0.0,0.0,0.0,0.0
208.0,ue[0],0,0.009,0.0086,0.052326,0.0,0.499,0.69,1.0,0.0,1.0,0.018
571.0,ue[1],0,0.0,0.0,0.0,0.0,0.5,1.0,0.0,0.0,0.0,0.02
241.0,attacker[0],1,0.016,0.0168,0.047619,0.008,0.502833,0.8,1.0,0.318699,1.0,0.027
210.0,ue[2],0,0.005,0.0117,0.021368,0.008,0.498667,0.696667,1.0,0.0,1.0,0.018
458.0,attacker[2],1,0.0,0.0,0.0,0.0,0.5,1.0,0.0,0.0,0.0,0.03
1359.0,attacker[1],1,0.0,0.0,0.0,0.0,0.5,1.0,0.0,0.0,0.0,0.0
1420.0,ue[0],0,0.0,0.0,0.0,0.0,0.5,1.0,0.0,0.0,0.0,0.0
210.0,ue[4],0,0.01,0.01,0.05,0.005,0.499583,0.696667,1.0,0.0,1.0,0.019
1051.0,attacker[0],1,0.0,0.0,0.0,0.0,0.5,1.0,0.0,0.0,0.0,0.0
1238.0,attacker[0],1,0.0,0.0,0.0,0.0,0.5,1.0,0.0,0.0,0.0,0.0
533.0,ue[1],0,0.0,0.0,0.0,0.0,0.5,1.0,0.0,0.0,0.0,0.022
1382.0,ue[2],0,0.0,0.0,0.0,0.0,0.5,1.0,0.0,0.0,0.0,0.0
1425.0,ue[0],0,0.0,0.0,0.0,0.0,0.5,1.0,0.0,0.0,0.0,0.0
511.0,ue[4],0,0.0,0.0,0.0,0.0,0.5,1.0,0.0,0.0,0.0,0.019
273.0,attacker[0],1,0.013,0.0166,0.039157,0.004,0.495833,0.906667,1.0,0.094868,1.0,0.027
917.0,ue[1],0,0.0,0.0,0.0,0.0,0.5,1.0,0.0,0.0,0.0,0.0
1223.0,ue[0],0,0.0,0.0,0.0,0.0,0.5,1.0,0.0,0.0,0.0,0.0
125.0,attacker[1],1,0.012,0.0171,0.035088,0.008,0.499333,0.413333,1.0,0.028138,1.0,0.029
256.0,ue[2],0,0.005,0.0091,0.027473,0.003,0.498917,0.85,1.0,0.0,1.0,0.02
962.0,attacker[1],1,0.0,0.0,0.0,0.0,0.5,1.0,0.0,0.0,0.0,0.0
874.0,attacker[1],1,0.0,0.0,0.0,0.0,0.5,1.0,0.0,0.0,0.0,0.0
1401.0,attacker[2],1,0.0,0.0,0.0,0.0,0.5,1.0,0.0,0.0,0.0,0.0
1178.0,ue[3],0,0.0,0.0,0.0,0.0,0.5,1.0,0.0,0.0,0.0,0.0
616.0,ue[0],0,0.0,0.0,0.0,0.0,0.5,1.0,0.0,0.0,0.0,0.022
671.0,ue[2],0,0.0,0.0,0.0,0.0,0.5,1.0,0.0,0.0,0.0,0.02
1326.0,ue[2],0,0.0,0.0,0.0,0.0,0.5,1.0,0.0,0.0,0.0,0.0
735.0,ue[0],0,0.0,0.0,0.0,0.0,0.5,1.0,0.0,0.0,0.0,0.022
1145.0,ue[3],0,0.0,0.0,0.0,0.0,0.5,1.0,0.0,0.0,0.0,0.0
612.0,attacker[1],1,0.0,0.0,0.0,0.0,0.5,1.0,0.0,0.0,0.0,0.029
1185.0,attacker[1],1,0.0,0.0,0.0,0.0,0.5,1.0,0.0,0.0,0.0,0.0
124.0,ue[0],0,0.01,0.0099,0.050505,0.002,0.5005,0.41,1.0,0.0,1.0,0.018
817.0,ue[2],0,0.0,0.0,0.0,0.0,0.5,1.0,0.0,0.0,0.0,0.0
719.0,ue[1],0,0.0,0.0,0.0,0.0,0.5,1.0,0.0,0.0,0.0,0.018
515.0,ue[1],0,0.0,0.0,0.0,0.0,0.5,1.0,0.0,0.0,0.0,0.022
596.0,ue[4],0,0.0,0.0,0.0,0.0,0.5,1.0,0.0,0.0,0.0,0.019
1413.0,ue[2],0,0.0,0.0,0.0,0.0,0.5,1.0,0.0,0.0,0.0,0.0
645.0,attacker[2],1,0.0,0.0,0.0,0.0,0.5,1.0,0.0,0.0,0.0,0.03
713.0,ue[0],0,0.0,0.0,0.0,0.0,0.5,1.0,0.0,0.0,0.0,0.022
123.0,ue[2],0,0.01,0.0105,0.047619,0.0,0.500667,0.406667,1.0,0.0,1.0,0.018
110.0,ue[1],0,0.008,0.0095,0.042105,0.005,0.50125,0.363333,1.0,0.0,1.0,0.022
1397.0,ue[4],0,0.0,0.0,0.0,0.0,0.5,1.0,0.0,0.0,0.0,0.0
608.0,ue[1],0,0.0,0.0,0.0,0.0,0.5,1.0,0.0,0.0,0.0,0.02
82.0,ue[4],0,0.008,0.0094,0.042553,0.001,0.499417,0.27,1.0,0.0,1.0,0.019
326.0,ue[4],0,0.0,0.0,0.0,0.0,0.5,1.0,0.0,0.0,0.0,0.019
1407.0,ue[1],0,0.0,0.0,0.0,0.0,0.5,1.0,0.0,0.0,0.0,0.0
118.0,ue[1],0,0.009,0.0094,0.047872,0.001,0.500083,0.39,1.0,0.0,1.0,0.022
729.0,ue[2],0,0.0,0.0,0.0,0.0,0.5,1.0,0.0,0.0,0.0,0.02
714.0,ue[3],0,0.0,0.0,0.0,0.0,0.5,1.0,0.0,0.0,0.0,0.018
326.0,ue[3],0,0.0,0.0,0.0,0.0,0.5,1.0,0.0,0.0,0.0,0.018
669.0,ue[4],0,0.0,0.0,0.0,0.0,0.5,1.0,0.0,0.0,0.0,0.018
1250.0,ue[3],0,0.0,0.0,0.0,0.0,0.5,1.0,0.0,0.0,0.0,0.0
1428.0,ue[3],0,0.0,0.0,0.0,0.0,0.5,1.0,0.0,0.0,0.0,0.0
218.0,ue[3],0,0.012,0.0107,0.056075,0.005,0.498917,0.723333,1.0,0.018908,1.0,0.017
485.0,ue[1],0,0.0,0.0,0.0,0.0,0.5,1.0,0.0,0.0,0.0,0.022
569.0,attacker[0],1,0.0,0.0,0.0,0.0,0.5,1.0,0.0,0.0,0.0,0.03
558.0,attacker[1],1,0.0,0.0,0.0,0.0,0.5,1.0,0.0,0.0,0.0,0.029
553.0,ue[4],0,0.0,0.0,0.0,0.0,0.5,1.0,0.0,0.0,0.0,0.019
620.0,ue[0],0,0.0,0.0,0.0,0.0,0.5,1.0,0.0,0.0,0.0,0.022
668.0,ue[3],0,0.0,0.0,0.0,0.0,0.5,1.0,0.0,0.0,0.0,0.018
1087.0,attacker[2],1,0.0,0.0,0.0,0.0,0.5,1.0,0.0,0.0,0.0,0.0
1238.0,ue[0],0,0.0,0.0,0.0,0.0,0.5,1.0,0.0,0.0,0.0,0.0
1201.0,ue[0],0,0.0,0.0,0.0,0.0,0.5,1.0,0.0,0.0,0.0,0.0
194.0,ue[4],0,0.011,0.011,0.05,0.001,0.500083,0.643333,1.0,0.0,1.0,0.019
1306.0,ue[2],0,0.0,0.0,0.0,0.0,0.5,1.0,0.0,0.0,0.0,0.0
570.0,ue[1],0,0.0,0.0,0.0,0.0,0.5,1.0,0.0,0.0,0.0,0.02
578.0,ue[0],0,0.0,0.0,0.0,0.0,0.5,1.0,0.0,0.0,0.0,0.022
1007.0,attacker[1],1,0.0,0.0,0.0,0.0,0.5,1.0,0.0,0.0,0.0,0.0
382.0,ue[0],0,0.0,0.0,0.0,0.0,0.5,1.0,0.0,0.0,0.0,0.022
1300.0,attacker[1],1,0.0,0.0,0.0,0.0,0.5,1.0,0.0,0.0,0.0,0.0
655.0,ue[0],0,0.0,0.0,0.0,0.0,0.5,1.0,0.0,0.0,0.0,0.022
1377.0,ue[4],0,0.0,0.0,0.0,0.0,0.5,1.0,0.0,0.0,0.0,0.0
839.0,ue[3],0,0.0,0.0,0.0,0.0,0.5,1.0,0.0,0.0,0.0,0.0
964.0,ue[4],0,0.0,0.0,0.0,0.0,0.5,1.0,0.0,0.0,0.0,0.0
268.0,ue[1],0,0.009,0.0099,0.045455,0.001,0.499417,0.89,1.0,0.0,1.0,0.022
1454.0,ue[4],0,0.0,0.0,0.0,0.0,0.5,1.0,0.0,0.0,0.0,0.0
1111.0,ue[0],0,0.0,0.0,0.0,0.0,0.5,1.0,0.0,0.0,0.0,0.0
875.0,attacker[0],1,0.0,0.0,0.0,0.0,0.5,1.0,0.0,0.0,0.0,0.0
1195.0,ue[3],0,0.0,0.0,0.0,0.0,0.5,1.0,0.0,0.0,0.0,0.0
1182.0,ue[4],0,0.0,0.0,0.0,0.0,0.5,1.0,0.0,0.0,0.0,0.0
874.0,ue[1],0,0.0,0.0,0.0,0.0,0.5,1.0,0.0,0.0,0.0,0.0
760.0,ue[1],0,0.0,0.0,0.0,0.0,0.5,1.0,0.0,0.0,0.0,0.018
494.0,ue[1],0,0.0,0.0,0.0,0.0,0.5,1.0,0.0,0.0,0.0,0.022
35.0,ue[2],0,0.016,0.011,0.072727,0.011,0.50025,0.113333,1.0,0.125555,1.0,0.018
527.0,ue[0],0,0.0,0.0,0.0,0.0,0.5,1.0,0.0,0.0,0.0,0.022
281.0,ue[2],0,0.01,0.0082,0.060976,0.0,0.5015,0.933333,1.0,0.0,1.0,0.02
263.0,ue[0],0,0.009,0.0117,0.038462,0.002,0.499667,0.873333,1.0,0.0,1.0,0.018
572.0,ue[3],0,0.0,0.0,0.0,0.0,0.5,1.0,0.0,0.0,0.0,0.018
508.0,attacker[2],1,0.0,0.0,0.0,0.0,0.5,1.0,0.0,0.0,0.0,0.03
246.0,ue[2],0,0.011,0.0102,0.053922,0.002,0.499833,0.816667,1.0,0.0,1.0,0.02
620.0,attacker[1],1,0.0,0.0,0.0,0.0,0.5,1.0,0.0,0.0,0.0,0.029
160.0,attacker[1],1,0.015,0.0141,0.053191,0.003,0.499583,0.53,1.0,0.122132,1.0,0.029
1044.0,ue[3],0,0.0,0.0,0.0,0.0,0.5,1.0,0.0,0.0,0.0,0.0
590.0,ue[1],0,0.0,0.0,0.0,0.0,0.5,1.0,0.0,0.0,0.0,0.02
812.0,attacker[1],1,0.0,0.0,0.0,0.0,0.5,1.0,0.0,0.0,0.0,0.0
989.0,ue[3],0,0.0,0.0,0.0,0.0,0.5,1.0,0.0,0.0,0.0,0.0
826.0,ue[3],0,0.0,0.0,0.0,0.0,0.5,1.0,0.0,0.0,0.0,0.0
1215.0,ue[2],0,0.0,0.0,0.0,0.0,0.5,1.0,0.0,0.0,0.0,0.0
1280.0,attacker[0],1,0.0,0.0,0.0,0.0,0.5,1.0,0.0,0.0,0.0,0.0
1232.0,ue[2],0,0.0,0.0,0.0,0.0,0.5,1.0,0.0,0.0,0.0,0.0
1120.0,ue[3],0,0.0,0.0,0.0,0.0,0.5,1.0,0.0,0.0,0.0,0.0
15.0,attacker[1],1,0.015,0.0178,0.042135,0.004,0.499833,0.046667,0.9375,0.070711,0.5,0.029
859.0,attacker[0],1,0.0,0.0,0.0,0.0,0.5,1.0,0.0,0.0,0.0,0.0
980.0,ue[2],0,0.0,0.0,0.0,0.0,0.5,1.0,0.0,0.0,0.0,0.0
302.0,ue[4],0,0.0,0.0032,0.0,0.0,0.5,1.0,0.733333,0.0,0.0,0.019
584.0,ue[2],0,0.0,0.0,0.0,0.0,0.5,1.0,0.0,0.0,0.0,0.02
1399.0,ue[0],0,0.0,0.0,0.0,0.0,0.5,1.0,0.0,0.0,0.0,0.0
435.0,ue[4],0,0.0,0.0,0.0,0.0,0.5,1.0,0.0,0.0,0.0,0.019
679.0,ue[2],0,0.0,0.0,0.0,0.0,0.5,1.0,0.0,0.0,0.0,0.02
740.0,attacker[2],1,0.0,0.0,0.0,0.0,0.5,1.0,0.0,0.0,0.0,0.026
731.0,ue[4],0,0.0,0.0,0.0,0.0,0.5,1.0,0.0,0.0,0.0,0.018
1455.0,attacker[1],1,0.0,0.0,0.0,0.0,0.5,1.0,0.0,0.0,0.0,0.0
96.0,ue[1],0,0.009,0.0102,0.044118,0.004,0.498833,0.316667,1.0,0.0,1.0,0.022
1435.0,ue[1],0,0.0,0.0,0.0,0.0,0.5,1.0,0.0,0.0,0.0,0.0
516.0,ue[3],0,0.0,0.0,0.0,0.0,0.5,1.0,0.0,0.0,0.0,0.018
148.0,ue[4],0,0.007,0.0118,0.029661,0.005,0.49875,0.49,1.0,0.0,1.0,0.019
1060.0,ue[0],0,0.0,0.0,0.0,0.0,0.5,1.0,0.0,0.0,0.0,0.0
1386.0,ue[0],0,0.0,0.0,0.0,0.0,0.5,1.0,0.0,0.0,0.0,0.0
776.0,attacker[0],1,0.0,0.0,0.0,0.0,0.5,1.0,0.0,0.0,0.0,0.03
1106.0,attacker[1],1,0.0,0.0,0.0,0.0,0.5,1.0,0.0,0.0,0.0,0.0
1429.0,attacker[0],1,0.0,0.0,0.0,0.0,0.5,1.0,0.0,0.0,0.0,0.0
595.0,ue[2],0,0.0,0.0,0.0,0.0,0.5,1.0,0.0,0.0,0.0,0.02
566.0,ue[4],0,0.0,0.0,0.0,0.0,0.5,1.0,0.0,0.0,0.0,0.019
1177.0,attacker[1],1,0.0,0.0,0.0,0.0,0.5,1.0,0.0,0.0,0.0,0.0
1039.0,attacker[0],1,0.0,0.0,0.0,0.0,0.5,1.0,0.0,0.0,0.0,0.0
174.0,attacker[1],1,0.019,0.0151,0.062914,0.001,0.503417,0.576667,1.0,0.354474,1.0,0.029
1393.0,ue[2],0,0.0,0.0,0.0,0.0,0.5,1.0,0.0,0.0,0.0,0.0
18.0,ue[4],0,0.012,0.011,0.054545,0.0,0.5005,0.056667,1.0,0.009376,0.633333,0.019
202.0,ue[0],0,0.005,0.0101,0.024752,0.002,0.498167,0.67,1.0,0.0,1.0,0.018
75.0,ue[0],0,0.016,0.0099,0.080808,0.002,0.505167,0.246667,1.0,0.125,1.0,0.018
425.0,attacker[2],1,0.0,0.0,0.0,0.0,0.5,1.0,0.0,0.0,0.0,0.03
968.0,attacker[0],1,0.0,0.0,0.0,0.0,0.5,1.0,0.0,0.0,0.0,0.0
1217.0,attacker[2],1,0.0,0.0,0.0,0.0,0.5,1.0,0.0,0.0,0.0,0.0
630.0,ue[4],0,0.0,0.0,0.0,0.0,0.5,1.0,0.0,0.0,0.0,0.018
752.0,attacker[2],1,0.0,0.0,0.0,0.0,0.5,1.0,0.0,0.0,0.0,0.026
935.0,ue[2],0,0.0,0.0,0.0,0.0,0.5,1.0,0.0,0.0,0.0,0.0
1080.0,attacker[2],1,0.0,0.0,0.0,0.0,0.5,1.0,0.0,0.0,0.0,0.0
1083.0,ue[2],0,0.0,0.0,0.0,0.0,0.5,1.0,0.0,0.0,0.0,0.0
1165.0,ue[2],0,0.0,0.0,0.0,0.0,0.5,1.0,0.0,0.0,0.0,0.0
674.0,attacker[1],1,0.0,0.0,0.0,0.0,0.5,1.0,0.0,0.0,0.0,0.025
1471.0,ue[0],0,0.0,0.0,0.0,0.0,0.5,1.0,0.0,0.0,0.0,0.0
673.0,attacker[0],1,0.0,0.0,0.0,0.0,0.5,1.0,0.0,0.0,0.0,0.03
1340.0,attacker[2],1,0.0,0.0,0.0,0.0,0.5,1.0,0.0,0.0,0.0,0.0
944.0,attacker[1],1,0.0,0.0,0.0,0.0,0.5,1.0,0.0,0.0,0.0,0.0
176.0,ue[0],0,0.009,0.0093,0.048387,0.0,0.500167,0.583333,1.0,0.0,1.0,0.018
1185.0,attacker[2],1,0.0,0.0,0.0,0.0,0.5,1.0,0.0,0.0,0.0,0.0
142.0,attacker[2],1,0.018,0.0156,0.057692,0.007,0.500417,0.47,1.0,0.182237,1.0,0.025
29.0,ue[4],0,0.012,0.0117,0.051282,0.0,0.5,0.093333,1.0,0.0,1.0,0.019
1202.0,attacker[1],1,0.0,0.0,0.0,0.0,0.5,1.0,0.0,0.0,0.0,0.0
1178.0,ue[4],0,0.0,0.0,0.0,0.0,0.5,1.0,0.0,0.0,0.0,0.0
965.0,attacker[1],1,0.0,0.0,0.0,0.0,0.5,1.0,0.0,0.0,0.0,0.0
1327.0,ue[4],0,0.0,0.0,0.0,0.0,0.5,1.0,0.0,0.0,0.0,0.0
280.0,attacker[2],1,0.019,0.0168,0.056548,0.002,0.500667,0.93,1.0,0.392078,1.0,0.03
639.0,ue[4],0,0.0,0.0,0.0,0.0,0.5,1.0,0.0,0.0,0.0,0.018
1103.0,attacker[2],1,0.0,0.0,0.0,0.0,0.5,1.0,0.0,0.0,0.0,0.0
1242.0,ue[4],0,0.0,0.0,0.0,0.0,0.5,1.0,0.0,0.0,0.0,0.0
943.0,ue[3],0,0.0,0.0,0.0,0.0,0.5,1.0,0.0,0.0,0.0,0.0
440.0,ue[2],0,0.0,0.0,0.0,0.0,0.5,1.0,0.0,0.0,0.0,0.02
772.0,attacker[1],1,0.0,0.0,0.0,0.0,0.5,1.0,0.0,0.0,0.0,0.025
1450.0,attacker[2],1,0.0,0.0,0.0,0.0,0.5,1.0,0.0,0.0,0.0,0.0
1412.0,ue[4],0,0.0,0.0,0.0,0.0,0.5,1.0,0.0,0.0,0.0,0.0
137.0,ue[0],0,0.007,0.0098,0.035714,0.002,0.498833,0.453333,1.0,0.0,1.0,0.018
38.0,attacker[1],1,0.01,0.0185,0.027027,0.007,0.497083,0.123333,1.0,0.0,1.0,0.029
1479.0,ue[4],0,0.0,0.0,0.0,0.0,0.5,1.0,0.0,0.0,0.0,0.0
211.0,ue[4],0,0.013,0.0097,0.06701,0.003,0.50225,0.7,1.0,0.031265,1.0,0.019
1021.0,ue[2],0,0.0,0.0,0.0,0.0,0.5,1.0,0.0,0.0,0.0,0.0
1215.0,ue[1],0,0.0,0.0,0.0,0.0,0.5,1.0,0.0,0.0,0.0,0.0
1342.0,ue[2],0,0.0,0.0,0.0,0.0,0.5,1.0,0.0,0.0,0.0,0.0
830.0,ue[0],0,0.0,0.0,0.0,0.0,0.5,1.0,0.0,0.0,0.0,0.0
914.0,ue[3],0,0.0,0.0,0.0,0.0,0.5,1.0,0.0,0.0,0.0,0.0
1281.0,attacker[2],1,0.0,0.0,0.0,0.0,0.5,1.0,0.0,0.0,0.0,0.0
873.0,attacker[0],1,0.0,0.0,0.0,0.0,0.5,1.0,0.0,0.0,0.0,0.0
78.0,ue[4],0,0.009,0.01,0.045,0.002,0.500333,0.256667,1.0,0.0,1.0,0.019
1217.0,attacker[1],1,0.0,0.0,0.0,0.0,0.5,1.0,0.0,0.0,0.0,0.0
43.0,attacker[1],1,0.024,0.0167,0.071856,0.005,0.50425,0.14,1.0,0.400152,1.0,0.029
792.0,ue[1],0,0.0,0.0,0.0,0.0,0.5,1.0,0.0,0.0,0.0,0.012
1488.0,ue[1],0,0.0,0.0,0.0,0.0,0.5,1.0,0.0,0.0,0.0,0.0
502.0,ue[4],0,0.0,0.0,0.0,0.0,0.5,1.0,0.0,0.0,0.0,0.019
310.0,ue[4],0,0.0,0.0,0.0,0.0,0.5,1.0,0.466667,0.0,0.0,0.019
522.0,ue[0],0,0.0,0.0,0.0,0.0,0.5,1.0,0.0,0.0,0.0,0.022
1086.0,attacker[1],1,0.0,0.0,0.0,0.0,0.5,1.0,0.0,0.0,0.0,0.0
416.0,attacker[2],1,0.0,0.0,0.0,0.0,0.5,1.0,0.0,0.0,0.0,0.03
1380.0,ue[1],0,0.0,0.0,0.0,0.0,0.5,1.0,0.0,0.0,0.0,0.0
1100.0,attacker[2],1,0.0,0.0,0.0,0.0,0.5,1.0,0.0,0.0,0.0,0.0
443.0,ue[3],0,0.0,0.0,0.0,0.0,0.5,1.0,0.0,0.0,0.0,0.018
177.0,ue[4],0,0.015,0.0098,0.076531,0.007,0.501083,0.586667,1.0,0.062744,1.0,0.019
336.0,ue[1],0,0.0,0.0,0.0,0.0,0.5,1.0,0.0,0.0,0.0,0.022
933.0,attacker[1],1,0.0,0.0,0.0,0.0,0.5,1.0,0.0,0.0,0.0,0.0
132.0,ue[1],0,0.013,0.0087,0.074713,0.006,0.501333,0.436667,1.0,0.015294,1.0,0.022
905.0,attacker[2],1,0.0,0.0,0.0,0.0,0.5,1.0,0.0,0.0,0.0,0.0
654.0,ue[0],0,0.0,0.0,0.0,0.0,0.5,1.0,0.0,0.0,0.0,0.022
1098.0,attacker[2],1,0.0,0.0,0.0,0.0,0.5,1.0,0.0,0.0,0.0,0.0
543.0,attacker[0],1,0.0,0.0,0.0,0.0,0.5,1.0,0.0,0.0,0.0,0.03
1391.0,attacker[1],1,0.0,0.0,0.0,0.0,0.5,1.0,0.0,0.0,0.0,0.0
1041.0,attacker[0],1,0.0,0.0,0.0,0.0,0.5,1.0,0.0,0.0,0.0,0.0
845.0,ue[2],0,0.0,0.0,0.0,0.0,0.5,1.0,0.0,0.0,0.0,0.0
720.0,ue[0],0,0.0,0.0,0.0,0.0,0.5,1.0,0.0,0.0,0.0,0.022
1097.0,ue[2],0,0.0,0.0,0.0,0.0,0.5,1.0,0.0,0.0,0.0,0.0
628.0,attacker[0],1,0.0,0.0,0.0,0.0,0.5,1.0,0.0,0.0,0.0,0.03
992.0,ue[1],0,0.0,0.0,0.0,0.0,0.5,1.0,0.0,0.0,0.0,0.0
1418.0,ue[2],0,0.0,0.0,0.0,0.0,0.5,1.0,0.0,0.0,0.0,0.0
959.0,attacker[1],1,0.0,0.0,0.0,0.0,0.5,1.0,0.0,0.0,0.0,0.0
200.0,ue[1],0,0.01,0.01,0.05,0.001,0.49875,0.663333,1.0,0.0,1.0,0.022
1127.0,attacker[2],1,0.0,0.0,0.0,0.0,0.5,1.0,0.0,0.0,0.0,0.0
1073.0,attacker[0],1,0.0,0.0,0.0,0.0,0.5,1.0,0.0,0.0,0.0,0.0
650.0,ue[3],0,0.0,0.0,0.0,0.0,0.5,1.0,0.0,0.0,0.0,0.018
1175.0,attacker[0],1,0.0,0.0,0.0,0.0,0.5,1.0,0.0,0.0,0.0,0.0
1272.0,ue[1],0,0.0,0.0,0.0,0.0,0.5,1.0,0.0,0.0,0.0,0.0
334.0,attacker[0],1,0.0,0.0,0.0,0.0,0.5,1.0,0.0,0.0,0.0,0.03
755.0,ue[3],0,0.0,0.0,0.0,0.0,0.5,1.0,0.0,0.0,0.0,0.015
1343.0,ue[2],0,0.0,0.0,0.0,0.0,0.5,1.0,0.0,0.0,0.0,0.0
312.0,ue[1],0,0.0,0.0,0.0,0.0,0.5,1.0,0.4,0.0,0.0,0.022
1000.0,ue[3],0,0.0,0.0,0.0,0.0,0.5,1.0,0.0,0.0,0.0,0.0
279.0,attacker[2],1,0.017,0.0164,0.051829,0.002,0.499,0.926667,1.0,0.3048,1.0,0.03
1260.0,ue[4],0,0.0,0.0,0.0,0.0,0.5,1.0,0.0,0.0,0.0,0.0
1227.0,ue[3],0,0.0,0.0,0.0,0.0,0.5,1.0,0.0,0.0,0.0,0.0
141.0,ue[0],0,0.013,0.0103,0.063107,0.003,0.50125,0.466667,1.0,0.04262,1.0,0.018
769.0,attacker[0],1,0.0,0.0,0.0,0.0,0.5,1.0,0.0,0.0,0.0,0.03
382.0,attacker[1],1,0.0,0.0,0.0,0.0,0.5,1.0,0.0,0.0,0.0,0.029
566.0,ue[1],0,0.0,0.0,0.0,0.0,0.5,1.0,0.0,0.0,0.0,0.02
358.0,ue[3],0,0.0,0.0,0.0,0.0,0.5,1.0,0.0,0.0,0.0,0.018
835.0,ue[4],0,0.0,0.0,0.0,0.0,0.5,1.0,0.0,0.0,0.0,0.0
97.0,attacker[1],1,0.014,0.0181,0.038674,0.002,0.4985,0.32,1.0,0.102598,1.0,0.029
993.0,ue[0],0,0.0,0.0,0.0,0.0,0.5,1.0,0.0,0.0,0.0,0.0
553.0,ue[0],0,0.0,0.0,0.0,0.0,0.5,1.0,0.0,0.0,0.0,0.022
919.0,ue[4],0,0.0,0.0,0.0,0.0,0.5,1.0,0.0,0.0,0.0,0.0
1190.0,attacker[2],1,0.0,0.0,0.0,0.0,0.5,1.0,0.0,0.0,0.0,0.0
1032.0,ue[3],0,0.0,0.0,0.0,0.0,0.5,1.0,0.0,0.0,0.0,0.0
73.0,ue[0],0,0.009,0.0083,0.054217,0.001,0.50025,0.24,1.0,0.0,1.0,0.018
518.0,ue[4],0,0.0,0.0,0.0,0.0,0.5,1.0,0.0,0.0,0.0,0.019
58.0,ue[4],0,0.007,0.0092,0.038043,0.001,0.497917,0.19,1.0,0.0,1.0,0.019
350.0,ue[1],0,0.0,0.0,0.0,0.0,0.5,1.0,0.0,0.0,0.0,0.022
752.0,attacker[0],1,0.0,0.0,0.0,0.0,0.5,1.0,0.0,0.0,0.0,0.03
45.0,ue[1],0,0.01,0.0091,0.054945,0.003,0.499917,0.146667,1.0,0.0,1.0,0.017
1364.0,ue[3],0,0.0,0.0,0.0,0.0,0.5,1.0,0.0,0.0,0.0,0.0
420.0,attacker[2],1,0.0,0.0,0.0,0.0,0.5,1.0,0.0,0.0,0.0,0.03
511.0,ue[0],0,0.0,0.0,0.0,0.0,0.5,1.0,0.0,0.0,0.0,0.022
1412.0,ue[3],0,0.0,0.0,0.0,0.0,0.5,1.0,0.0,0.0,0.0,0.0
554.0,ue[3],0,0.0,0.0,0.0,0.0,0.5,1.0,0.0,0.0,0.0,0.018
1063.0,ue[4],0,0.0,0.0,0.0,0.0,0.5,1.0,0.0,0.0,0.0,0.0
997.0,ue[3],0,0.0,0.0,0.0,0.0,0.5,1.0,0.0,0.0,0.0,0.0
255.0,ue[1],0,0.008,0.0088,0.045455,0.002,0.5,0.846667,1.0,0.0,1.0,0.022
147.0,attacker[1],1,0.017,0.0196,0.043367,0.002,0.500167,0.486667,1.0,0.267198,1.0,0.029
884.0,ue[3],0,0.0,0.0,0.0,0.0,0.5,1.0,0.0,0.0,0.0,0.0
1387.0,ue[3],0,0.0,0.0,0.0,0.0,0.5,1.0,0.0,0.0,0.0,0.0
1126.0,attacker[1],1,0.0,0.0,0.0,0.0,0.5,1.0,0.0,0.0,0.0,0.0
182.0,ue[4],0,0.008,0.0091,0.043956,0.0,0.5,0.603333,1.0,0.0,1.0,0.019
957.0,ue[3],0,0.0,0.0,0.0,0.0,0.5,1.0,0.0,0.0,0.0,0.0
1244.0,ue[1],0,0.0,0.0,0.0,0.0,0.5,1.0,0.0,0.0,0.0,0.0
552.0,attacker[0],1,0.0,0.0,0.0,0.0,0.5,1.0,0.0,0.0,0.0,0.03
1108.0,attacker[0],1,0.0,0.0,0.0,0.0,0.5,1.0,0.0,0.0,0.0,0.0
148.0,attacker[2],1,0.014,0.0157,0.044586,0.001,0.49925,0.49,1.0,0.052696,1.0,0.025
918.0,ue[0],0,0.0,0.0,0.0,0.0,0.5,1.0,0.0,0.0,0.0,0.0
320.0,attacker[2],1,0.0,0.0,0.0,0.0,0.5,1.0,0.133333,0.0,0.0,0.03
1217.0,ue[4],0,0.0,0.0,0.0,0.0,0.5,1.0,0.0,0.0,0.0,0.0
664.0,attacker[1],1,0.0,0.0,0.0,0.0,0.5,1.0,0.0,0.0,0.0,0.025
1098.0,ue[2],0,0.0,0.0,0.0,0.0,0.5,1.0,0.0,0.0,0.0,0.0
523.0,attacker[1],1,0.0,0.0,0.0,0.0,0.5,1.0,0.0,0.0,0.0,0.029
1149.0,ue[0],0,0.0,0.0,0.0,0.0,0.5,1.0,0.0,0.0,0.0,0.0
227.0,ue[1],0,0.011,0.0108,0.050926,0.002,0.5015,0.753333,1.0,0.0,1.0,0.022
749.0,ue[0],0,0.0,0.0,0.0,0.0,0.5,1.0,0.0,0.0,0.0,0.022
491.0,ue[2],0,0.0,0.0,0.0,0.0,0.5,1.0,0.0,0.0,0.0,0.02
424.0,ue[3],0,0.0,0.0,0.0,0.0,0.5,1.0,0.0,0.0,0.0,0.018
436.0,ue[4],0,0.0,0.0,0.0,0.0,0.5,1.0,0.0,0.0,0.0,0.019
1078.0,ue[1],0,0.0,0.0,0.0,0.0,0.5,1.0,0.0,0.0,0.0,0.0
82.0,attacker[1],1,0.021,0.0187,0.05615,0.005,0.49925,0.27,1.0,0.309413,1.0,0.029
880.0,attacker[1],1,0.0,0.0,0.0,0.0,0.5,1.0,0.0,0.0,0.0,0.0
1315.0,ue[4],0,0.0,0.0,0.0,0.0,0.5,1.0,0.0,0.0,0.0,0.0
739.0,ue[3],0,0.0,0.0,0.0,0.0,0.5,1.0,0.0,0.0,0.0,0.016
473.0,ue[0],0,0.0,0.0,0.0,0.0,0.5,1.0,0.0,0.0,0.0,0.022
451.0,ue[1],0,0.0,0.0,0.0,0.0,0.5,1.0,0.0,0.0,0.0,0.022
741.0,ue[3],0,0.0,0.0,0.0,0.0,0.5,1.0,0.0,0.0,0.0,0.016
1203.0,ue[2],0,0.0,0.0,0.0,0.0,0.5,1.0,0.0,0.0,0.0,0.0
1093.0,ue[4],0,0.0,0.0,0.0,0.0,0.5,1.0,0.0,0.0,0.0,0.0
626.0,attacker[1],1,0.0,0.0,0.0,0.0,0.5,1.0,0.0,0.0,0.0,0.029
273.0,ue[0],0,0.012,0.0124,0.048387,0.002,0.5,0.906667,1.0,0.031623,1.0,0.022
1209.0,ue[3],0,0.0,0.0,0.0,0.0,0.5,1.0,0.0,0.0,0.0,0.0
284.0,ue[0],0,0.009,0.0104,0.043269,0.001,0.498083,0.943333,1.0,0.0,1.0,0.022
301.0,ue[3],0,0.0,0.0031,0.0,0.0,0.5,1.0,0.766667,0.0,0.0,0.018
994.0,attacker[0],1,0.0,0.0,0.0,0.0,0.5,1.0,0.0,0.0,0.0,0.0
959.0,ue[1],0,0.0,0.0,0.0,0.0,0.5,1.0,0.0,0.0,0.0,0.0
402.0,ue[4],0,0.0,0.0,0.0,0.0,0.5,1.0,0.0,0.0,0.0,0.019
151.0,ue[1],0,0.01,0.0094,0.053191,0.002,0.501,0.5,1.0,0.0,1.0,0.022
272.0,ue[4],0,0.012,0.0106,0.056604,0.003,0.499583,0.903333,1.0,0.0,1.0,0.019
248.0,attacker[2],1,0.018,0.0143,0.062937,0.003,0.50175,0.823333,1.0,0.292625,1.0,0.03
1022.0,attacker[2],1,0.0,0.0,0.0,0.0,0.5,1.0,0.0,0.0,0.0,0.0
293.0,ue[2],0,0.008,0.0097,0.041237,0.002,0.500167,0.973333,1.0,0.0,1.0,0.02
115.0,attacker[2],1,0.019,0.0166,0.057229,0.008,0.499333,0.38,1.0,0.290346,1.0,0.025
996.0,attacker[0],1,0.0,0.0,0.0,0.0,0.5,1.0,0.0,0.0,0.0,0.0
988.0,attacker[0],1,0.0,0.0,0.0,0.0,0.5,1.0,0.0,0.0,0.0,0.0
1325.0,ue[1],0,0.0,0.0,0.0,0.0,0.5,1.0,0.0,0.0,0.0,0.0
921.0,ue[2],0,0.0,0.0,0.0,0.0,0.5,1.0,0.0,0.0,0.0,0.0
522.0,ue[1],0,0.0,0.0,0.0,0.0,0.5,1.0,0.0,0.0,0.0,0.022
945.0,ue[4],0,0.0,0.0,0.0,0.0,0.5,1.0,0.0,0.0,0.0,0.0
805.0,ue[2],0,0.0,0.0,0.0,0.0,0.5,1.0,0.0,0.0,0.0,0.0
90.0,ue[2],0,0.008,0.0093,0.043011,0.001,0.498917,0.296667,1.0,0.0,1.0,0.018
1389.0,attacker[0],1,0.0,0.0,0.0,0.0,0.5,1.0,0.0,0.0,0.0,0.0
506.0,attacker[2],1,0.0,0.0,0.0,0.0,0.5,1.0,0.0,0.0,0.0,0.03
1443.0,attacker[1],1,0.0,0.0,0.0,0.0,0.5,1.0,0.0,0.0,0.0,0.0
1342.0,attacker[0],1,0.0,0.0,0.0,0.0,0.5,1.0,0.0,0.0,0.0,0.0
904.0,ue[3],0,0.0,0.0,0.0,0.0,0.5,1.0,0.0,0.0,0.0,0.0
567.0,ue[4],0,0.0,0.0,0.0,0.0,0.5,1.0,0.0,0.0,0.0,0.019
858.0,attacker[0],1,0.0,0.0,0.0,0.0,0.5,1.0,0.0,0.0,0.0,0.0
295.0,attacker[1],1,0.0,0.0158,0.0,0.025,0.497583,0.98,0.966667,0.0,0.0,0.029
552.0,ue[0],0,0.0,0.0,0.0,0.0,0.5,1.0,0.0,0.0,0.0,0.022
278.0,ue[2],0,0.008,0.0082,0.04878,0.002,0.499833,0.923333,1.0,0.0,1.0,0.02
472.0,ue[3],0,0.0,0.0,0.0,0.0,0.5,1.0,0.0,0.0,0.0,0.018
173.0,ue[2],0,0.011,0.0108,0.050926,0.002,0.5005,0.573333,1.0,0.0,1.0,0.018
1166.0,ue[1],0,0.0,0.0,0.0,0.0,0.5,1.0,0.0,0.0,0.0,0.0
1483.0,ue[1],0,0.0,0.0,0.0,0.0,0.5,1.0,0.0,0.0,0.0,0.0
38.0,attacker[2],1,0.018,0.0172,0.052326,0.001,0.500583,0.123333,1.0,0.333776,1.0,0.024
571.0,ue[2],0,0.0,0.0,0.0,0.0,0.5,1.0,0.0,0.0,0.0,0.02
1247.0,ue[4],0,0.0,0.0,0.0,0.0,0.5,1.0,0.0,0.0,0.0,0.0
350.0,ue[0],0,0.0,0.0,0.0,0.0,0.5,1.0,0.0,0.0,0.0,0.022
103.0,ue[4],0,0.009,0.0108,0.041667,0.003,0.500083,0.34,1.0,0.0,1.0,0.019
1247.0,ue[2],0,0.0,0.0,0.0,0.0,0.5,1.0,0.0,0.0,0.0,0.0
702.0,attacker[1],1,0.0,0.0,0.0,0.0,0.5,1.0,0.0,0.0,0.0,0.025
1088.0,ue[4],0,0.0,0.0,0.0,0.0,0.5,1.0,0.0,0.0,0.0,0.0
626.0,ue[4],0,0.0,0.0,0.0,0.0,0.5,1.0,0.0,0.0,0.0,0.018
593.0,ue[3],0,0.0,0.0,0.0,0.0,0.5,1.0,0.0,0.0,0.0,0.018
713.0,attacker[2],1,0.0,0.0,0.0,0.0,0.5,1.0,0.0,0.0,0.0,0.03
350.0,attacker[1],1,0.0,0.0,0.0,0.0,0.5,1.0,0.0,0.0,0.0,0.029
1162.0,attacker[1],1,0.0,0.0,0.0,0.0,0.5,1.0,0.0,0.0,0.0,0.0
1491.0,ue[1],0,0.0,0.0,0.0,0.0,0.5,1.0,0.0,0.0,0.0,0.0
603.0,ue[3],0,0.0,0.0,0.0,0.0,0.5,1.0,0.0,0.0,0.0,0.018
1276.0,ue[2],0,0.0,0.0,0.0,0.0,0.5,1.0,0.0,0.0,0.0,0.0
1422.0,ue[0],0,0.0,0.0,0.0,0.0,0.5,1.0,0.0,0.0,0.0,0.0
461.0,attacker[2],1,0.0,0.0,0.0,0.0,0.5,1.0,0.0,0.0,0.0,0.03
1339.0,ue[2],0,0.0,0.0,0.0,0.0,0.5,1.0,0.0,0.0,0.0,0.0
1494.0,attacker[0],1,0.0,0.0,0.0,0.0,0.5,1.0,0.0,0.0,0.0,0.0
702.0,ue[4],0,0.0,0.0,0.0,0.0,0.5,1.0,0.0,0.0,0.0,0.018
535.0,ue[3],0,0.0,0.0,0.0,0.0,0.5,1.0,0.0,0.0,0.0,0.018
960.0,ue[2],0,0.0,0.0,0.0,0.0,0.5,1.0,0.0,0.0,0.0,0.0
311.0,ue[0],0,0.0,0.0,0.0,0.0,0.5,1.0,0.433333,0.0,0.0,0.022
643.0,ue[4],0,0.0,0.0,0.0,0.0,0.5,1.0,0.0,0.0,0.0,0.018
1148.0,attacker[1],1,0.0,0.0,0.0,0.0,0.5,1.0,0.0,0.0,0.0,0.0
991.0,ue[0],0,0.0,0.0,0.0,0.0,0.5,1.0,0.0,0.0,0.0,0.0
420.0,ue[1],0,0.0,0.0,0.0,0.0,0.5,1.0,0.0,0.0,0.0,0.022
600.0,attacker[2],1,0.0,0.0,0.0,0.0,0.5,1.0,0.0,0.0,0.0,0.03
329.0,attacker[0],1,0.0,0.0,0.0,0.0,0.5,1.0,0.0,0.0,0.0,0.03
265.0,ue[1],0,0.007,0.0092,0.038043,0.003,0.500083,0.88,1.0,0.0,1.0,0.022
1408.0,ue[4],0,0.0,0.0,0.0,0.0,0.5,1.0,0.0,0.0,0.0,0.0
1416.0,ue[2],0,0.0,0.0,0.0,0.0,0.5,1.0,0.0,0.0,0.0,0.0
521.0,ue[1],0,0.0,0.0,0.0,0.0,0.5,1.0,0.0,0.0,0.0,0.022
973.0,ue[3],0,0.0,0.0,0.0,0.0,0.5,1.0,0.0,0.0,0.0,0.0
685.0,attacker[0],1,0.0,0.0,0.0,0.0,0.5,1.0,0.0,0.0,0.0,0.03
892.0,ue[2],0,0.0,0.0,0.0,0.0,0.5,1.0,0.0,0.0,0.0,0.0
1461.0,ue[3],0,0.0,0.0,0.0,0.0,0.5,1.0,0.0,0.0,0.0,0.0
655.0,ue[1],0,0.0,0.0,0.0,0.0,0.5,1.0,0.0,0.0,0.0,0.018
192.0,attacker[0],1,0.012,0.0175,0.034286,0.003,0.495583,0.636667,1.0,0.048827,1.0,0.027
371.0,attacker[0],1,0.0,0.0,0.0,0.0,0.5,1.0,0.0,0.0,0.0,0.03
859.0,ue[1],0,0.0,0.0,0.0,0.0,0.5,1.0,0.0,0.0,0.0,0.0
279.0,ue[0],0,0.007,0.0109,0.03211,0.003,0.49875,0.926667,1.0,0.0,1.0,0.022
476.0,ue[2],0,0.0,0.0,0.0,0.0,0.5,1.0,0.0,0.0,0.0,0.02
620.0,attacker[2],1,0.0,0.0,0.0,0.0,0.5,1.0,0.0,0.0,0.0,0.03
348.0,ue[0],0,0.0,0.0,0.0,0.0,0.5,1.0,0.0,0.0,0.0,0.022
614.0,attacker[0],1,0.0,0.0,0.0,0.0,0.5,1.0,0.0,0.0,0.0,0.03
326.0,attacker[1],1,0.0,0.0,0.0,0.0,0.5,1.0,0.0,0.0,0.0,0.029
52.0,attacker[1],1,0.012,0.0165,0.036364,0.002,0.498,0.17,1.0,0.0,1.0,0.029
351.0,attacker[0],1,0.0,0.0,0.0,0.0,0.5,1.0,0.0,0.0,0.0,0.03
27.0,ue[1],0,0.012,0.0108,0.055556,0.002,0.501167,0.086667,1.0,0.0,0.933333,0.017
1141.0,attacker[0],1,0.0,0.0,0.0,0.0,0.5,1.0,0.0,0.0,0.0,0.0
829.0,attacker[0],1,0.0,0.0,0.0,0.0,0.5,1.0,0.0,0.0,0.0,0.0
171.0,attacker[2],1,0.013,0.0161,0.040373,0.007,0.501417,0.566667,1.0,0.420084,1.0,0.025
1014.0,ue[2],0,0.0,0.0,0.0,0.0,0.5,1.0,0.0,0.0,0.0,0.0
1095.0,attacker[1],1,0.0,0.0,0.0,0.0,0.5,1.0,0.0,0.0,0.0,0.0
1214.0,ue[4],0,0.0,0.0,0.0,0.0,0.5,1.0,0.0,0.0,0.0,0.0
323.0,ue[2],0,0.0,0.0,0.0,0.0,0.5,1.0,0.033333,0.0,0.0,0.02
605.0,ue[3],0,0.0,0.0,0.0,0.0,0.5,1.0,0.0,0.0,0.0,0.018
746.0,ue[4],0,0.0,0.0,0.0,0.0,0.5,1.0,0.0,0.0,0.0,0.018
905.0,attacker[1],1,0.0,0.0,0.0,0.0,0.5,1.0,0.0,0.0,0.0,0.0
878.0,attacker[2],1,0.0,0.0,0.0,0.0,0.5,1.0,0.0,0.0,0.0,0.0
519.0,attacker[0],1,0.0,0.0,0.0,0.0,0.5,1.0,0.0,0.0,0.0,0.03
575.0,ue[4],0,0.0,0.0,0.0,0.0,0.5,1.0,0.0,0.0,0.0,0.019
200.0,attacker[2],1,0.014,0.0155,0.045161,0.0,0.498167,0.663333,1.0,0.159724,1.0,0.025
573.0,ue[2],0,0.0,0.0,0.0,0.0,0.5,1.0,0.0,0.0,0.0,0.02
362.0,ue[0],0,0.0,0.0,0.0,0.0,0.5,1.0,0.0,0.0,0.0,0.022
598.0,attacker[1],1,0.0,0.0,0.0,0.0,0.5,1.0,0.0,0.0,0.0,0.029
1183.0,ue[0],0,0.0,0.0,0.0,0.0,0.5,1.0,0.0,0.0,0.0,0.0
1454.0,attacker[0],1,0.0,0.0,0.0,0.0,0.5,1.0,0.0,0.0,0.0,0.0
683.0,attacker[1],1,0.0,0.0,0.0,0.0,0.5,1.0,0.0,0.0,0.0,0.025
28.0,ue[3],0,0.012,0.0104,0.057692,0.002,0.499667,0.09,1.0,0.0,0.966667,0.015
1381.0,attacker[1],1,0.0,0.0,0.0,0.0,0.5,1.0,0.0,0.0,0.0,0.0
209.0,attacker[2],1,0.014,0.0142,0.049296,0.004,0.502,0.693333,1.0,0.05912,1.0,0.025
782.0,attacker[0],1,0.0,0.0,0.0,0.0,0.5,1.0,0.0,0.0,0.0,0.03
1340.0,ue[3],0,0.0,0.0,0.0,0.0,0.5,1.0,0.0,0.0,0.0,0.0
457.0,ue[4],0,0.0,0.0,0.0,0.0,0.5,1.0,0.0,0.0,0.0,0.019
21.0,ue[1],0,0.007,0.0108,0.032407,0.006,0.499667,0.066667,1.0,0.0,0.733333,0.017
1482.0,ue[1],0,0.0,0.0,0.0,0.0,0.5,1.0,0.0,0.0,0.0,0.0
665.0,attacker[2],1,0.0,0.0,0.0,0.0,0.5,1.0,0.0,0.0,0.0,0.03
234.0,ue[0],0,0.01,0.0106,0.04717,0.002,0.5,0.776667,1.0,0.0,1.0,0.018
57.0,ue[3],0,0.011,0.0107,0.051402,0.004,0.501833,0.186667,1.0,0.0,1.0,0.015
725.0,attacker[0],1,0.0,0.0,0.0,0.0,0.5,1.0,0.0,0.0,0.0,0.03
668.0,ue[1],0,0.0,0.0,0.0,0.0,0.5,1.0,0.0,0.0,0.0,0.018
116.0,ue[1],0,0.009,0.0093,0.048387,0.001,0.500083,0.383333,1.0,0.0,1.0,0.022
1298.0,ue[0],0,0.0,0.0,0.0,0.0,0.5,1.0,0.0,0.0,0.0,0.0
745.0,ue[0],0,0.0,0.0,0.0,0.0,0.5,1.0,0.0,0.0,0.0,0.022
60.0,ue[0],0,0.01,0.0106,0.04717,0.002,0.499833,0.196667,1.0,0.0,1.0,0.018
1228.0,ue[0],0,0.0,0.0,0.0,0.0,0.5,1.0,0.0,0.0,0.0,0.0
1200.0,ue[3],0,0.0,0.0,0.0,0.0,0.5,1.0,0.0,0.0,0.0,0.0
943.0,ue[0],0,0.0,0.0,0.0,0.0,0.5,1.0,0.0,0.0,0.0,0.0
489.0,ue[2],0,0.0,0.0,0.0,0.0,0.5,1.0,0.0,0.0,0.0,0.02
456.0,ue[2],0,0.0,0.0,0.0,0.0,0.5,1.0,0.0,0.0,0.0,0.02
733.0,ue[2],0,0.0,0.0,0.0,0.0,0.5,1.0,0.0,0.0,0.0,0.02
1347.0,attacker[2],1,0.0,0.0,0.0,0.0,0.5,1.0,0.0,0.0,0.0,0.0
1201.0,attacker[1],1,0.0,0.0,0.0,0.0,0.5,1.0,0.0,0.0,0.0,0.0
1191.0,ue[0],0,0.0,0.0,0.0,0.0,0.5,1.0,0.0,0.0,0.0,0.0
946.0,ue[2],0,0.0,0.0,0.0,0.0,0.5,1.0,0.0,0.0,0.0,0.0
1420.0,attacker[0],1,0.0,0.0,0.0,0.0,0.5,1.0,0.0,0.0,0.0,0.0
808.0,attacker[0],1,0.0,0.0,0.0,0.0,0.5,1.0,0.0,0.0,0.0,0.0
1440.0,ue[2],0,0.0,0.0,0.0,0.0,0.5,1.0,0.0,0.0,0.0,0.0
1362.0,attacker[0],1,0.0,0.0,0.0,0.0,0.5,1.0,0.0,0.0,0.0,0.0
450.0,ue[3],0,0.0,0.0,0.0,0.0,0.5,1.0,0.0,0.0,0.0,0.018
411.0,attacker[2],1,0.0,0.0,0.0,0.0,0.5,1.0,0.0,0.0,0.0,0.03
1283.0,attacker[0],1,0.0,0.0,0.0,0.0,0.5,1.0,0.0,0.0,0.0,0.0
881.0,ue[4],0,0.0,0.0,0.0,0.0,0.5,1.0,0.0,0.0,0.0,0.0
256.0,attacker[1],1,0.014,0.0176,0.039773,0.006,0.499333,0.85,1.0,0.172345,1.0,0.029
1470.0,ue[2],0,0.0,0.0,0.0,0.0,0.5,1.0,0.0,0.0,0.0,0.0
753.0,ue[0],0,0.0,0.0,0.0,0.0,0.5,1.0,0.0,0.0,0.0,0.022
503.0,ue[4],0,0.0,0.0,0.0,0.0,0.5,1.0,0.0,0.0,0.0,0.019
734.0,attacker[0],1,0.0,0.0,0.0,0.0,0.5,1.0,0.0,0.0,0.0,0.03
1427.0,ue[3],0,0.0,0.0,0.0,0.0,0.5,1.0,0.0,0.0,0.0,0.0
599.0,attacker[1],1,0.0,0.0,0.0,0.0,0.5,1.0,0.0,0.0,0.0,0.029
634.0,attacker[0],1,0.0,0.0,0.0,0.0,0.5,1.0,0.0,0.0,0.0,0.03
364.0,ue[2],0,0.0,0.0,0.0,0.0,0.5,1.0,0.0,0.0,0.0,0.02
733.0,attacker[2],1,0.0,0.0,0.0,0.0,0.5,1.0,0.0,0.0,0.0,0.03
411.0,ue[0],0,0.0,0.0,0.0,0.0,0.5,1.0,0.0,0.0,0.0,0.022
1374.0,ue[4],0,0.0,0.0,0.0,0.0,0.5,1.0,0.0,0.0,0.0,0.0
641.0,attacker[1],1,0.0,0.0,0.0,0.0,0.5,1.0,0.0,0.0,0.0,0.025
1105.0,ue[1],0,0.0,0.0,0.0,0.0,0.5,1.0,0.0,0.0,0.0,0.0
1027.0,ue[3],0,0.0,0.0,0.0,0.0,0.5,1.0,0.0,0.0,0.0,0.0
88.0,attacker[2],1,0.012,0.0155,0.03871,0.005,0.50075,0.29,1.0,0.0,1.0,0.025
1354.0,ue[4],0,0.0,0.0,0.0,0.0,0.5,1.0,0.0,0.0,0.0,0.0
323.0,attacker[0],1,0.0,0.0,0.0,0.0,0.5,1.0,0.033333,0.0,0.0,0.03
451.0,ue[0],0,0.0,0.0,0.0,0.0,0.5,1.0,0.0,0.0,0.0,0.022
796.0,attacker[0],1,0.0,0.0,0.0,0.0,0.5,1.0,0.0,0.0,0.0,0.0
895.0,ue[2],0,0.0,0.0,0.0,0.0,0.5,1.0,0.0,0.0,0.0,0.0
1018.0,ue[1],0,0.0,0.0,0.0,0.0,0.5,1.0,0.0,0.0,0.0,0.0
681.0,ue[3],0,0.0,0.0,0.0,0.0,0.5,1.0,0.0,0.0,0.0,0.018
888.0,attacker[2],1,0.0,0.0,0.0,0.0,0.5,1.0,0.0,0.0,0.0,0.0
1095.0,ue[0],0,0.0,0.0,0.0,0.0,0.5,1.0,0.0,0.0,0.0,0.0
1041.0,attacker[1],1,0.0,0.0,0.0,0.0,0.5,1.0,0.0,0.0,0.0,0.0
1397.0,attacker[2],1,0.0,0.0,0.0,0.0,0.5,1.0,0.0,0.0,0.0,0.0
1168.0,ue[4],0,0.0,0.0,0.0,0.0,0.5,1.0,0.0,0.0,0.0,0.0
1244.0,ue[0],0,0.0,0.0,0.0,0.0,0.5,1.0,0.0,0.0,0.0,0.0
833.0,ue[2],0,0.0,0.0,0.0,0.0,0.5,1.0,0.0,0.0,0.0,0.0
801.0,ue[2],0,0.0,0.0,0.0,0.0,0.5,1.0,0.0,0.0,0.0,0.0
1043.0,attacker[0],1,0.0,0.0,0.0,0.0,0.5,1.0,0.0,0.0,0.0,0.0
467.0,attacker[1],1,0.0,0.0,0.0,0.0,0.5,1.0,0.0,0.0,0.0,0.029
49.0,ue[4],0,0.008,0.0094,0.042553,0.004,0.499333,0.16,1.0,0.0,1.0,0.019
826.0,ue[0],0,0.0,0.0,0.0,0.0,0.5,1.0,0.0,0.0,0.0,0.0
282.0,attacker[1],1,0.015,0.0157,0.047771,0.001,0.500083,0.936667,1.0,0.045969,1.0,0.029
1252.0,ue[2],0,0.0,0.0,0.0,0.0,0.5,1.0,0.0,0.0,0.0,0.0
959.0,ue[2],0,0.0,0.0,0.0,0.0,0.5,1.0,0.0,0.0,0.0,0.0
1109.0,attacker[2],1,0.0,0.0,0.0,0.0,0.5,1.0,0.0,0.0,0.0,0.0
1307.0,attacker[0],1,0.0,0.0,0.0,0.0,0.5,1.0,0.0,0.0,0.0,0.0
515.0,ue[3],0,0.0,0.0,0.0,0.0,0.5,1.0,0.0,0.0,0.0,0.018
487.0,attacker[0],1,0.0,0.0,0.0,0.0,0.5,1.0,0.0,0.0,0.0,0.03
504.0,ue[0],0,0.0,0.0,0.0,0.0,0.5,1.0,0.0,0.0,0.0,0.022
218.0,attacker[0],1,0.017,0.0177,0.048023,0.003,0.501583,0.723333,1.0,0.271009,1.0,0.027
1319.0,attacker[0],1,0.0,0.0,0.0,0.0,0.5,1.0,0.0,0.0,0.0,0.0
737.0,attacker[2],1,0.0,0.0,0.0,0.0,0.5,1.0,0.0,0.0,0.0,0.026
442.0,ue[1],0,0.0,0.0,0.0,0.0,0.5,1.0,0.0,0.0,0.0,0.022
1066.0,attacker[2],1,0.0,0.0,0.0,0.0,0.5,1.0,0.0,0.0,0.0,0.0
205.0,ue[0],0,0.011,0.0089,0.061798,0.0,0.5025,0.68,1.0,0.0,1.0,0.018
238.0,ue[1],0,0.01,0.0091,0.054945,0.0,0.499333,0.79,1.0,0.0,1.0,0.022
370.0,ue[1],0,0.0,0.0,0.0,0.0,0.5,1.0,0.0,0.0,0.0,0.022
1010.0,attacker[2],1,0.0,0.0,0.0,0.0,0.5,1.0,0.0,0.0,0.0,0.0
991.0,ue[1],0,0.0,0.0,0.0,0.0,0.5,1.0,0.0,0.0,0.0,0.0
847.0,attacker[0],1,0.0,0.0,0.0,0.0,0.5,1.0,0.0,0.0,0.0,0.0
498.0,ue[3],0,0.0,0.0,0.0,0.0,0.5,1.0,0.0,0.0,0.0,0.018
826.0,attacker[2],1,0.0,0.0,0.0,0.0,0.5,1.0,0.0,0.0,0.0,0.0
149.0,ue[1],0,0.011,0.0089,0.061798,0.002,0.501333,0.493333,1.0,0.0,1.0,0.022
302.0,ue[1],0,0.0,0.0024,0.0,0.0,0.5,1.0,0.733333,0.0,0.0,0.022
1384.0,ue[4],0,0.0,0.0,0.0,0.0,0.5,1.0,0.0,0.0,0.0,0.0
442.0,attacker[2],1,0.0,0.0,0.0,0.0,0.5,1.0,0.0,0.0,0.0,0.03
1265.0,attacker[1],1,0.0,0.0,0.0,0.0,0.5,1.0,0.0,0.0,0.0,0.0
1185.0,ue[1],0,0.0,0.0,0.0,0.0,0.5,1.0,0.0,0.0,0.0,0.0
1313.0,ue[1],0,0.0,0.0,0.0,0.0,0.5,1.0,0.0,0.0,0.0,0.0
39.0,ue[4],0,0.009,0.009,0.05,0.006,0.502,0.126667,1.0,0.0,1.0,0.019
925.0,ue[3],0,0.0,0.0,0.0,0.0,0.5,1.0,0.0,0.0,0.0,0.0
134.0,ue[0],0,0.012,0.0106,0.056604,0.0,0.500167,0.443333,1.0,0.0,1.0,0.018
1320.0,ue[0],0,0.0,0.0,0.0,0.0,0.5,1.0,0.0,0.0,0.0,0.0
1211.0,attacker[0],1,0.0,0.0,0.0,0.0,0.5,1.0,0.0,0.0,0.0,0.0
1390.0,ue[1],0,0.0,0.0,0.0,0.0,0.5,1.0,0.0,0.0,0.0,0.0
1210.0,attacker[1],1,0.0,0.0,0.0,0.0,0.5,1.0,0.0,0.0,0.0,0.0
249.0,ue[4],0,0.009,0.01,0.045,0.003,0.501083,0.826667,1.0,0.0,1.0,0.019
479.0,attacker[0],1,0.0,0.0,0.0,0.0,0.5,1.0,0.0,0.0,0.0,0.03
1486.0,ue[1],0,0.0,0.0,0.0,0.0,0.5,1.0,0.0,0.0,0.0,0.0
657.0,attacker[2],1,0.0,0.0,0.0,0.0,0.5,1.0,0.0,0.0,0.0,0.03
547.0,attacker[2],1,0.0,0.0,0.0,0.0,0.5,1.0,0.0,0.0,0.0,0.03
1490.0,ue[4],0,0.0,0.0,0.0,0.0,0.5,1.0,0.0,0.0,0.0,0.0
253.0,ue[2],0,0.009,0.0102,0.044118,0.001,0.50025,0.84,1.0,0.0,1.0,0.02
55.0,attacker[2],1,0.015,0.0167,0.04491,0.005,0.502083,0.18,1.0,0.118789,1.0,0.025
104.0,ue[0],0,0.015,0.009,0.083333,0.007,0.501417,0.343333,1.0,0.149606,1.0,0.018
684.0,ue[1],0,0.0,0.0,0.0,0.0,0.5,1.0,0.0,0.0,0.0,0.018
1065.0,ue[4],0,0.0,0.0,0.0,0.0,0.5,1.0,0.0,0.0,0.0,0.0
325.0,ue[2],0,0.0,0.0,0.0,0.0,0.5,1.0,0.0,0.0,0.0,0.02
80.0,ue[4],0,0.005,0.01,0.025,0.007,0.49975,0.263333,1.0,0.0,1.0,0.019
643.0,attacker[1],1,0.0,0.0,0.0,0.0,0.5,1.0,0.0,0.0,0.0,0.025
616.0,ue[1],0,0.0,0.0,0.0,0.0,0.5,1.0,0.0,0.0,0.0,0.02
644.0,ue[3],0,0.0,0.0,0.0,0.0,0.5,1.0,0.0,0.0,0.0,0.018
347.0,ue[1],0,0.0,0.0,0.0,0.0,0.5,1.0,0.0,0.0,0.0,0.022
405.0,ue[3],0,0.0,0.0,0.0,0.0,0.5,1.0,0.0,0.0,0.0,0.018
383.0,ue[2],0,0.0,0.0,0.0,0.0,0.5,1.0,0.0,0.0,0.0,0.02
509.0,ue[2],0,0.0,0.0,0.0,0.0,0.5,1.0,0.0,0.0,0.0,0.02
1012.0,attacker[2],1,0.0,0.0,0.0,0.0,0.5,1.0,0.0,0.0,0.0,0.0
1007.0,attacker[0],1,0.0,0.0,0.0,0.0,0.5,1.0,0.0,0.0,0.0,0.0
733.0,ue[4],0,0.0,0.0,0.0,0.0,0.5,1.0,0.0,0.0,0.0,0.018
736.0,attacker[1],1,0.0,0.0,0.0,0.0,0.5,1.0,0.0,0.0,0.0,0.025
857.0,attacker[1],1,0.0,0.0,0.0,0.0,0.5,1.0,0.0,0.0,0.0,0.0
1017.0,ue[1],0,0.0,0.0,0.0,0.0,0.5,1.0,0.0,0.0,0.0,0.0
872.0,ue[3],0,0.0,0.0,0.0,0.0,0.5,1.0,0.0,0.0,0.0,0.0
354.0,ue[0],0,0.0,0.0,0.0,0.0,0.5,1.0,0.0,0.0,0.0,0.022
656.0,ue[0],0,0.0,0.0,0.0,0.0,0.5,1.0,0.0,0.0,0.0,0.022
601.0,ue[2],0,0.0,0.0,0.0,0.0,0.5,1.0,0.0,0.0,0.0,0.02
1320.0,ue[4],0,0.0,0.0,0.0,0.0,0.5,1.0,0.0,0.0,0.0,0.0
677.0,ue[4],0,0.0,0.0,0.0,0.0,0.5,1.0,0.0,0.0,0.0,0.018
1103.0,ue[0],0,0.0,0.0,0.0,0.0,0.5,1.0,0.0,0.0,0.0,0.0
1250.0,ue[1],0,0.0,0.0,0.0,0.0,0.5,1.0,0.0,0.0,0.0,0.0
221.0,ue[3],0,0.01,0.0107,0.046729,0.002,0.501333,0.733333,1.0,0.0,1.0,0.017
693.0,attacker[1],1,0.0,0.0,0.0,0.0,0.5,1.0,0.0,0.0,0.0,0.025
919.0,ue[0],0,0.0,0.0,0.0,0.0,0.5,1.0,0.0,0.0,0.0,0.0
1086.0,ue[2],0,0.0,0.0,0.0,0.0,0.5,1.0,0.0,0.0,0.0,0.0
1122.0,attacker[1],1,0.0,0.0,0.0,0.0,0.5,1.0,0.0,0.0,0.0,0.0
636.0,ue[4],0,0.0,0.0,0.0,0.0,0.5,1.0,0.0,0.0,0.0,0.018
1289.0,ue[2],0,0.0,0.0,0.0,0.0,0.5,1.0,0.0,0.0,0.0,0.0
1475.0,attacker[0],1,0.0,0.0,0.0,0.0,0.5,1.0,0.0,0.0,0.0,0.0
1258.0,ue[0],0,0.0,0.0,0.0,0.0,0.5,1.0,0.0,0.0,0.0,0.0
745.0,attacker[0],1,0.0,0.0,0.0,0.0,0.5,1.0,0.0,0.0,0.0,0.03
809.0,ue[1],0,0.0,0.0,0.0,0.0,0.5,1.0,0.0,0.0,0.0,0.0
1332.0,ue[3],0,0.0,0.0,0.0,0.0,0.5,1.0,0.0,0.0,0.0,0.0
1156.0,attacker[0],1,0.0,0.0,0.0,0.0,0.5,1.0,0.0,0.0,0.0,0.0
275.0,attacker[1],1,0.014,0.0169,0.04142,0.002,0.498167,0.913333,1.0,0.08568,1.0,0.029
1441.0,ue[4],0,0.0,0.0,0.0,0.0,0.5,1.0,0.0,0.0,0.0,0.0
100.0,ue[2],0,0.012,0.0096,0.0625,0.005,0.500917,0.33,1.0,0.128901,1.0,0.018
1204.0,ue[2],0,0.0,0.0,0.0,0.0,0.5,1.0,0.0,0.0,0.0,0.0
492.0,ue[2],0,0.0,0.0,0.0,0.0,0.5,1.0,0.0,0.0,0.0,0.02
1407.0,ue[3],0,0.0,0.0,0.0,0.0,0.5,1.0,0.0,0.0,0.0,0.0
346.0,ue[3],0,0.0,0.0,0.0,0.0,0.5,1.0,0.0,0.0,0.0,0.018
437.0,ue[3],0,0.0,0.0,0.0,0.0,0.5,1.0,0.0,0.0,0.0,0.018
233.0,ue[2],0,0.019,0.0111,0.085586,0.009,0.501583,0.773333,1.0,0.260846,1.0,0.019
274.0,ue[1],0,0.012,0.0102,0.058824,0.001,0.500583,0.91,1.0,0.0,1.0,0.022
585.0,ue[4],0,0.0,0.0,0.0,0.0,0.5,1.0,0.0,0.0,0.0,0.019
1231.0,ue[2],0,0.0,0.0,0.0,0.0,0.5,1.0,0.0,0.0,0.0,0.0
748.0,ue[3],0,0.0,0.0,0.0,0.0,0.5,1.0,0.0,0.0,0.0,0.016
789.0,attacker[2],1,0.0,0.0,0.0,0.0,0.5,1.0,0.0,0.0,0.0,0.02
658.0,ue[4],0,0.0,0.0,0.0,0.0,0.5,1.0,0.0,0.0,0.0,0.018
1483.0,attacker[2],1,0.0,0.0,0.0,0.0,0.5,1.0,0.0,0.0,0.0,0.0
554.0,ue[4],0,0.0,0.0,0.0,0.0,0.5,1.0,0.0,0.0,0.0,0.019
337.0,ue[4],0,0.0,0.0,0.0,0.0,0.5,1.0,0.0,0.0,0.0,0.019
957.0,attacker[0],1,0.0,0.0,0.0,0.0,0.5,1.0,0.0,0.0,0.0,0.0
1481.0,ue[4],0,0.0,0.0,0.0,0.0,0.5,1.0,0.0,0.0,0.0,0.0
374.0,attacker[2],1,0.0,0.0,0.0,0.0,0.5,1.0,0.0,0.0,0.0,0.03
1290.0,attacker[0],1,0.0,0.0,0.0,0.0,0.5,1.0,0.0,0.0,0.0,0.0
1140.0,ue[3],0,0.0,0.0,0.0,0.0,0.5,1.0,0.0,0.0,0.0,0.0
4.0,ue[0],0,0.008,0.0086,0.046512,0.002,0.500333,0.01,1.0,0.0,0.166667,0.011
1071.0,ue[1],0,0.0,0.0,0.0,0.0,0.5,1.0,0.0,0.0,0.0,0.0
109.0,attacker[2],1,0.018,0.0145,0.062069,0.002,0.5005,0.36,1.0,0.245199,1.0,0.025
1447.0,attacker[0],1,0.0,0.0,0.0,0.0,0.5,1.0,0.0,0.0,0.0,0.0
365.0,ue[2],0,0.0,0.0,0.0,0.0,0.5,1.0,0.0,0.0,0.0,0.02
540.0,attacker[2],1,0.0,0.0,0.0,0.0,0.5,1.0,0.0,0.0,0.0,0.03
1333.0,ue[3],0,0.0,0.0,0.0,0.0,0.5,1.0,0.0,0.0,0.0,0.0
1456.0,attacker[1],1,0.0,0.0,0.0,0.0,0.5,1.0,0.0,0.0,0.0,0.0
1183.0,attacker[0],1,0.0,0.0,0.0,0.0,0.5,1.0,0.0,0.0,0.0,0.0
1481.0,attacker[1],1,0.0,0.0,0.0,0.0,0.5,1.0,0.0,0.0,0.0,0.0
480.0,attacker[0],1,0.0,0.0,0.0,0.0,0.5,1.0,0.0,0.0,0.0,0.03
224.0,ue[2],0,0.006,0.0088,0.034091,0.001,0.498417,0.743333,1.0,0.0,1.0,0.018
485.0,attacker[2],1,0.0,0.0,0.0,0.0,0.5,1.0,0.0,0.0,0.0,0.03
417.0,attacker[2],1,0.0,0.0,0.0,0.0,0.5,1.0,0.0,0.0,0.0,0.03
777.0,attacker[0],1,0.0,0.0,0.0,0.0,0.5,1.0,0.0,0.0,0.0,0.03
1253.0,ue[4],0,0.0,0.0,0.0,0.0,0.5,1.0,0.0,0.0,0.0,0.0
332.0,ue[1],0,0.0,0.0,0.0,0.0,0.5,1.0,0.0,0.0,0.0,0.022
46.0,attacker[0],1,0.019,0.0177,0.053672,0.004,0.499333,0.15,1.0,0.223247,1.0,0.027
1345.0,ue[1],0,0.0,0.0,0.0,0.0,0.5,1.0,0.0,0.0,0.0,0.0
902.0,ue[2],0,0.0,0.0,0.0,0.0,0.5,1.0,0.0,0.0,0.0,0.0
596.0,ue[2],0,0.0,0.0,0.0,0.0,0.5,1.0,0.0,0.0,0.0,0.02
515.0,ue[2],0,0.0,0.0,0.0,0.0,0.5,1.0,0.0,0.0,0.0,0.02
341.0,ue[2],0,0.0,0.0,0.0,0.0,0.5,1.0,0.0,0.0,0.0,0.02
1289.0,ue[3],0,0.0,0.0,0.0,0.0,0.5,1.0,0.0,0.0,0.0,0.0
939.0,attacker[0],1,0.0,0.0,0.0,0.0,0.5,1.0,0.0,0.0,0.0,0.0
922.0,ue[0],0,0.0,0.0,0.0,0.0,0.5,1.0,0.0,0.0,0.0,0.0
418.0,attacker[2],1,0.0,0.0,0.0,0.0,0.5,1.0,0.0,0.0,0.0,0.03
518.0,attacker[2],1,0.0,0.0,0.0,0.0,0.5,1.0,0.0,0.0,0.0,0.03
1317.0,attacker[0],1,0.0,0.0,0.0,0.0,0.5,1.0,0.0,0.0,0.0,0.0
1066.0,attacker[1],1,0.0,0.0,0.0,0.0,0.5,1.0,0.0,0.0,0.0,0.0
1409.0,attacker[2],1,0.0,0.0,0.0,0.0,0.5,1.0,0.0,0.0,0.0,0.0
514.0,ue[2],0,0.0,0.0,0.0,0.0,0.5,1.0,0.0,0.0,0.0,0.02
63.0,attacker[0],1,0.017,0.0154,0.055195,0.003,0.49975,0.206667,1.0,0.171768,1.0,0.027
895.0,attacker[1],1,0.0,0.0,0.0,0.0,0.5,1.0,0.0,0.0,0.0,0.0
1133.0,ue[2],0,0.0,0.0,0.0,0.0,0.5,1.0,0.0,0.0,0.0,0.0
1033.0,attacker[0],1,0.0,0.0,0.0,0.0,0.5,1.0,0.0,0.0,0.0,0.0
179.0,attacker[0],1,0.017,0.0161,0.052795,0.001,0.500583,0.593333,1.0,0.283524,1.0,0.027
437.0,attacker[2],1,0.0,0.0,0.0,0.0,0.5,1.0,0.0,0.0,0.0,0.03
1206.0,ue[0],0,0.0,0.0,0.0,0.0,0.5,1.0,0.0,0.0,0.0,0.0
1105.0,attacker[1],1,0.0,0.0,0.0,0.0,0.5,1.0,0.0,0.0,0.0,0.0
785.0,attacker[1],1,0.0,0.0,0.0,0.0,0.5,1.0,0.0,0.0,0.0,0.025
1350.0,ue[1],0,0.0,0.0,0.0,0.0,0.5,1.0,0.0,0.0,0.0,0.0
307.0,ue[2],0,0.0,0.0,0.0,0.0,0.5,1.0,0.566667,0.0,0.0,0.02
1222.0,attacker[0],1,0.0,0.0,0.0,0.0,0.5,1.0,0.0,0.0,0.0,0.0
54.0,attacker[2],1,0.02,0.0169,0.059172,0.012,0.4985,0.176667,1.0,0.374252,1.0,0.025
757.0,ue[2],0,0.0,0.0,0.0,0.0,0.5,1.0,0.0,0.0,0.0,0.013
1257.0,attacker[0],1,0.0,0.0,0.0,0.0,0.5,1.0,0.0,0.0,0.0,0.0
502.0,attacker[0],1,0.0,0.0,0.0,0.0,0.5,1.0,0.0,0.0,0.0,0.03
1148.0,attacker[2],1,0.0,0.0,0.0,0.0,0.5,1.0,0.0,0.0,0.0,0.0
762.0,attacker[2],1,0.0,0.0,0.0,0.0,0.5,1.0,0.0,0.0,0.0,0.026
737.0,ue[2],0,0.0,0.0,0.0,0.0,0.5,1.0,0.0,0.0,0.0,0.015
237.0,ue[2],0,0.009,0.012,0.0375,0.005,0.49825,0.786667,1.0,0.0,1.0,0.02
247.0,attacker[0],1,0.019,0.0178,0.053371,0.001,0.500583,0.82,1.0,0.30358,1.0,0.027
5.0,ue[2],0,0.01,0.009,0.055556,0.005,0.501917,0.013333,1.0,0.0,0.2,0.015
808.0,ue[4],0,0.0,0.0,0.0,0.0,0.5,1.0,0.0,0.0,0.0,0.0
793.0,attacker[1],1,0.0,0.0,0.0,0.0,0.5,1.0,0.0,0.0,0.0,0.025
120.0,ue[4],0,0.008,0.0101,0.039604,0.0,0.4995,0.396667,1.0,0.0,1.0,0.019
317.0,ue[2],0,0.0,0.0,0.0,0.0,0.5,1.0,0.233333,0.0,0.0,0.02
465.0,attacker[1],1,0.0,0.0,0.0,0.0,0.5,1.0,0.0,0.0,0.0,0.029
939.0,attacker[2],1,0.0,0.0,0.0,0.0,0.5,1.0,0.0,0.0,0.0,0.0
390.0,attacker[1],1,0.0,0.0,0.0,0.0,0.5,1.0,0.0,0.0,0.0,0.029
1085.0,ue[4],0,0.0,0.0,0.0,0.0,0.5,1.0,0.0,0.0,0.0,0.0
151.0,attacker[2],1,0.015,0.0162,0.046296,0.001,0.500083,0.5,1.0,0.364518,1.0,0.025
1342.0,attacker[1],1,0.0,0.0,0.0,0.0,0.5,1.0,0.0,0.0,0.0,0.0
412.0,ue[4],0,0.0,0.0,0.0,0.0,0.5,1.0,0.0,0.0,0.0,0.019
437.0,attacker[1],1,0.0,0.0,0.0,0.0,0.5,1.0,0.0,0.0,0.0,0.029
1092.0,ue[0],0,0.0,0.0,0.0,0.0,0.5,1.0,0.0,0.0,0.0,0.0
627.0,ue[3],0,0.0,0.0,0.0,0.0,0.5,1.0,0.0,0.0,0.0,0.018
782.0,ue[4],0,0.0,0.0,0.0,0.0,0.5,1.0,0.0,0.0,0.0,0.018
813.0,ue[0],0,0.0,0.0,0.0,0.0,0.5,1.0,0.0,0.0,0.0,0.0
907.0,ue[4],0,0.0,0.0,0.0,0.0,0.5,1.0,0.0,0.0,0.0,0.0
671.0,attacker[1],1,0.0,0.0,0.0,0.0,0.5,1.0,0.0,0.0,0.0,0.025
8.0,ue[2],0,0.011,0.008889,0.061875,0.002,0.499833,0.023333,1.0,0.0,0.3,0.015
1188.0,ue[3],0,0.0,0.0,0.0,0.0,0.5,1.0,0.0,0.0,0.0,0.0
615.0,ue[0],0,0.0,0.0,0.0,0.0,0.5,1.0,0.0,0.0,0.0,0.022
74.0,ue[4],0,0.011,0.0099,0.055556,0.003,0.50125,0.243333,1.0,0.0,1.0,0.019
539.0,ue[2],0,0.0,0.0,0.0,0.0,0.5,1.0,0.0,0.0,0.0,0.02
1031.0,ue[2],0,0.0,0.0,0.0,0.0,0.5,1.0,0.0,0.0,0.0,0.0
1110.0,attacker[1],1,0.0,0.0,0.0,0.0,0.5,1.0,0.0,0.0,0.0,0.0
465.0,ue[1],0,0.0,0.0,0.0,0.0,0.5,1.0,0.0,0.0,0.0,0.022
152.0,ue[0],0,0.01,0.0108,0.046296,0.0,0.499833,0.503333,1.0,0.0,1.0,0.018
1366.0,ue[3],0,0.0,0.0,0.0,0.0,0.5,1.0,0.0,0.0,0.0,0.0
153.0,ue[3],0,0.01,0.0109,0.045872,0.004,0.501833,0.506667,1.0,0.0,1.0,0.017
414.0,attacker[1],1,0.0,0.0,0.0,0.0,0.5,1.0,0.0,0.0,0.0,0.029
681.0,ue[0],0,0.0,0.0,0.0,0.0,0.5,1.0,0.0,0.0,0.0,0.022
603.0,ue[1],0,0.0,0.0,0.0,0.0,0.5,1.0,0.0,0.0,0.0,0.02
311.0,attacker[1],1,0.0,0.0,0.0,0.0,0.5,1.0,0.433333,0.0,0.0,0.029
749.0,attacker[1],1,0.0,0.0,0.0,0.0,0.5,1.0,0.0,0.0,0.0,0.025
228.0,ue[2],0,0.008,0.0097,0.041237,0.003,0.499917,0.756667,1.0,0.0,1.0,0.018
276.0,ue[1],0,0.007,0.0096,0.036458,0.001,0.496083,0.916667,1.0,0.0,1.0,0.022
5.0,ue[3],0,0.01,0.0095,0.052632,0.004,0.5015,0.013333,1.0,0.0,0.2,0.014
634.0,attacker[2],1,0.0,0.0,0.0,0.0,0.5,1.0,0.0,0.0,0.0,0.03
1368.0,ue[4],0,0.0,0.0,0.0,0.0,0.5,1.0,0.0,0.0,0.0,0.0
257.0,ue[1],0,0.009,0.009,0.05,0.002,0.4995,0.853333,1.0,0.0,1.0,0.022
119.0,ue[2],0,0.009,0.0113,0.039823,0.009,0.50225,0.393333,1.0,0.0,1.0,0.018
1361.0,attacker[1],1,0.0,0.0,0.0,0.0,0.5,1.0,0.0,0.0,0.0,0.0
696.0,attacker[0],1,0.0,0.0,0.0,0.0,0.5,1.0,0.0,0.0,0.0,0.03
579.0,attacker[1],1,0.0,0.0,0.0,0.0,0.5,1.0,0.0,0.0,0.0,0.029
369.0,ue[2],0,0.0,0.0,0.0,0.0,0.5,1.0,0.0,0.0,0.0,0.02
1240.0,attacker[0],1,0.0,0.0,0.0,0.0,0.5,1.0,0.0,0.0,0.0,0.0
740.0,ue[3],0,0.0,0.0,0.0,0.0,0.5,1.0,0.0,0.0,0.0,0.016
1398.0,attacker[0],1,0.0,0.0,0.0,0.0,0.5,1.0,0.0,0.0,0.0,0.0
1006.0,attacker[0],1,0.0,0.0,0.0,0.0,0.5,1.0,0.0,0.0,0.0,0.0
1088.0,ue[3],0,0.0,0.0,0.0,0.0,0.5,1.0,0.0,0.0,0.0,0.0
131.0,ue[3],0,0.009,0.0105,0.042857,0.002,0.500167,0.433333,1.0,0.0,1.0,0.017
148.0,ue[0],0,0.013,0.0116,0.056034,0.004,0.499667,0.49,1.0,0.014372,1.0,0.018
1214.0,attacker[1],1,0.0,0.0,0.0,0.0,0.5,1.0,0.0,0.0,0.0,0.0
393.0,ue[2],0,0.0,0.0,0.0,0.0,0.5,1.0,0.0,0.0,0.0,0.02
325.0,ue[0],0,0.0,0.0,0.0,0.0,0.5,1.0,0.0,0.0,0.0,0.022
446.0,attacker[2],1,0.0,0.0,0.0,0.0,0.5,1.0,0.0,0.0,0.0,0.03
645.0,ue[0],0,0.0,0.0,0.0,0.0,0.5,1.0,0.0,0.0,0.0,0.022
992.0,attacker[2],1,0.0,0.0,0.0,0.0,0.5,1.0,0.0,0.0,0.0,0.0
930.0,attacker[0],1,0.0,0.0,0.0,0.0,0.5,1.0,0.0,0.0,0.0,0.0
1229.0,attacker[0],1,0.0,0.0,0.0,0.0,0.5,1.0,0.0,0.0,0.0,0.0
835.0,attacker[2],1,0.0,0.0,0.0,0.0,0.5,1.0,0.0,0.0,0.0,0.0
567.0,ue[0],0,0.0,0.0,0.0,0.0,0.5,1.0,0.0,0.0,0.0,0.022
1304.0,ue[1],0,0.0,0.0,0.0,0.0,0.5,1.0,0.0,0.0,0.0,0.0
534.0,ue[2],0,0.0,0.0,0.0,0.0,0.5,1.0,0.0,0.0,0.0,0.02
995.0,attacker[1],1,0.0,0.0,0.0,0.0,0.5,1.0,0.0,0.0,0.0,0.0
223.0,ue[0],0,0.016,0.0103,0.07767,0.01,0.5,0.74,1.0,0.131536,1.0,0.018
913.0,ue[0],0,0.0,0.0,0.0,0.0,0.5,1.0,0.0,0.0,0.0,0.0
606.0,ue[3],0,0.0,0.0,0.0,0.0,0.5,1.0,0.0,0.0,0.0,0.018
551.0,ue[1],0,0.0,0.0,0.0,0.0,0.5,1.0,0.0,0.0,0.0,0.02
593.0,ue[2],0,0.0,0.0,0.0,0.0,0.5,1.0,0.0,0.0,0.0,0.02
479.0,attacker[1],1,0.0,0.0,0.0,0.0,0.5,1.0,0.0,0.0,0.0,0.029
991.0,ue[2],0,0.0,0.0,0.0,0.0,0.5,1.0,0.0,0.0,0.0,0.0
806.0,ue[3],0,0.0,0.0,0.0,0.0,0.5,1.0,0.0,0.0,0.0,0.0
1167.0,attacker[0],1,0.0,0.0,0.0,0.0,0.5,1.0,0.0,0.0,0.0,0.0
227.0,ue[2],0,0.011,0.0097,0.056701,0.002,0.5005,0.753333,1.0,0.0,1.0,0.018
1193.0,attacker[1],1,0.0,0.0,0.0,0.0,0.5,1.0,0.0,0.0,0.0,0.0
1199.0,attacker[0],1,0.0,0.0,0.0,0.0,0.5,1.0,0.0,0.0,0.0,0.0
582.0,attacker[1],1,0.0,0.0,0.0,0.0,0.5,1.0,0.0,0.0,0.0,0.029
1257.0,attacker[1],1,0.0,0.0,0.0,0.0,0.5,1.0,0.0,0.0,0.0,0.0
1002.0,ue[1],0,0.0,0.0,0.0,0.0,0.5,1.0,0.0,0.0,0.0,0.0
222.0,attacker[0],1,0.012,0.0162,0.037037,0.005,0.498583,0.736667,1.0,0.053683,1.0,0.027
1361.0,ue[2],0,0.0,0.0,0.0,0.0,0.5,1.0,0.0,0.0,0.0,0.0
849.0,ue[1],0,0.0,0.0,0.0,0.0,0.5,1.0,0.0,0.0,0.0,0.0
1233.0,ue[3],0,0.0,0.0,0.0,0.0,0.5,1.0,0.0,0.0,0.0,0.0
1244.0,ue[2],0,0.0,0.0,0.0,0.0,0.5,1.0,0.0,0.0,0.0,0.0
1123.0,ue[4],0,0.0,0.0,0.0,0.0,0.5,1.0,0.0,0.0,0.0,0.0
916.0,ue[0],0,0.0,0.0,0.0,0.0,0.5,1.0,0.0,0.0,0.0,0.0
1436.0,ue[0],0,0.0,0.0,0.0,0.0,0.5,1.0,0.0,0.0,0.0,0.0
1085.0,ue[0],0,0.0,0.0,0.0,0.0,0.5,1.0,0.0,0.0,0.0,0.0
1245.0,ue[4],0,0.0,0.0,0.0,0.0,0.5,1.0,0.0,0.0,0.0,0.0
438.0,attacker[2],1,0.0,0.0,0.0,0.0,0.5,1.0,0.0,0.0,0.0,0.03
375.0,attacker[2],1,0.0,0.0,0.0,0.0,0.5,1.0,0.0,0.0,0.0,0.03
414.0,ue[4],0,0.0,0.0,0.0,0.0,0.5,1.0,0.0,0.0,0.0,0.019
212.0,ue[3],0,0.015,0.0098,0.076531,0.004,0.5025,0.703333,1.0,0.013528,1.0,0.017
1102.0,ue[3],0,0.0,0.0,0.0,0.0,0.5,1.0,0.0,0.0,0.0,0.0
1199.0,attacker[2],1,0.0,0.0,0.0,0.0,0.5,1.0,0.0,0.0,0.0,0.0
85.0,attacker[0],1,0.015,0.0156,0.048077,0.0,0.500333,0.28,1.0,0.203665,1.0,0.027
800.0,ue[2],0,0.0,0.0,0.0,0.0,0.5,1.0,0.0,0.0,0.0,0.0
633.0,ue[1],0,0.0,0.0,0.0,0.0,0.5,1.0,0.0,0.0,0.0,0.02
403.0,ue[3],0,0.0,0.0,0.0,0.0,0.5,1.0,0.0,0.0,0.0,0.018
664.0,ue[4],0,0.0,0.0,0.0,0.0,0.5,1.0,0.0,0.0,0.0,0.018
1068.0,ue[2],0,0.0,0.0,0.0,0.0,0.5,1.0,0.0,0.0,0.0,0.0
35.0,ue[3],0,0.01,0.0108,0.046296,0.001,0.499917,0.113333,1.0,0.0,1.0,0.015
120.0,attacker[0],1,0.022,0.0169,0.065089,0.006,0.501667,0.396667,1.0,0.408636,1.0,0.027
243.0,ue[0],0,0.011,0.01,0.055,0.002,0.499333,0.806667,1.0,0.0,1.0,0.018
310.0,attacker[0],1,0.0,0.0,0.0,0.0,0.5,1.0,0.466667,0.0,0.0,0.03
1016.0,ue[2],0,0.0,0.0,0.0,0.0,0.5,1.0,0.0,0.0,0.0,0.0
293.0,ue[4],0,0.018,0.0115,0.078261,0.008,0.5025,0.973333,1.0,0.330656,1.0,0.019
83.0,attacker[1],1,0.012,0.0179,0.03352,0.009,0.498583,0.273333,1.0,0.11547,1.0,0.029
80.0,ue[2],0,0.014,0.0109,0.06422,0.002,0.500667,0.263333,1.0,0.0,1.0,0.018
701.0,ue[0],0,0.0,0.0,0.0,0.0,0.5,1.0,0.0,0.0,0.0,0.022
358.0,ue[2],0,0.0,0.0,0.0,0.0,0.5,1.0,0.0,0.0,0.0,0.02
1303.0,attacker[1],1,0.0,0.0,0.0,0.0,0.5,1.0,0.0,0.0,0.0,0.0
639.0,ue[3],0,0.0,0.0,0.0,0.0,0.5,1.0,0.0,0.0,0.0,0.018
291.0,ue[4],0,0.007,0.0105,0.033333,0.0,0.497833,0.966667,1.0,0.0,1.0,0.019
1060.0,attacker[0],1,0.0,0.0,0.0,0.0,0.5,1.0,0.0,0.0,0.0,0.0
141.0,ue[2],0,0.008,0.0101,0.039604,0.0,0.499333,0.466667,1.0,0.0,1.0,0.018
561.0,ue[4],0,0.0,0.0,0.0,0.0,0.5,1.0,0.0,0.0,0.0,0.019
1295.0,attacker[2],1,0.0,0.0,0.0,0.0,0.5,1.0,0.0,0.0,0.0,0.0
763.0,attacker[2],1,0.0,0.0,0.0,0.0,0.5,1.0,0.0,0.0,0.0,0.026
651.0,ue[2],0,0.0,0.0,0.0,0.0,0.5,1.0,0.0,0.0,0.0,0.02
1438.0,ue[0],0,0.0,0.0,0.0,0.0,0.5,1.0,0.0,0.0,0.0,0.0
1316.0,ue[3],0,0.0,0.0,0.0,0.0,0.5,1.0,0.0,0.0,0.0,0.0
1397.0,ue[0],0,0.0,0.0,0.0,0.0,0.5,1.0,0.0,0.0,0.0,0.0
896.0,ue[0],0,0.0,0.0,0.0,0.0,0.5,1.0,0.0,0.0,0.0,0.0
16.0,ue[1],0,0.013,0.0113,0.057522,0.0,0.5015,0.05,1.0,0.0,0.566667,0.017
86.0,ue[2],0,0.008,0.0101,0.039604,0.002,0.500167,0.283333,1.0,0.0,1.0,0.018
144.0,ue[4],0,0.015,0.0111,0.067568,0.0,0.502,0.476667,1.0,0.0,1.0,0.019
1206.0,ue[4],0,0.0,0.0,0.0,0.0,0.5,1.0,0.0,0.0,0.0,0.0
226.0,ue[4],0,0.012,0.0084,0.071429,0.005,0.501917,0.75,1.0,0.0,1.0,0.019
852.0,attacker[2],1,0.0,0.0,0.0,0.0,0.5,1.0,0.0,0.0,0.0,0.0
619.0,ue[4],0,0.0,0.0,0.0,0.0,0.5,1.0,0.0,0.0,0.0,0.018
889.0,ue[1],0,0.0,0.0,0.0,0.0,0.5,1.0,0.0,0.0,0.0,0.0
457.0,ue[2],0,0.0,0.0,0.0,0.0,0.5,1.0,0.0,0.0,0.0,0.02
582.0,ue[3],0,0.0,0.0,0.0,0.0,0.5,1.0,0.0,0.0,0.0,0.018
1464.0,attacker[1],1,0.0,0.0,0.0,0.0,0.5,1.0,0.0,0.0,0.0,0.0
52.0,attacker[0],1,0.024,0.0186,0.064516,0.012,0.498833,0.17,1.0,0.410456,1.0,0.027
1318.0,ue[1],0,0.0,0.0,0.0,0.0,0.5,1.0,0.0,0.0,0.0,0.0
1085.0,ue[1],0,0.0,0.0,0.0,0.0,0.5,1.0,0.0,0.0,0.0,0.0
358.0,attacker[2],1,0.0,0.0,0.0,0.0,0.5,1.0,0.0,0.0,0.0,0.03
1290.0,ue[1],0,0.0,0.0,0.0,0.0,0.5,1.0,0.0,0.0,0.0,0.0
332.0,attacker[2],1,0.0,0.0,0.0,0.0,0.5,1.0,0.0,0.0,0.0,0.03
349.0,ue[3],0,0.0,0.0,0.0,0.0,0.5,1.0,0.0,0.0,0.0,0.018
1035.0,attacker[2],1,0.0,0.0,0.0,0.0,0.5,1.0,0.0,0.0,0.0,0.0
973.0,ue[2],0,0.0,0.0,0.0,0.0,0.5,1.0,0.0,0.0,0.0,0.0
959.0,ue[0],0,0.0,0.0,0.0,0.0,0.5,1.0,0.0,0.0,0.0,0.0
708.0,ue[2],0,0.0,0.0,0.0,0.0,0.5,1.0,0.0,0.0,0.0,0.02
458.0,ue[2],0,0.0,0.0,0.0,0.0,0.5,1.0,0.0,0.0,0.0,0.02
1155.0,attacker[1],1,0.0,0.0,0.0,0.0,0.5,1.0,0.0,0.0,0.0,0.0
642.0,ue[3],0,0.0,0.0,0.0,0.0,0.5,1.0,0.0,0.0,0.0,0.018
1453.0,ue[2],0,0.0,0.0,0.0,0.0,0.5,1.0,0.0,0.0,0.0,0.0
1256.0,ue[1],0,0.0,0.0,0.0,0.0,0.5,1.0,0.0,0.0,0.0,0.0
245.0,ue[1],0,0.014,0.0107,0.065421,0.0,0.501667,0.813333,1.0,0.035921,1.0,0.022
309.0,ue[4],0,0.0,0.0,0.0,0.0,0.5,1.0,0.5,0.0,0.0,0.019
1226.0,ue[1],0,0.0,0.0,0.0,0.0,0.5,1.0,0.0,0.0,0.0,0.0
92.0,attacker[1],1,0.018,0.0168,0.053571,0.002,0.498,0.303333,1.0,0.291998,1.0,0.029
853.0,attacker[1],1,0.0,0.0,0.0,0.0,0.5,1.0,0.0,0.0,0.0,0.0
1448.0,ue[3],0,0.0,0.0,0.0,0.0,0.5,1.0,0.0,0.0,0.0,0.0
81.0,ue[3],0,0.012,0.0121,0.049587,0.001,0.499417,0.266667,1.0,0.0,1.0,0.016
208.0,ue[4],0,0.006,0.0107,0.028037,0.004,0.499333,0.69,1.0,0.0,1.0,0.019
1240.0,ue[3],0,0.0,0.0,0.0,0.0,0.5,1.0,0.0,0.0,0.0,0.0
1436.0,ue[3],0,0.0,0.0,0.0,0.0,0.5,1.0,0.0,0.0,0.0,0.0
1239.0,ue[4],0,0.0,0.0,0.0,0.0,0.5,1.0,0.0,0.0,0.0,0.0
1251.0,attacker[1],1,0.0,0.0,0.0,0.0,0.5,1.0,0.0,0.0,0.0,0.0
22.0,ue[4],0,0.017,0.0117,0.07265,0.007,0.501583,0.07,1.0,0.122319,0.766667,0.019
1190.0,ue[0],0,0.0,0.0,0.0,0.0,0.5,1.0,0.0,0.0,0.0,0.0
807.0,attacker[2],1,0.0,0.0,0.0,0.0,0.5,1.0,0.0,0.0,0.0,0.0
1050.0,ue[2],0,0.0,0.0,0.0,0.0,0.5,1.0,0.0,0.0,0.0,0.0
802.0,attacker[0],1,0.0,0.0,0.0,0.0,0.5,1.0,0.0,0.0,0.0,0.0
1434.0,ue[4],0,0.0,0.0,0.0,0.0,0.5,1.0,0.0,0.0,0.0,0.0
529.0,ue[2],0,0.0,0.0,0.0,0.0,0.5,1.0,0.0,0.0,0.0,0.02
41.0,attacker[1],1,0.015,0.017,0.044118,0.004,0.499833,0.133333,1.0,0.313786,1.0,0.029
359.0,ue[3],0,0.0,0.0,0.0,0.0,0.5,1.0,0.0,0.0,0.0,0.018
275.0,ue[0],0,0.008,0.0116,0.034483,0.005,0.499583,0.913333,1.0,0.0,1.0,0.022
1344.0,ue[1],0,0.0,0.0,0.0,0.0,0.5,1.0,0.0,0.0,0.0,0.0
1437.0,attacker[0],1,0.0,0.0,0.0,0.0,0.5,1.0,0.0,0.0,0.0,0.0
122.0,ue[2],0,0.01,0.0108,0.046296,0.001,0.498917,0.403333,1.0,0.0,1.0,0.018
1239.0,ue[1],0,0.0,0.0,0.0,0.0,0.5,1.0,0.0,0.0,0.0,0.0
929.0,ue[1],0,0.0,0.0,0.0,0.0,0.5,1.0,0.0,0.0,0.0,0.0
774.0,ue[0],0,0.0,0.0,0.0,0.0,0.5,1.0,0.0,0.0,0.0,0.014
1009.0,ue[4],0,0.0,0.0,0.0,0.0,0.5,1.0,0.0,0.0,0.0,0.0
368.0,attacker[2],1,0.0,0.0,0.0,0.0,0.5,1.0,0.0,0.0,0.0,0.03
63.0,ue[3],0,0.009,0.0104,0.043269,0.0,0.499,0.206667,1.0,0.0,1.0,0.015
1121.0,attacker[1],1,0.0,0.0,0.0,0.0,0.5,1.0,0.0,0.0,0.0,0.0
1431.0,ue[1],0,0.0,0.0,0.0,0.0,0.5,1.0,0.0,0.0,0.0,0.0
775.0,ue[2],0,0.0,0.0,0.0,0.0,0.5,1.0,0.0,0.0,0.0,0.013
327.0,attacker[2],1,0.0,0.0,0.0,0.0,0.5,1.0,0.0,0.0,0.0,0.03
780.0,ue[1],0,0.0,0.0,0.0,0.0,0.5,1.0,0.0,0.0,0.0,0.018
1051.0,attacker[2],1,0.0,0.0,0.0,0.0,0.5,1.0,0.0,0.0,0.0,0.0
1169.0,ue[2],0,0.0,0.0,0.0,0.0,0.5,1.0,0.0,0.0,0.0,0.0
1188.0,attacker[1],1,0.0,0.0,0.0,0.0,0.5,1.0,0.0,0.0,0.0,0.0
1291.0,ue[3],0,0.0,0.0,0.0,0.0,0.5,1.0,0.0,0.0,0.0,0.0
589.0,attacker[0],1,0.0,0.0,0.0,0.0,0.5,1.0,0.0,0.0,0.0,0.03
183.0,ue[2],0,0.008,0.0097,0.041237,0.003,0.499417,0.606667,1.0,0.0,1.0,0.018
4.0,ue[2],0,0.015,0.0088,0.085227,0.007,0.50225,0.01,1.0,0.026968,0.166667,0.015
866.0,ue[0],0,0.0,0.0,0.0,0.0,0.5,1.0,0.0,0.0,0.0,0.0
1213.0,ue[1],0,0.0,0.0,0.0,0.0,0.5,1.0,0.0,0.0,0.0,0.0
777.0,ue[2],0,0.0,0.0,0.0,0.0,0.5,1.0,0.0,0.0,0.0,0.013
244.0,attacker[0],1,0.024,0.0173,0.069364,0.01,0.5005,0.81,1.0,0.478352,1.0,0.027
707.0,ue[4],0,0.0,0.0,0.0,0.0,0.5,1.0,0.0,0.0,0.0,0.018
728.0,attacker[1],1,0.0,0.0,0.0,0.0,0.5,1.0,0.0,0.0,0.0,0.025
347.0,ue[0],0,0.0,0.0,0.0,0.0,0.5,1.0,0.0,0.0,0.0,0.022
405.0,ue[2],0,0.0,0.0,0.0,0.0,0.5,1.0,0.0,0.0,0.0,0.02
29.0,ue[2],0,0.014,0.0105,0.066667,0.007,0.50025,0.093333,1.0,0.004204,1.0,0.018
1061.0,attacker[2],1,0.0,0.0,0.0,0.0,0.5,1.0,0.0,0.0,0.0,0.0
1348.0,ue[0],0,0.0,0.0,0.0,0.0,0.5,1.0,0.0,0.0,0.0,0.0
498.0,attacker[2],1,0.0,0.0,0.0,0.0,0.5,1.0,0.0,0.0,0.0,0.03
811.0,ue[1],0,0.0,0.0,0.0,0.0,0.5,1.0,0.0,0.0,0.0,0.0
13.0,attacker[2],1,0.013,0.0154,0.042208,0.002,0.4985,0.04,0.928571,0.057448,0.433333,0.021
1336.0,ue[4],0,0.0,0.0,0.0,0.0,0.5,1.0,0.0,0.0,0.0,0.0
1277.0,ue[1],0,0.0,0.0,0.0,0.0,0.5,1.0,0.0,0.0,0.0,0.0
653.0,attacker[2],1,0.0,0.0,0.0,0.0,0.5,1.0,0.0,0.0,0.0,0.03
1156.0,attacker[2],1,0.0,0.0,0.0,0.0,0.5,1.0,0.0,0.0,0.0,0.0
1237.0,ue[2],0,0.0,0.0,0.0,0.0,0.5,1.0,0.0,0.0,0.0,0.0
505.0,ue[3],0,0.0,0.0,0.0,0.0,0.5,1.0,0.0,0.0,0.0,0.018
797.0,attacker[2],1,0.0,0.0,0.0,0.0,0.5,1.0,0.0,0.0,0.0,0.0
60.0,ue[4],0,0.008,0.0093,0.043011,0.006,0.5005,0.196667,1.0,0.0,1.0,0.019
495.0,ue[3],0,0.0,0.0,0.0,0.0,0.5,1.0,0.0,0.0,0.0,0.018
412.0,attacker[0],1,0.0,0.0,0.0,0.0,0.5,1.0,0.0,0.0,0.0,0.03
687.0,ue[3],0,0.0,0.0,0.0,0.0,0.5,1.0,0.0,0.0,0.0,0.018
208.0,attacker[0],1,0.018,0.016,0.05625,0.003,0.500583,0.69,1.0,0.273179,1.0,0.027
942.0,ue[1],0,0.0,0.0,0.0,0.0,0.5,1.0,0.0,0.0,0.0,0.0
1450.0,ue[2],0,0.0,0.0,0.0,0.0,0.5,1.0,0.0,0.0,0.0,0.0
355.0,ue[3],0,0.0,0.0,0.0,0.0,0.5,1.0,0.0,0.0,0.0,0.018
825.0,ue[1],0,0.0,0.0,0.0,0.0,0.5,1.0,0.0,0.0,0.0,0.0
99.0,ue[1],0,0.009,0.01,0.045,0.005,0.501417,0.326667,1.0,0.0,1.0,0.022
678.0,ue[3],0,0.0,0.0,0.0,0.0,0.5,1.0,0.0,0.0,0.0,0.018
595.0,ue[3],0,0.0,0.0,0.0,0.0,0.5,1.0,0.0,0.0,0.0,0.018
1299.0,attacker[1],1,0.0,0.0,0.0,0.0,0.5,1.0,0.0,0.0,0.0,0.0
503.0,ue[0],0,0.0,0.0,0.0,0.0,0.5,1.0,0.0,0.0,0.0,0.022
398.0,attacker[2],1,0.0,0.0,0.0,0.0,0.5,1.0,0.0,0.0,0.0,0.03
519.0,attacker[2],1,0.0,0.0,0.0,0.0,0.5,1.0,0.0,0.0,0.0,0.03
299.0,attacker[0],1,0.0,0.0089,0.0,0.0,0.5,0.993333,0.833333,0.0,0.0,0.03
297.0,attacker[1],1,0.0,0.0122,0.0,0.0,0.493667,0.986667,0.9,0.0,0.0,0.029
876.0,attacker[0],1,0.0,0.0,0.0,0.0,0.5,1.0,0.0,0.0,0.0,0.0
479.0,ue[2],0,0.0,0.0,0.0,0.0,0.5,1.0,0.0,0.0,0.0,0.02
646.0,ue[4],0,0.0,0.0,0.0,0.0,0.5,1.0,0.0,0.0,0.0,0.018
741.0,ue[4],0,0.0,0.0,0.0,0.0,0.5,1.0,0.0,0.0,0.0,0.018
728.0,attacker[0],1,0.0,0.0,0.0,0.0,0.5,1.0,0.0,0.0,0.0,0.03
1104.0,ue[0],0,0.0,0.0,0.0,0.0,0.5,1.0,0.0,0.0,0.0,0.0
284.0,ue[3],0,0.009,0.0096,0.046875,0.001,0.499917,0.943333,1.0,0.0,1.0,0.018
388.0,ue[2],0,0.0,0.0,0.0,0.0,0.5,1.0,0.0,0.0,0.0,0.02
932.0,attacker[0],1,0.0,0.0,0.0,0.0,0.5,1.0,0.0,0.0,0.0,0.0
165.0,ue[4],0,0.012,0.0105,0.057143,0.001,0.50275,0.546667,1.0,0.0,1.0,0.019
4.0,attacker[2],1,0.014,0.0084,0.083333,0.007,0.507583,0.01,0.8,0.0,0.133333,0.021
1168.0,ue[0],0,0.0,0.0,0.0,0.0,0.5,1.0,0.0,0.0,0.0,0.0
471.0,ue[1],0,0.0,0.0,0.0,0.0,0.5,1.0,0.0,0.0,0.0,0.022
155.0,attacker[2],1,0.01,0.0133,0.037594,0.011,0.501583,0.513333,1.0,0.0,1.0,0.025
1003.0,ue[2],0,0.0,0.0,0.0,0.0,0.5,1.0,0.0,0.0,0.0,0.0
1428.0,attacker[2],1,0.0,0.0,0.0,0.0,0.5,1.0,0.0,0.0,0.0,0.0
413.0,attacker[1],1,0.0,0.0,0.0,0.0,0.5,1.0,0.0,0.0,0.0,0.029
1033.0,ue[2],0,0.0,0.0,0.0,0.0,0.5,1.0,0.0,0.0,0.0,0.0
473.0,ue[1],0,0.0,0.0,0.0,0.0,0.5,1.0,0.0,0.0,0.0,0.022
1359.0,ue[3],0,0.0,0.0,0.0,0.0,0.5,1.0,0.0,0.0,0.0,0.0
335.0,attacker[2],1,0.0,0.0,0.0,0.0,0.5,1.0,0.0,0.0,0.0,0.03
1163.0,attacker[1],1,0.0,0.0,0.0,0.0,0.5,1.0,0.0,0.0,0.0,0.0
542.0,ue[1],0,0.0,0.0,0.0,0.0,0.5,1.0,0.0,0.0,0.0,0.022
171.0,attacker[1],1,0.008,0.0154,0.025974,0.01,0.499167,0.566667,1.0,0.0,1.0,0.029
1404.0,ue[3],0,0.0,0.0,0.0,0.0,0.5,1.0,0.0,0.0,0.0,0.0
444.0,ue[1],0,0.0,0.0,0.0,0.0,0.5,1.0,0.0,0.0,0.0,0.022
56.0,ue[1],0,0.016,0.0121,0.066116,0.01,0.5005,0.183333,1.0,0.11547,1.0,0.022
839.0,attacker[2],1,0.0,0.0,0.0,0.0,0.5,1.0,0.0,0.0,0.0,0.0
557.0,attacker[2],1,0.0,0.0,0.0,0.0,0.5,1.0,0.0,0.0,0.0,0.03
492.0,ue[1],0,0.0,0.0,0.0,0.0,0.5,1.0,0.0,0.0,0.0,0.022
729.0,attacker[2],1,0.0,0.0,0.0,0.0,0.5,1.0,0.0,0.0,0.0,0.03
1351.0,attacker[1],1,0.0,0.0,0.0,0.0,0.5,1.0,0.0,0.0,0.0,0.0
183.0,ue[1],0,0.011,0.0101,0.054455,0.007,0.49925,0.606667,1.0,0.0,1.0,0.022
1037.0,attacker[0],1,0.0,0.0,0.0,0.0,0.5,1.0,0.0,0.0,0.0,0.0
1307.0,ue[2],0,0.0,0.0,0.0,0.0,0.5,1.0,0.0,0.0,0.0,0.0
1133.0,ue[3],0,0.0,0.0,0.0,0.0,0.5,1.0,0.0,0.0,0.0,0.0
679.0,attacker[2],1,0.0,0.0,0.0,0.0,0.5,1.0,0.0,0.0,0.0,0.03
650.0,ue[0],0,0.0,0.0,0.0,0.0,0.5,1.0,0.0,0.0,0.0,0.022
261.0,attacker[2],1,0.02,0.0155,0.064516,0.005,0.500083,0.866667,1.0,0.225445,1.0,0.03
116.0,attacker[1],1,0.017,0.0164,0.051829,0.001,0.50175,0.383333,1.0,0.1601,1.0,0.029
1038.0,ue[2],0,0.0,0.0,0.0,0.0,0.5,1.0,0.0,0.0,0.0,0.0
1489.0,ue[0],0,0.0,0.0,0.0,0.0,0.5,1.0,0.0,0.0,0.0,0.0
1496.0,attacker[1],1,0.0,0.0,0.0,0.0,0.5,1.0,0.0,0.0,0.0,0.0
288.0,attacker[0],1,0.021,0.0194,0.054124,0.001,0.49975,0.956667,1.0,0.410104,1.0,0.03
1450.0,attacker[1],1,0.0,0.0,0.0,0.0,0.5,1.0,0.0,0.0,0.0,0.0
250.0,ue[2],0,0.008,0.0107,0.037383,0.004,0.499,0.83,1.0,0.0,1.0,0.02
230.0,ue[1],0,0.006,0.0097,0.030928,0.002,0.498,0.763333,1.0,0.0,1.0,0.022
484.0,attacker[2],1,0.0,0.0,0.0,0.0,0.5,1.0,0.0,0.0,0.0,0.03
994.0,ue[1],0,0.0,0.0,0.0,0.0,0.5,1.0,0.0,0.0,0.0,0.0
181.0,ue[0],0,0.008,0.0081,0.049383,0.001,0.500083,0.6,1.0,0.0,1.0,0.018
222.0,ue[1],0,0.011,0.0096,0.057292,0.001,0.500083,0.736667,1.0,0.010737,1.0,0.022
687.0,attacker[0],1,0.0,0.0,0.0,0.0,0.5,1.0,0.0,0.0,0.0,0.03
734.0,attacker[2],1,0.0,0.0,0.0,0.0,0.5,1.0,0.0,0.0,0.0,0.03
171.0,attacker[0],1,0.009,0.017,0.026471,0.009,0.49875,0.566667,1.0,0.0,1.0,0.027
606.0,ue[2],0,0.0,0.0,0.0,0.0,0.5,1.0,0.0,0.0,0.0,0.02
1265.0,ue[3],0,0.0,0.0,0.0,0.0,0.5,1.0,0.0,0.0,0.0,0.0
112.0,attacker[2],1,0.018,0.0165,0.054545,0.003,0.499083,0.37,1.0,0.253269,1.0,0.025
624.0,ue[0],0,0.0,0.0,0.0,0.0,0.5,1.0,0.0,0.0,0.0,0.022
1028.0,attacker[2],1,0.0,0.0,0.0,0.0,0.5,1.0,0.0,0.0,0.0,0.0
2.0,attacker[0],1,0.018,0.009333,0.096429,0.008,0.5,0.003333,0.666667,0.13808,0.066667,0.018
97.0,attacker[2],1,0.016,0.0153,0.052288,0.003,0.500583,0.32,1.0,0.184676,1.0,0.025
786.0,ue[1],0,0.0,0.0,0.0,0.0,0.5,1.0,0.0,0.0,0.0,0.013
1365.0,attacker[1],1,0.0,0.0,0.0,0.0,0.5,1.0,0.0,0.0,0.0,0.0
1353.0,attacker[2],1,0.0,0.0,0.0,0.0,0.5,1.0,0.0,0.0,0.0,0.0
1235.0,attacker[1],1,0.0,0.0,0.0,0.0,0.5,1.0,0.0,0.0,0.0,0.0
1025.0,ue[1],0,0.0,0.0,0.0,0.0,0.5,1.0,0.0,0.0,0.0,0.0
1355.0,attacker[0],1,0.0,0.0,0.0,0.0,0.5,1.0,0.0,0.0,0.0,0.0
556.0,attacker[1],1,0.0,0.0,0.0,0.0,0.5,1.0,0.0,0.0,0.0,0.029
570.0,ue[2],0,0.0,0.0,0.0,0.0,0.5,1.0,0.0,0.0,0.0,0.02
316.0,ue[4],0,0.0,0.0,0.0,0.0,0.5,1.0,0.266667,0.0,0.0,0.019
830.0,ue[4],0,0.0,0.0,0.0,0.0,0.5,1.0,0.0,0.0,0.0,0.0
1358.0,ue[4],0,0.0,0.0,0.0,0.0,0.5,1.0,0.0,0.0,0.0,0.0
1475.0,attacker[2],1,0.0,0.0,0.0,0.0,0.5,1.0,0.0,0.0,0.0,0.0
224.0,ue[1],0,0.008,0.0099,0.040404,0.002,0.498833,0.743333,1.0,0.0,1.0,0.022
948.0,attacker[0],1,0.0,0.0,0.0,0.0,0.5,1.0,0.0,0.0,0.0,0.0
1220.0,attacker[0],1,0.0,0.0,0.0,0.0,0.5,1.0,0.0,0.0,0.0,0.0
923.0,attacker[1],1,0.0,0.0,0.0,0.0,0.5,1.0,0.0,0.0,0.0,0.0
134.0,ue[3],0,0.015,0.0107,0.070093,0.004,0.501333,0.443333,1.0,0.019335,1.0,0.017
1032.0,ue[1],0,0.0,0.0,0.0,0.0,0.5,1.0,0.0,0.0,0.0,0.0
904.0,attacker[1],1,0.0,0.0,0.0,0.0,0.5,1.0,0.0,0.0,0.0,0.0
853.0,ue[3],0,0.0,0.0,0.0,0.0,0.5,1.0,0.0,0.0,0.0,0.0
181.0,attacker[2],1,0.022,0.0168,0.065476,0.002,0.503667,0.6,1.0,0.484275,1.0,0.025
1185.0,ue[3],0,0.0,0.0,0.0,0.0,0.5,1.0,0.0,0.0,0.0,0.0
1352.0,ue[2],0,0.0,0.0,0.0,0.0,0.5,1.0,0.0,0.0,0.0,0.0
1349.0,ue[2],0,0.0,0.0,0.0,0.0,0.5,1.0,0.0,0.0,0.0,0.0
779.0,attacker[0],1,0.0,0.0,0.0,0.0,0.5,1.0,0.0,0.0,0.0,0.03
817.0,attacker[0],1,0.0,0.0,0.0,0.0,0.5,1.0,0.0,0.0,0.0,0.0
1349.0,ue[3],0,0.0,0.0,0.0,0.0,0.5,1.0,0.0,0.0,0.0,0.0
1424.0,ue[4],0,0.0,0.0,0.0,0.0,0.5,1.0,0.0,0.0,0.0,0.0
1378.0,ue[0],0,0.0,0.0,0.0,0.0,0.5,1.0,0.0,0.0,0.0,0.0
100.0,attacker[0],1,0.011,0.0144,0.038194,0.003,0.498417,0.33,1.0,0.071611,1.0,0.027
715.0,attacker[2],1,0.0,0.0,0.0,0.0,0.5,1.0,0.0,0.0,0.0,0.03
522.0,attacker[2],1,0.0,0.0,0.0,0.0,0.5,1.0,0.0,0.0,0.0,0.03
1091.0,ue[4],0,0.0,0.0,0.0,0.0,0.5,1.0,0.0,0.0,0.0,0.0
38.0,ue[2],0,0.011,0.0111,0.04955,0.002,0.5,0.123333,1.0,0.0,1.0,0.018
882.0,attacker[0],1,0.0,0.0,0.0,0.0,0.5,1.0,0.0,0.0,0.0,0.0
685.0,ue[4],0,0.0,0.0,0.0,0.0,0.5,1.0,0.0,0.0,0.0,0.018
890.0,attacker[0],1,0.0,0.0,0.0,0.0,0.5,1.0,0.0,0.0,0.0,0.0
516.0,ue[0],0,0.0,0.0,0.0,0.0,0.5,1.0,0.0,0.0,0.0,0.022
211.0,ue[3],0,0.011,0.0096,0.057292,0.002,0.5005,0.7,1.0,0.0,1.0,0.017
348.0,attacker[0],1,0.0,0.0,0.0,0.0,0.5,1.0,0.0,0.0,0.0,0.03
116.0,ue[2],0,0.009,0.0101,0.044554,0.004,0.497333,0.383333,1.0,0.0,1.0,0.018
337.0,attacker[1],1,0.0,0.0,0.0,0.0,0.5,1.0,0.0,0.0,0.0,0.029
306.0,attacker[0],1,0.0,0.0,0.0,0.0,0.5,1.0,0.6,0.0,0.0,0.03
819.0,attacker[1],1,0.0,0.0,0.0,0.0,0.5,1.0,0.0,0.0,0.0,0.0
113.0,ue[1],0,0.008,0.0092,0.043478,0.003,0.500083,0.373333,1.0,0.0,1.0,0.022
1069.0,ue[3],0,0.0,0.0,0.0,0.0,0.5,1.0,0.0,0.0,0.0,0.0
644.0,ue[2],0,0.0,0.0,0.0,0.0,0.5,1.0,0.0,0.0,0.0,0.02
776.0,ue[3],0,0.0,0.0,0.0,0.0,0.5,1.0,0.0,0.0,0.0,0.015
842.0,attacker[2],1,0.0,0.0,0.0,0.0,0.5,1.0,0.0,0.0,0.0,0.0
587.0,attacker[0],1,0.0,0.0,0.0,0.0,0.5,1.0,0.0,0.0,0.0,0.03
591.0,attacker[1],1,0.0,0.0,0.0,0.0,0.5,1.0,0.0,0.0,0.0,0.029
398.0,ue[2],0,0.0,0.0,0.0,0.0,0.5,1.0,0.0,0.0,0.0,0.02
1043.0,ue[0],0,0.0,0.0,0.0,0.0,0.5,1.0,0.0,0.0,0.0,0.0
509.0,ue[3],0,0.0,0.0,0.0,0.0,0.5,1.0,0.0,0.0,0.0,0.018
1271.0,ue[2],0,0.0,0.0,0.0,0.0,0.5,1.0,0.0,0.0,0.0,0.0
1427.0,ue[4],0,0.0,0.0,0.0,0.0,0.5,1.0,0.0,0.0,0.0,0.0
1467.0,attacker[1],1,0.0,0.0,0.0,0.0,0.5,1.0,0.0,0.0,0.0,0.0
1142.0,attacker[0],1,0.0,0.0,0.0,0.0,0.5,1.0,0.0,0.0,0.0,0.0
789.0,attacker[1],1,0.0,0.0,0.0,0.0,0.5,1.0,0.0,0.0,0.0,0.025
1316.0,ue[2],0,0.0,0.0,0.0,0.0,0.5,1.0,0.0,0.0,0.0,0.0
712.0,attacker[2],1,0.0,0.0,0.0,0.0,0.5,1.0,0.0,0.0,0.0,0.03
170.0,ue[4],0,0.009,0.0098,0.045918,0.005,0.500917,0.563333,1.0,0.0,1.0,0.019
942.0,ue[0],0,0.0,0.0,0.0,0.0,0.5,1.0,0.0,0.0,0.0,0.0
204.0,attacker[2],1,0.019,0.0157,0.06051,0.007,0.500583,0.676667,1.0,0.269047,1.0,0.025
1138.0,attacker[0],1,0.0,0.0,0.0,0.0,0.5,1.0,0.0,0.0,0.0,0.0
188.0,attacker[2],1,0.015,0.0165,0.045455,0.006,0.498333,0.623333,1.0,0.243048,1.0,0.025
410.0,ue[0],0,0.0,0.0,0.0,0.0,0.5,1.0,0.0,0.0,0.0,0.022
383.0,ue[4],0,0.0,0.0,0.0,0.0,0.5,1.0,0.0,0.0,0.0,0.019
979.0,attacker[2],1,0.0,0.0,0.0,0.0,0.5,1.0,0.0,0.0,0.0,0.0
250.0,ue[1],0,0.009,0.0103,0.043689,0.0,0.500333,0.83,1.0,0.0,1.0,0.022
125.0,ue[4],0,0.018,0.01,0.09,0.007,0.502583,0.413333,1.0,0.298266,1.0,0.019
212.0,ue[1],0,0.011,0.01,0.055,0.0,0.5005,0.703333,1.0,0.0,1.0,0.022
474.0,attacker[0],1,0.0,0.0,0.0,0.0,0.5,1.0,0.0,0.0,0.0,0.03
1349.0,attacker[2],1,0.0,0.0,0.0,0.0,0.5,1.0,0.0,0.0,0.0,0.0
1083.0,attacker[1],1,0.0,0.0,0.0,0.0,0.5,1.0,0.0,0.0,0.0,0.0
530.0,attacker[0],1,0.0,0.0,0.0,0.0,0.5,1.0,0.0,0.0,0.0,0.03
543.0,ue[0],0,0.0,0.0,0.0,0.0,0.5,1.0,0.0,0.0,0.0,0.022
1003.0,ue[1],0,0.0,0.0,0.0,0.0,0.5,1.0,0.0,0.0,0.0,0.0
141.0,attacker[1],1,0.018,0.0185,0.048649,0.004,0.498833,0.466667,1.0,0.286165,1.0,0.029
1298.0,attacker[0],1,0.0,0.0,0.0,0.0,0.5,1.0,0.0,0.0,0.0,0.0
869.0,ue[0],0,0.0,0.0,0.0,0.0,0.5,1.0,0.0,0.0,0.0,0.0
388.0,ue[0],0,0.0,0.0,0.0,0.0,0.5,1.0,0.0,0.0,0.0,0.022
743.0,ue[1],0,0.0,0.0,0.0,0.0,0.5,1.0,0.0,0.0,0.0,0.018
1141.0,ue[3],0,0.0,0.0,0.0,0.0,0.5,1.0,0.0,0.0,0.0,0.0
493.0,ue[2],0,0.0,0.0,0.0,0.0,0.5,1.0,0.0,0.0,0.0,0.02
430.0,attacker[1],1,0.0,0.0,0.0,0.0,0.5,1.0,0.0,0.0,0.0,0.029
884.0,ue[2],0,0.0,0.0,0.0,0.0,0.5,1.0,0.0,0.0,0.0,0.0
247.0,ue[0],0,0.008,0.0108,0.037037,0.002,0.497833,0.82,1.0,0.0,1.0,0.018
1360.0,attacker[2],1,0.0,0.0,0.0,0.0,0.5,1.0,0.0,0.0,0.0,0.0
144.0,ue[0],0,0.017,0.011,0.077273,0.004,0.501333,0.476667,1.0,0.112415,1.0,0.018
56.0,attacker[0],1,0.012,0.0169,0.035503,0.009,0.50175,0.183333,1.0,0.0,1.0,0.027
980.0,ue[3],0,0.0,0.0,0.0,0.0,0.5,1.0,0.0,0.0,0.0,0.0
781.0,ue[2],0,0.0,0.0,0.0,0.0,0.5,1.0,0.0,0.0,0.0,0.013
373.0,ue[4],0,0.0,0.0,0.0,0.0,0.5,1.0,0.0,0.0,0.0,0.019
853.0,ue[2],0,0.0,0.0,0.0,0.0,0.5,1.0,0.0,0.0,0.0,0.0
1413.0,attacker[0],1,0.0,0.0,0.0,0.0,0.5,1.0,0.0,0.0,0.0,0.0
619.0,attacker[0],1,0.0,0.0,0.0,0.0,0.5,1.0,0.0,0.0,0.0,0.03
1018.0,attacker[2],1,0.0,0.0,0.0,0.0,0.5,1.0,0.0,0.0,0.0,0.0
550.0,attacker[1],1,0.0,0.0,0.0,0.0,0.5,1.0,0.0,0.0,0.0,0.029
661.0,ue[3],0,0.0,0.0,0.0,0.0,0.5,1.0,0.0,0.0,0.0,0.018
435.0,ue[1],0,0.0,0.0,0.0,0.0,0.5,1.0,0.0,0.0,0.0,0.022
490.0,ue[0],0,0.0,0.0,0.0,0.0,0.5,1.0,0.0,0.0,0.0,0.022
922.0,ue[1],0,0.0,0.0,0.0,0.0,0.5,1.0,0.0,0.0,0.0,0.0
820.0,ue[0],0,0.0,0.0,0.0,0.0,0.5,1.0,0.0,0.0,0.0,0.0
1131.0,ue[3],0,0.0,0.0,0.0,0.0,0.5,1.0,0.0,0.0,0.0,0.0
342.0,attacker[1],1,0.0,0.0,0.0,0.0,0.5,1.0,0.0,0.0,0.0,0.029
362.0,ue[2],0,0.0,0.0,0.0,0.0,0.5,1.0,0.0,0.0,0.0,0.02
671.0,ue[1],0,0.0,0.0,0.0,0.0,0.5,1.0,0.0,0.0,0.0,0.018
1441.0,ue[2],0,0.0,0.0,0.0,0.0,0.5,1.0,0.0,0.0,0.0,0.0
780.0,ue[2],0,0.0,0.0,0.0,0.0,0.5,1.0,0.0,0.0,0.0,0.013
1061.0,attacker[0],1,0.0,0.0,0.0,0.0,0.5,1.0,0.0,0.0,0.0,0.0
1436.0,attacker[1],1,0.0,0.0,0.0,0.0,0.5,1.0,0.0,0.0,0.0,0.0
141.0,ue[1],0,0.007,0.0095,0.036842,0.003,0.49975,0.466667,1.0,0.0,1.0,0.022
671.0,attacker[0],1,0.0,0.0,0.0,0.0,0.5,1.0,0.0,0.0,0.0,0.03
830.0,attacker[0],1,0.0,0.0,0.0,0.0,0.5,1.0,0.0,0.0,0.0,0.0
992.0,ue[2],0,0.0,0.0,0.0,0.0,0.5,1.0,0.0,0.0,0.0,0.0
951.0,attacker[0],1,0.0,0.0,0.0,0.0,0.5,1.0,0.0,0.0,0.0,0.0
188.0,ue[0],0,0.006,0.0086,0.034884,0.001,0.498083,0.623333,1.0,0.0,1.0,0.018
1374.0,attacker[0],1,0.0,0.0,0.0,0.0,0.5,1.0,0.0,0.0,0.0,0.0
483.0,ue[1],0,0.0,0.0,0.0,0.0,0.5,1.0,0.0,0.0,0.0,0.022
203.0,ue[0],0,0.006,0.0096,0.03125,0.001,0.49875,0.673333,1.0,0.0,1.0,0.018
1449.0,ue[2],0,0.0,0.0,0.0,0.0,0.5,1.0,0.0,0.0,0.0,0.0
14.0,ue[2],0,0.005,0.0099,0.025253,0.005,0.49775,0.043333,1.0,0.0,0.5,0.015
422.0,attacker[1],1,0.0,0.0,0.0,0.0,0.5,1.0,0.0,0.0,0.0,0.029
630.0,attacker[0],1,0.0,0.0,0.0,0.0,0.5,1.0,0.0,0.0,0.0,0.03
489.0,ue[0],0,0.0,0.0,0.0,0.0,0.5,1.0,0.0,0.0,0.0,0.022
1467.0,ue[0],0,0.0,0.0,0.0,0.0,0.5,1.0,0.0,0.0,0.0,0.0
563.0,ue[2],0,0.0,0.0,0.0,0.0,0.5,1.0,0.0,0.0,0.0,0.02
888.0,ue[0],0,0.0,0.0,0.0,0.0,0.5,1.0,0.0,0.0,0.0,0.0
313.0,attacker[1],1,0.0,0.0,0.0,0.0,0.5,1.0,0.366667,0.0,0.0,0.029
790.0,ue[2],0,0.0,0.0,0.0,0.0,0.5,1.0,0.0,0.0,0.0,0.012
893.0,ue[2],0,0.0,0.0,0.0,0.0,0.5,1.0,0.0,0.0,0.0,0.0
9.0,attacker[0],1,0.023,0.0144,0.079861,0.004,0.504,0.026667,0.9,0.428393,0.3,0.023
936.0,ue[4],0,0.0,0.0,0.0,0.0,0.5,1.0,0.0,0.0,0.0,0.0
339.0,ue[0],0,0.0,0.0,0.0,0.0,0.5,1.0,0.0,0.0,0.0,0.022
239.0,ue[0],0,0.014,0.0105,0.066667,0.007,0.500417,0.793333,1.0,0.059628,1.0,0.018
773.0,ue[1],0,0.0,0.0,0.0,0.0,0.5,1.0,0.0,0.0,0.0,0.018
678.0,attacker[2],1,0.0,0.0,0.0,0.0,0.5,1.0,0.0,0.0,0.0,0.03
1017.0,ue[4],0,0.0,0.0,0.0,0.0,0.5,1.0,0.0,0.0,0.0,0.0
1174.0,ue[0],0,0.0,0.0,0.0,0.0,0.5,1.0,0.0,0.0,0.0,0.0
1145.0,attacker[2],1,0.0,0.0,0.0,0.0,0.5,1.0,0.0,0.0,0.0,0.0
137.0,attacker[2],1,0.014,0.0173,0.040462,0.001,0.496917,0.453333,1.0,0.115257,1.0,0.025
1194.0,ue[2],0,0.0,0.0,0.0,0.0,0.5,1.0,0.0,0.0,0.0,0.0
434.0,ue[2],0,0.0,0.0,0.0,0.0,0.5,1.0,0.0,0.0,0.0,0.02
868.0,attacker[1],1,0.0,0.0,0.0,0.0,0.5,1.0,0.0,0.0,0.0,0.0
1395.0,attacker[0],1,0.0,0.0,0.0,0.0,0.5,1.0,0.0,0.0,0.0,0.0
394.0,ue[1],0,0.0,0.0,0.0,0.0,0.5,1.0,0.0,0.0,0.0,0.022
44.0,attacker[1],1,0.019,0.0172,0.055233,0.005,0.50325,0.143333,1.0,0.288926,1.0,0.029
373.0,attacker[1],1,0.0,0.0,0.0,0.0,0.5,1.0,0.0,0.0,0.0,0.029
308.0,ue[1],0,0.0,0.0,0.0,0.0,0.5,1.0,0.533333,0.0,0.0,0.022
260.0,ue[4],0,0.012,0.01,0.06,0.002,0.501167,0.863333,1.0,0.0,1.0,0.019
379.0,ue[4],0,0.0,0.0,0.0,0.0,0.5,1.0,0.0,0.0,0.0,0.019
1115.0,ue[0],0,0.0,0.0,0.0,0.0,0.5,1.0,0.0,0.0,0.0,0.0
246.0,ue[3],0,0.011,0.0093,0.05914,0.002,0.501,0.816667,1.0,0.0,1.0,0.018
180.0,attacker[0],1,0.022,0.0165,0.066667,0.005,0.501583,0.596667,1.0,0.305385,1.0,0.027
1329.0,ue[4],0,0.0,0.0,0.0,0.0,0.5,1.0,0.0,0.0,0.0,0.0
450.0,ue[4],0,0.0,0.0,0.0,0.0,0.5,1.0,0.0,0.0,0.0,0.019
187.0,attacker[1],1,0.016,0.0161,0.049689,0.002,0.4995,0.62,1.0,0.29192,1.0,0.029
537.0,ue[3],0,0.0,0.0,0.0,0.0,0.5,1.0,0.0,0.0,0.0,0.018
955.0,ue[3],0,0.0,0.0,0.0,0.0,0.5,1.0,0.0,0.0,0.0,0.0
1262.0,ue[3],0,0.0,0.0,0.0,0.0,0.5,1.0,0.0,0.0,0.0,0.0
1498.0,attacker[1],1,0.0,0.0,0.0,0.0,0.5,1.0,0.0,0.0,0.0,0.0
5.0,ue[0],0,0.006,0.008167,0.036735,0.002,0.498833,0.013333,1.0,0.0,0.2,0.011
294.0,ue[4],0,0.014,0.0119,0.058824,0.004,0.504,0.976667,1.0,0.0,1.0,0.019
1093.0,ue[2],0,0.0,0.0,0.0,0.0,0.5,1.0,0.0,0.0,0.0,0.0
1493.0,ue[4],0,0.0,0.0,0.0,0.0,0.5,1.0,0.0,0.0,0.0,0.0
697.0,attacker[0],1,0.0,0.0,0.0,0.0,0.5,1.0,0.0,0.0,0.0,0.03
3.0,attacker[0],1,0.015,0.01075,0.069767,0.003,0.5,0.006667,0.75,0.104056,0.1,0.018
414.0,ue[1],0,0.0,0.0,0.0,0.0,0.5,1.0,0.0,0.0,0.0,0.022
334.0,ue[4],0,0.0,0.0,0.0,0.0,0.5,1.0,0.0,0.0,0.0,0.019
257.0,ue[4],0,0.014,0.0093,0.075269,0.007,0.500083,0.853333,1.0,0.0,1.0,0.019
1255.0,ue[0],0,0.0,0.0,0.0,0.0,0.5,1.0,0.0,0.0,0.0,0.0
1078.0,ue[3],0,0.0,0.0,0.0,0.0,0.5,1.0,0.0,0.0,0.0,0.0
860.0,attacker[1],1,0.0,0.0,0.0,0.0,0.5,1.0,0.0,0.0,0.0,0.0
1075.0,ue[1],0,0.0,0.0,0.0,0.0,0.5,1.0,0.0,0.0,0.0,0.0
706.0,ue[3],0,0.0,0.0,0.0,0.0,0.5,1.0,0.0,0.0,0.0,0.018
183.0,attacker[1],1,0.02,0.0157,0.063694,0.004,0.502333,0.606667,1.0,0.268216,1.0,0.029
385.0,ue[1],0,0.0,0.0,0.0,0.0,0.5,1.0,0.0,0.0,0.0,0.022
1337.0,ue[1],0,0.0,0.0,0.0,0.0,0.5,1.0,0.0,0.0,0.0,0.0
122.0,attacker[0],1,0.013,0.0167,0.038922,0.007,0.500083,0.403333,1.0,0.04092,1.0,0.027
67.0,attacker[0],1,0.018,0.015,0.06,0.001,0.502917,0.22,1.0,0.244533,1.0,0.027
1089.0,ue[4],0,0.0,0.0,0.0,0.0,0.5,1.0,0.0,0.0,0.0,0.0
1469.0,attacker[1],1,0.0,0.0,0.0,0.0,0.5,1.0,0.0,0.0,0.0,0.0
1115.0,ue[4],0,0.0,0.0,0.0,0.0,0.5,1.0,0.0,0.0,0.0,0.0
1432.0,ue[3],0,0.0,0.0,0.0,0.0,0.5,1.0,0.0,0.0,0.0,0.0
141.0,attacker[0],1,0.018,0.0148,0.060811,0.007,0.500417,0.466667,1.0,0.286165,1.0,0.027
1123.0,ue[3],0,0.0,0.0,0.0,0.0,0.5,1.0,0.0,0.0,0.0,0.0
1283.0,ue[4],0,0.0,0.0,0.0,0.0,0.5,1.0,0.0,0.0,0.0,0.0
767.0,ue[3],0,0.0,0.0,0.0,0.0,0.5,1.0,0.0,0.0,0.0,0.015
453.0,ue[3],0,0.0,0.0,0.0,0.0,0.5,1.0,0.0,0.0,0.0,0.018
1443.0,ue[0],0,0.0,0.0,0.0,0.0,0.5,1.0,0.0,0.0,0.0,0.0
1345.0,ue[2],0,0.0,0.0,0.0,0.0,0.5,1.0,0.0,0.0,0.0,0.0
623.0,ue[4],0,0.0,0.0,0.0,0.0,0.5,1.0,0.0,0.0,0.0,0.018
974.0,ue[0],0,0.0,0.0,0.0,0.0,0.5,1.0,0.0,0.0,0.0,0.0
1022.0,attacker[1],1,0.0,0.0,0.0,0.0,0.5,1.0,0.0,0.0,0.0,0.0
989.0,ue[1],0,0.0,0.0,0.0,0.0,0.5,1.0,0.0,0.0,0.0,0.0
81.0,attacker[1],1,0.016,0.0188,0.042553,0.003,0.49875,0.266667,1.0,0.123504,1.0,0.029
1029.0,attacker[0],1,0.0,0.0,0.0,0.0,0.5,1.0,0.0,0.0,0.0,0.0
506.0,ue[2],0,0.0,0.0,0.0,0.0,0.5,1.0,0.0,0.0,0.0,0.02
714.0,attacker[2],1,0.0,0.0,0.0,0.0,0.5,1.0,0.0,0.0,0.0,0.03
1365.0,attacker[0],1,0.0,0.0,0.0,0.0,0.5,1.0,0.0,0.0,0.0,0.0
851.0,ue[3],0,0.0,0.0,0.0,0.0,0.5,1.0,0.0,0.0,0.0,0.0
1013.0,attacker[2],1,0.0,0.0,0.0,0.0,0.5,1.0,0.0,0.0,0.0,0.0
1045.0,ue[0],0,0.0,0.0,0.0,0.0,0.5,1.0,0.0,0.0,0.0,0.0
428.0,ue[3],0,0.0,0.0,0.0,0.0,0.5,1.0,0.0,0.0,0.0,0.018
870.0,attacker[0],1,0.0,0.0,0.0,0.0,0.5,1.0,0.0,0.0,0.0,0.0
987.0,attacker[1],1,0.0,0.0,0.0,0.0,0.5,1.0,0.0,0.0,0.0,0.0
790.0,ue[4],0,0.0,0.0,0.0,0.0,0.5,1.0,0.0,0.0,0.0,0.018
838.0,attacker[1],1,0.0,0.0,0.0,0.0,0.5,1.0,0.0,0.0,0.0,0.0
114.0,ue[2],0,0.014,0.0111,0.063063,0.001,0.501417,0.376667,1.0,0.095369,1.0,0.018
1304.0,ue[2],0,0.0,0.0,0.0,0.0,0.5,1.0,0.0,0.0,0.0,0.0
148.0,ue[1],0,0.009,0.0087,0.051724,0.002,0.499333,0.49,1.0,0.0,1.0,0.022
462.0,attacker[1],1,0.0,0.0,0.0,0.0,0.5,1.0,0.0,0.0,0.0,0.029
1493.0,attacker[1],1,0.0,0.0,0.0,0.0,0.5,1.0,0.0,0.0,0.0,0.0
551.0,ue[0],0,0.0,0.0,0.0,0.0,0.5,1.0,0.0,0.0,0.0,0.022
1393.0,ue[3],0,0.0,0.0,0.0,0.0,0.5,1.0,0.0,0.0,0.0,0.0
1176.0,ue[0],0,0.0,0.0,0.0,0.0,0.5,1.0,0.0,0.0,0.0,0.0
961.0,ue[1],0,0.0,0.0,0.0,0.0,0.5,1.0,0.0,0.0,0.0,0.0
1220.0,ue[3],0,0.0,0.0,0.0,0.0,0.5,1.0,0.0,0.0,0.0,0.0
1230.0,attacker[1],1,0.0,0.0,0.0,0.0,0.5,1.0,0.0,0.0,0.0,0.0
173.0,ue[1],0,0.009,0.0096,0.046875,0.007,0.501417,0.573333,1.0,0.0,1.0,0.022
1404.0,attacker[0],1,0.0,0.0,0.0,0.0,0.5,1.0,0.0,0.0,0.0,0.0
710.0,attacker[1],1,0.0,0.0,0.0,0.0,0.5,1.0,0.0,0.0,0.0,0.025
800.0,ue[3],0,0.0,0.0,0.0,0.0,0.5,1.0,0.0,0.0,0.0,0.0
1276.0,ue[3],0,0.0,0.0,0.0,0.0,0.5,1.0,0.0,0.0,0.0,0.0
790.0,attacker[2],1,0.0,0.0,0.0,0.0,0.5,1.0,0.0,0.0,0.0,0.02
115.0,ue[0],0,0.008,0.01,0.04,0.0,0.499,0.38,1.0,0.0,1.0,0.018
1383.0,attacker[2],1,0.0,0.0,0.0,0.0,0.5,1.0,0.0,0.0,0.0,0.0
1157.0,attacker[0],1,0.0,0.0,0.0,0.0,0.5,1.0,0.0,0.0,0.0,0.0
91.0,attacker[0],1,0.013,0.0151,0.043046,0.004,0.499167,0.3,1.0,0.172765,1.0,0.027
842.0,ue[4],0,0.0,0.0,0.0,0.0,0.5,1.0,0.0,0.0,0.0,0.0
1375.0,attacker[1],1,0.0,0.0,0.0,0.0,0.5,1.0,0.0,0.0,0.0,0.0
985.0,ue[3],0,0.0,0.0,0.0,0.0,0.5,1.0,0.0,0.0,0.0,0.0
719.0,attacker[0],1,0.0,0.0,0.0,0.0,0.5,1.0,0.0,0.0,0.0,0.03
1290.0,ue[0],0,0.0,0.0,0.0,0.0,0.5,1.0,0.0,0.0,0.0,0.0
153.0,ue[1],0,0.009,0.0094,0.047872,0.001,0.49875,0.506667,1.0,0.0,1.0,0.022
463.0,attacker[1],1,0.0,0.0,0.0,0.0,0.5,1.0,0.0,0.0,0.0,0.029
169.0,attacker[0],1,0.012,0.0181,0.033149,0.006,0.497167,0.56,1.0,0.032026,1.0,0.027
462.0,attacker[2],1,0.0,0.0,0.0,0.0,0.5,1.0,0.0,0.0,0.0,0.03
774.0,attacker[2],1,0.0,0.0,0.0,0.0,0.5,1.0,0.0,0.0,0.0,0.025
420.0,ue[2],0,0.0,0.0,0.0,0.0,0.5,1.0,0.0,0.0,0.0,0.02
179.0,ue[1],0,0.009,0.0108,0.041667,0.004,0.499,0.593333,1.0,0.0,1.0,0.022
1002.0,attacker[0],1,0.0,0.0,0.0,0.0,0.5,1.0,0.0,0.0,0.0,0.0
22.0,attacker[1],1,0.025,0.0166,0.075301,0.007,0.50325,0.07,0.956522,0.401904,0.733333,0.029
131.0,ue[2],0,0.007,0.0096,0.036458,0.001,0.497417,0.433333,1.0,0.0,1.0,0.018
613.0,ue[2],0,0.0,0.0,0.0,0.0,0.5,1.0,0.0,0.0,0.0,0.02
477.0,ue[0],0,0.0,0.0,0.0,0.0,0.5,1.0,0.0,0.0,0.0,0.022
146.0,ue[4],0,0.008,0.0116,0.034483,0.005,0.49875,0.483333,1.0,0.0,1.0,0.019
1328.0,ue[2],0,0.0,0.0,0.0,0.0,0.5,1.0,0.0,0.0,0.0,0.0
1067.0,ue[1],0,0.0,0.0,0.0,0.0,0.5,1.0,0.0,0.0,0.0,0.0
1340.0,ue[1],0,0.0,0.0,0.0,0.0,0.5,1.0,0.0,0.0,0.0,0.0
904.0,ue[1],0,0.0,0.0,0.0,0.0,0.5,1.0,0.0,0.0,0.0,0.0
565.0,ue[3],0,0.0,0.0,0.0,0.0,0.5,1.0,0.0,0.0,0.0,0.018
1498.0,ue[3],0,0.0,0.0,0.0,0.0,0.5,1.0,0.0,0.0,0.0,0.0
1101.0,ue[1],0,0.0,0.0,0.0,0.0,0.5,1.0,0.0,0.0,0.0,0.0
1077.0,ue[2],0,0.0,0.0,0.0,0.0,0.5,1.0,0.0,0.0,0.0,0.0
82.0,ue[0],0,0.005,0.0113,0.022124,0.009,0.49975,0.27,1.0,0.0,1.0,0.018
787.0,ue[2],0,0.0,0.0,0.0,0.0,0.5,1.0,0.0,0.0,0.0,0.013
680.0,ue[1],0,0.0,0.0,0.0,0.0,0.5,1.0,0.0,0.0,0.0,0.018
1014.0,ue[1],0,0.0,0.0,0.0,0.0,0.5,1.0,0.0,0.0,0.0,0.0
1164.0,ue[0],0,0.0,0.0,0.0,0.0,0.5,1.0,0.0,0.0,0.0,0.0
1340.0,ue[4],0,0.0,0.0,0.0,0.0,0.5,1.0,0.0,0.0,0.0,0.0
637.0,attacker[2],1,0.0,0.0,0.0,0.0,0.5,1.0,0.0,0.0,0.0,0.03
810.0,ue[2],0,0.0,0.0,0.0,0.0,0.5,1.0,0.0,0.0,0.0,0.0
782.0,ue[0],0,0.0,0.0,0.0,0.0,0.5,1.0,0.0,0.0,0.0,0.013
61.0,ue[0],0,0.016,0.0117,0.068376,0.006,0.501833,0.2,1.0,0.204598,1.0,0.018
888.0,ue[2],0,0.0,0.0,0.0,0.0,0.5,1.0,0.0,0.0,0.0,0.0
972.0,attacker[2],1,0.0,0.0,0.0,0.0,0.5,1.0,0.0,0.0,0.0,0.0
742.0,ue[2],0,0.0,0.0,0.0,0.0,0.5,1.0,0.0,0.0,0.0,0.014
1464.0,ue[3],0,0.0,0.0,0.0,0.0,0.5,1.0,0.0,0.0,0.0,0.0
1024.0,ue[2],0,0.0,0.0,0.0,0.0,0.5,1.0,0.0,0.0,0.0,0.0
1329.0,ue[1],0,0.0,0.0,0.0,0.0,0.5,1.0,0.0,0.0,0.0,0.0
478.0,ue[4],0,0.0,0.0,0.0,0.0,0.5,1.0,0.0,0.0,0.0,0.019
695.0,attacker[2],1,0.0,0.0,0.0,0.0,0.5,1.0,0.0,0.0,0.0,0.03
1190.0,attacker[0],1,0.0,0.0,0.0,0.0,0.5,1.0,0.0,0.0,0.0,0.0
1428.0,attacker[1],1,0.0,0.0,0.0,0.0,0.5,1.0,0.0,0.0,0.0,0.0
429.0,ue[2],0,0.0,0.0,0.0,0.0,0.5,1.0,0.0,0.0,0.0,0.02
291.0,attacker[1],1,0.016,0.0164,0.04878,0.002,0.500833,0.966667,1.0,0.16531,1.0,0.029
1286.0,ue[4],0,0.0,0.0,0.0,0.0,0.5,1.0,0.0,0.0,0.0,0.0
1498.0,ue[1],0,0.0,0.0,0.0,0.0,0.5,1.0,0.0,0.0,0.0,0.0
1403.0,ue[3],0,0.0,0.0,0.0,0.0,0.5,1.0,0.0,0.0,0.0,0.0
1469.0,ue[4],0,0.0,0.0,0.0,0.0,0.5,1.0,0.0,0.0,0.0,0.0
757.0,ue[1],0,0.0,0.0,0.0,0.0,0.5,1.0,0.0,0.0,0.0,0.018
1072.0,attacker[0],1,0.0,0.0,0.0,0.0,0.5,1.0,0.0,0.0,0.0,0.0
1331.0,ue[1],0,0.0,0.0,0.0,0.0,0.5,1.0,0.0,0.0,0.0,0.0
441.0,ue[2],0,0.0,0.0,0.0,0.0,0.5,1.0,0.0,0.0,0.0,0.02
309.0,ue[1],0,0.0,0.0,0.0,0.0,0.5,1.0,0.5,0.0,0.0,0.022
325.0,ue[4],0,0.0,0.0,0.0,0.0,0.5,1.0,0.0,0.0,0.0,0.019
958.0,ue[2],0,0.0,0.0,0.0,0.0,0.5,1.0,0.0,0.0,0.0,0.0
483.0,ue[2],0,0.0,0.0,0.0,0.0,0.5,1.0,0.0,0.0,0.0,0.02
520.0,ue[1],0,0.0,0.0,0.0,0.0,0.5,1.0,0.0,0.0,0.0,0.022
1365.0,ue[2],0,0.0,0.0,0.0,0.0,0.5,1.0,0.0,0.0,0.0,0.0
68.0,ue[1],0,0.011,0.0116,0.047414,0.001,0.499917,0.223333,1.0,0.0,1.0,0.022
63.0,ue[0],0,0.004,0.0091,0.021978,0.001,0.496083,0.206667,1.0,0.0,1.0,0.018
498.0,ue[2],0,0.0,0.0,0.0,0.0,0.5,1.0,0.0,0.0,0.0,0.02
649.0,attacker[0],1,0.0,0.0,0.0,0.0,0.5,1.0,0.0,0.0,0.0,0.03
174.0,ue[2],0,0.007,0.0105,0.033333,0.004,0.498333,0.576667,1.0,0.0,1.0,0.018
64.0,ue[3],0,0.01,0.0104,0.048077,0.001,0.49975,0.21,1.0,0.0,1.0,0.015
523.0,attacker[0],1,0.0,0.0,0.0,0.0,0.5,1.0,0.0,0.0,0.0,0.03
530.0,ue[3],0,0.0,0.0,0.0,0.0,0.5,1.0,0.0,0.0,0.0,0.018
411.0,ue[4],0,0.0,0.0,0.0,0.0,0.5,1.0,0.0,0.0,0.0,0.019
608.0,ue[0],0,0.0,0.0,0.0,0.0,0.5,1.0,0.0,0.0,0.0,0.022
205.0,ue[4],0,0.008,0.012,0.033333,0.003,0.497917,0.68,1.0,0.0,1.0,0.019
946.0,ue[0],0,0.0,0.0,0.0,0.0,0.5,1.0,0.0,0.0,0.0,0.0
160.0,ue[0],0,0.015,0.0105,0.071429,0.003,0.50325,0.53,1.0,0.122132,1.0,0.018
126.0,attacker[0],1,0.018,0.0157,0.057325,0.005,0.500583,0.416667,1.0,0.15535,1.0,0.027
424.0,attacker[2],1,0.0,0.0,0.0,0.0,0.5,1.0,0.0,0.0,0.0,0.03
553.0,attacker[0],1,0.0,0.0,0.0,0.0,0.5,1.0,0.0,0.0,0.0,0.03
115.0,ue[1],0,0.01,0.009,0.055556,0.001,0.500417,0.38,1.0,0.0,1.0,0.022
537.0,ue[2],0,0.0,0.0,0.0,0.0,0.5,1.0,0.0,0.0,0.0,0.02
812.0,ue[1],0,0.0,0.0,0.0,0.0,0.5,1.0,0.0,0.0,0.0,0.0
426.0,ue[2],0,0.0,0.0,0.0,0.0,0.5,1.0,0.0,0.0,0.0,0.02
671.0,ue[3],0,0.0,0.0,0.0,0.0,0.5,1.0,0.0,0.0,0.0,0.018
221.0,attacker[1],1,0.017,0.015,0.056667,0.003,0.50125,0.733333,1.0,0.238633,1.0,0.029
106.0,ue[2],0,0.014,0.0101,0.069307,0.004,0.502,0.35,1.0,0.10328,1.0,0.018
283.0,ue[1],0,0.018,0.0093,0.096774,0.012,0.501,0.94,1.0,0.214606,1.0,0.022
716.0,attacker[1],1,0.0,0.0,0.0,0.0,0.5,1.0,0.0,0.0,0.0,0.025
1262.0,attacker[2],1,0.0,0.0,0.0,0.0,0.5,1.0,0.0,0.0,0.0,0.0
787.0,ue[0],0,0.0,0.0,0.0,0.0,0.5,1.0,0.0,0.0,0.0,0.013
503.0,ue[2],0,0.0,0.0,0.0,0.0,0.5,1.0,0.0,0.0,0.0,0.02
1326.0,attacker[2],1,0.0,0.0,0.0,0.0,0.5,1.0,0.0,0.0,0.0,0.0
249.0,ue[2],0,0.012,0.0105,0.057143,0.001,0.500917,0.826667,1.0,0.061453,1.0,0.02
1465.0,attacker[0],1,0.0,0.0,0.0,0.0,0.5,1.0,0.0,0.0,0.0,0.0
1466.0,ue[2],0,0.0,0.0,0.0,0.0,0.5,1.0,0.0,0.0,0.0,0.0
1490.0,ue[2],0,0.0,0.0,0.0,0.0,0.5,1.0,0.0,0.0,0.0,0.0
64.0,attacker[0],1,0.008,0.0151,0.02649,0.009,0.498917,0.21,1.0,0.0,1.0,0.027
889.0,ue[0],0,0.0,0.0,0.0,0.0,0.5,1.0,0.0,0.0,0.0,0.0
887.0,ue[4],0,0.0,0.0,0.0,0.0,0.5,1.0,0.0,0.0,0.0,0.0
873.0,ue[1],0,0.0,0.0,0.0,0.0,0.5,1.0,0.0,0.0,0.0,0.0
638.0,ue[4],0,0.0,0.0,0.0,0.0,0.5,1.0,0.0,0.0,0.0,0.018
624.0,attacker[1],1,0.0,0.0,0.0,0.0,0.5,1.0,0.0,0.0,0.0,0.029
773.0,ue[2],0,0.0,0.0,0.0,0.0,0.5,1.0,0.0,0.0,0.0,0.013
445.0,ue[1],0,0.0,0.0,0.0,0.0,0.5,1.0,0.0,0.0,0.0,0.022
157.0,ue[3],0,0.014,0.0099,0.070707,0.004,0.501333,0.52,1.0,0.180502,1.0,0.017
763.0,ue[3],0,0.0,0.0,0.0,0.0,0.5,1.0,0.0,0.0,0.0,0.015
1365.0,ue[3],0,0.0,0.0,0.0,0.0,0.5,1.0,0.0,0.0,0.0,0.0
7.0,attacker[1],1,0.02,0.01625,0.061538,0.0,0.501167,0.02,0.875,0.342802,0.233333,0.029
89.0,ue[4],0,0.005,0.0078,0.032051,0.008,0.500667,0.293333,1.0,0.0,1.0,0.019
816.0,ue[1],0,0.0,0.0,0.0,0.0,0.5,1.0,0.0,0.0,0.0,0.0
621.0,ue[2],0,0.0,0.0,0.0,0.0,0.5,1.0,0.0,0.0,0.0,0.02
240.0,ue[3],0,0.013,0.0103,0.063107,0.005,0.500083,0.796667,1.0,0.0,1.0,0.018
672.0,attacker[2],1,0.0,0.0,0.0,0.0,0.5,1.0,0.0,0.0,0.0,0.03
1336.0,ue[3],0,0.0,0.0,0.0,0.0,0.5,1.0,0.0,0.0,0.0,0.0
337.0,ue[1],0,0.0,0.0,0.0,0.0,0.5,1.0,0.0,0.0,0.0,0.022
1444.0,attacker[2],1,0.0,0.0,0.0,0.0,0.5,1.0,0.0,0.0,0.0,0.0
579.0,attacker[2],1,0.0,0.0,0.0,0.0,0.5,1.0,0.0,0.0,0.0,0.03
32.0,attacker[0],1,0.012,0.0168,0.035714,0.005,0.50025,0.103333,1.0,0.014949,1.0,0.027
1211.0,ue[0],0,0.0,0.0,0.0,0.0,0.5,1.0,0.0,0.0,0.0,0.0
1045.0,attacker[1],1,0.0,0.0,0.0,0.0,0.5,1.0,0.0,0.0,0.0,0.0
1219.0,ue[2],0,0.0,0.0,0.0,0.0,0.5,1.0,0.0,0.0,0.0,0.0
659.0,ue[2],0,0.0,0.0,0.0,0.0,0.5,1.0,0.0,0.0,0.0,0.02
204.0,ue[2],0,0.017,0.0115,0.073913,0.003,0.502417,0.676667,1.0,0.173386,1.0,0.018
279.0,ue[4],0,0.012,0.0098,0.061224,0.003,0.500583,0.926667,1.0,0.0508,1.0,0.019
1269.0,ue[4],0,0.0,0.0,0.0,0.0,0.5,1.0,0.0,0.0,0.0,0.0
339.0,attacker[1],1,0.0,0.0,0.0,0.0,0.5,1.0,0.0,0.0,0.0,0.029
791.0,attacker[2],1,0.0,0.0,0.0,0.0,0.5,1.0,0.0,0.0,0.0,0.02
1400.0,ue[1],0,0.0,0.0,0.0,0.0,0.5,1.0,0.0,0.0,0.0,0.0
846.0,attacker[2],1,0.0,0.0,0.0,0.0,0.5,1.0,0.0,0.0,0.0,0.0
802.0,ue[3],0,0.0,0.0,0.0,0.0,0.5,1.0,0.0,0.0,0.0,0.0
337.0,attacker[2],1,0.0,0.0,0.0,0.0,0.5,1.0,0.0,0.0,0.0,0.03
573.0,attacker[0],1,0.0,0.0,0.0,0.0,0.5,1.0,0.0,0.0,0.0,0.03
668.0,attacker[0],1,0.0,0.0,0.0,0.0,0.5,1.0,0.0,0.0,0.0,0.03
1136.0,ue[3],0,0.0,0.0,0.0,0.0,0.5,1.0,0.0,0.0,0.0,0.0
451.0,ue[4],0,0.0,0.0,0.0,0.0,0.5,1.0,0.0,0.0,0.0,0.019
1117.0,ue[2],0,0.0,0.0,0.0,0.0,0.5,1.0,0.0,0.0,0.0,0.0
71.0,ue[0],0,0.003,0.0073,0.020548,0.004,0.4975,0.233333,1.0,0.0,1.0,0.018
513.0,attacker[0],1,0.0,0.0,0.0,0.0,0.5,1.0,0.0,0.0,0.0,0.03
731.0,ue[0],0,0.0,0.0,0.0,0.0,0.5,1.0,0.0,0.0,0.0,0.022
1095.0,attacker[0],1,0.0,0.0,0.0,0.0,0.5,1.0,0.0,0.0,0.0,0.0
757.0,attacker[2],1,0.0,0.0,0.0,0.0,0.5,1.0,0.0,0.0,0.0,0.026
1098.0,attacker[1],1,0.0,0.0,0.0,0.0,0.5,1.0,0.0,0.0,0.0,0.0
277.0,ue[0],0,0.013,0.0123,0.052846,0.001,0.50075,0.92,1.0,0.096309,1.0,0.022
155.0,attacker[1],1,0.016,0.0159,0.050314,0.005,0.499417,0.513333,1.0,0.130013,1.0,0.029
1236.0,attacker[0],1,0.0,0.0,0.0,0.0,0.5,1.0,0.0,0.0,0.0,0.0
207.0,ue[2],0,0.014,0.0114,0.061404,0.001,0.500083,0.686667,1.0,0.205151,1.0,0.018
1185.0,ue[0],0,0.0,0.0,0.0,0.0,0.5,1.0,0.0,0.0,0.0,0.0
783.0,attacker[0],1,0.0,0.0,0.0,0.0,0.5,1.0,0.0,0.0,0.0,0.03
1168.0,attacker[1],1,0.0,0.0,0.0,0.0,0.5,1.0,0.0,0.0,0.0,0.0
209.0,ue[1],0,0.01,0.0099,0.050505,0.003,0.50125,0.693333,1.0,0.0,1.0,0.022
193.0,ue[2],0,0.007,0.0098,0.035714,0.001,0.49975,0.64,1.0,0.0,1.0,0.018
405.0,ue[1],0,0.0,0.0,0.0,0.0,0.5,1.0,0.0,0.0,0.0,0.022
993.0,attacker[1],1,0.0,0.0,0.0,0.0,0.5,1.0,0.0,0.0,0.0,0.0
67.0,ue[2],0,0.011,0.0122,0.045082,0.007,0.50075,0.22,1.0,0.0,1.0,0.018
409.0,attacker[1],1,0.0,0.0,0.0,0.0,0.5,1.0,0.0,0.0,0.0,0.029
706.0,ue[1],0,0.0,0.0,0.0,0.0,0.5,1.0,0.0,0.0,0.0,0.018
114.0,attacker[1],1,0.014,0.0157,0.044586,0.001,0.50075,0.376667,1.0,0.095369,1.0,0.029
267.0,ue[3],0,0.01,0.0106,0.04717,0.0,0.499667,0.886667,1.0,0.0,1.0,0.018
202.0,ue[2],0,0.014,0.0099,0.070707,0.004,0.502167,0.67,1.0,0.123917,1.0,0.018
367.0,attacker[2],1,0.0,0.0,0.0,0.0,0.5,1.0,0.0,0.0,0.0,0.03
1037.0,ue[3],0,0.0,0.0,0.0,0.0,0.5,1.0,0.0,0.0,0.0,0.0
1069.0,attacker[1],1,0.0,0.0,0.0,0.0,0.5,1.0,0.0,0.0,0.0,0.0
1303.0,ue[2],0,0.0,0.0,0.0,0.0,0.5,1.0,0.0,0.0,0.0,0.0
604.0,ue[1],0,0.0,0.0,0.0,0.0,0.5,1.0,0.0,0.0,0.0,0.02
1140.0,attacker[2],1,0.0,0.0,0.0,0.0,0.5,1.0,0.0,0.0,0.0,0.0
868.0,ue[1],0,0.0,0.0,0.0,0.0,0.5,1.0,0.0,0.0,0.0,0.0
763.0,ue[0],0,0.0,0.0,0.0,0.0,0.5,1.0,0.0,0.0,0.0,0.022
37.0,ue[0],0,0.012,0.0102,0.058824,0.0,0.501167,0.12,1.0,0.0,1.0,0.018
1419.0,ue[4],0,0.0,0.0,0.0,0.0,0.5,1.0,0.0,0.0,0.0,0.0
1264.0,attacker[2],1,0.0,0.0,0.0,0.0,0.5,1.0,0.0,0.0,0.0,0.0
1002.0,attacker[1],1,0.0,0.0,0.0,0.0,0.5,1.0,0.0,0.0,0.0,0.0
182.0,ue[3],0,0.006,0.0083,0.036145,0.001,0.499417,0.603333,1.0,0.0,1.0,0.017
1181.0,ue[4],0,0.0,0.0,0.0,0.0,0.5,1.0,0.0,0.0,0.0,0.0
823.0,ue[1],0,0.0,0.0,0.0,0.0,0.5,1.0,0.0,0.0,0.0,0.0
259.0,attacker[2],1,0.016,0.0154,0.051948,0.003,0.501917,0.86,1.0,0.218857,1.0,0.03
1006.0,ue[0],0,0.0,0.0,0.0,0.0,0.5,1.0,0.0,0.0,0.0,0.0
63.0,ue[2],0,0.006,0.0097,0.030928,0.011,0.501417,0.206667,1.0,0.0,1.0,0.018
1112.0,attacker[1],1,0.0,0.0,0.0,0.0,0.5,1.0,0.0,0.0,0.0,0.0
1217.0,ue[0],0,0.0,0.0,0.0,0.0,0.5,1.0,0.0,0.0,0.0,0.0
652.0,ue[4],0,0.0,0.0,0.0,0.0,0.5,1.0,0.0,0.0,0.0,0.018
260.0,ue[3],0,0.014,0.0107,0.065421,0.008,0.500167,0.863333,1.0,0.039559,1.0,0.018
871.0,ue[3],0,0.0,0.0,0.0,0.0,0.5,1.0,0.0,0.0,0.0,0.0
788.0,ue[2],0,0.0,0.0,0.0,0.0,0.5,1.0,0.0,0.0,0.0,0.012
19.0,attacker[0],1,0.018,0.0182,0.049451,0.001,0.500583,0.06,0.95,0.31749,0.633333,0.023
576.0,ue[4],0,0.0,0.0,0.0,0.0,0.5,1.0,0.0,0.0,0.0,0.019
425.0,ue[1],0,0.0,0.0,0.0,0.0,0.5,1.0,0.0,0.0,0.0,0.022
610.0,ue[2],0,0.0,0.0,0.0,0.0,0.5,1.0,0.0,0.0,0.0,0.02
461.0,attacker[0],1,0.0,0.0,0.0,0.0,0.5,1.0,0.0,0.0,0.0,0.03
